file_name,aburazemi,higurashi,minminzemi,niiniizemi,tsukutsukuboushi
../TrueNAS/nies_audio_recording/2024/ChirpArray/Akitsu/20240703_1415.wav,0.042414308,0.7779954,0.00061970577,0.0047371387,0.019399002
../TrueNAS/nies_audio_recording/2024/ChirpArray/Akitsu/20240703_1500.wav,0.06781845,0.11456049,0.37301436,0.9884333,0.01998832
../TrueNAS/nies_audio_recording/2024/ChirpArray/Akitsu/20240703_1505.wav,0.028076984,0.016212417,0.0023943782,0.005199112,0.028836355
../TrueNAS/nies_audio_recording/2024/ChirpArray/Akitsu/20240703_1510.wav,0.027367104,0.011838382,0.0009790473,0.0033601075,0.033269532
../TrueNAS/nies_audio_recording/2024/ChirpArray/Akitsu/20240703_1515.wav,0.4481725,0.027327567,0.53132457,0.97883165,0.0023201667
../TrueNAS/nies_audio_recording/2024/ChirpArray/Akitsu/20240703_1605.wav,0.01871714,0.035490073,-0.00412428,0.01183185,0.015245199
../TrueNAS/nies_audio_recording/2024/ChirpArray/Akitsu/20240703_1610.wav,0.020483062,0.042265005,-0.0023357384,0.0167194,0.027303003
../TrueNAS/nies_audio_recording/2024/ChirpArray/Akitsu/20240703_1615.wav,0.03421559,0.9282723,-0.0013490058,0.006035626,0.016254917
../TrueNAS/nies_audio_recording/2024/ChirpArray/Akitsu/20240703_1700.wav,0.03762218,0.89813393,-0.0028123148,0.008457884,0.019760527
../TrueNAS/nies_audio_recording/2024/ChirpArray/Akitsu/20240703_1705.wav,0.019615062,0.20172517,-0.0041364916,0.008455545,0.00849814
../TrueNAS/nies_audio_recording/2024/ChirpArray/Akitsu/20240703_1710.wav,0.017371528,0.02446101,-0.005639542,0.0070592016,0.010786913
../TrueNAS/nies_audio_recording/2024/ChirpArray/Akitsu/20240703_1715.wav,0.030763812,0.0052495096,-0.004575949,0.009665072,0.020461082
../TrueNAS/nies_audio_recording/2024/ChirpArray/Akitsu/20240703_1800.wav,0.07753936,0.92584425,0.018919554,0.976814,0.0004947558
../TrueNAS/nies_audio_recording/2024/ChirpArray/Akitsu/20240703_1805.wav,0.068911314,0.08374764,0.020887773,0.97408015,0.012075223
../TrueNAS/nies_audio_recording/2024/ChirpArray/Akitsu/20240703_1810.wav,0.07900971,0.35832155,0.4134731,0.9874593,-0.012457594
../TrueNAS/nies_audio_recording/2024/ChirpArray/Akitsu/20240703_1815.wav,0.05185419,0.72331333,0.011549365,0.97186595,0.013910703
../TrueNAS/nies_audio_recording/2024/ChirpArray/Akitsu/20240703_1900.wav,0.19180965,0.015582956,0.21153758,0.98206156,-0.02054066
../TrueNAS/nies_audio_recording/2024/ChirpArray/Akitsu/20240703_1905.wav,0.09244478,0.051836528,0.27886495,0.9752,-0.022251103
../TrueNAS/nies_audio_recording/2024/ChirpArray/Akitsu/20240703_1910.wav,0.10726249,0.013618492,0.048309747,0.9827041,-0.025366774
../TrueNAS/nies_audio_recording/2024/ChirpArray/Akitsu/20240703_1915.wav,0.24974129,0.048631944,0.21451043,0.97810143,-0.007427782
../TrueNAS/nies_audio_recording/2024/ChirpArray/Akitsu/20240703_2000.wav,0.020958848,0.0019045845,-0.005222708,0.016568735,0.006320633
../TrueNAS/nies_audio_recording/2024/ChirpArray/Akitsu/20240703_2005.wav,0.017149836,0.001301676,-0.0076540597,0.010889836,0.0051794276
../TrueNAS/nies_audio_recording/2024/ChirpArray/Akitsu/20240703_2010.wav,0.025003761,-0.0005318355,-0.0072453655,0.0150680095,0.0112743005
../TrueNAS/nies_audio_recording/2024/ChirpArray/Akitsu/20240703_2015.wav,0.02059196,0.002706116,-0.007635936,0.008666731,0.01501523
../TrueNAS/nies_audio_recording/2024/ChirpArray/Akitsu/20240703_2100.wav,0.024815772,-0.0007466711,-0.00627942,0.005266249,0.017866164
../TrueNAS/nies_audio_recording/2024/ChirpArray/Akitsu/20240703_2105.wav,0.019916713,0.0009070579,-0.009161394,0.012503162,0.010325164
../TrueNAS/nies_audio_recording/2024/ChirpArray/Akitsu/20240703_2110.wav,0.03888666,0.87482804,-0.006416533,0.01570797,0.007871609
../TrueNAS/nies_audio_recording/2024/ChirpArray/Akitsu/20240703_2115.wav,0.020210564,0.0019411147,-0.0021970198,0.020615458,0.011054806
../TrueNAS/nies_audio_recording/2024/ChirpArray/Akitsu/20240703_2200.wav,0.025104567,0.038593423,-0.002413649,0.011137888,0.012610316
../TrueNAS/nies_audio_recording/2024/ChirpArray/Akitsu/20240703_2205.wav,0.022577967,-0.00074756704,-0.005047813,0.019445524,0.01589404
../TrueNAS/nies_audio_recording/2024/ChirpArray/Akitsu/20240703_2210.wav,0.017033108,0.024554826,-0.008586142,0.0205888,0.0036222674
../TrueNAS/nies_audio_recording/2024/ChirpArray/Akitsu/20240703_2215.wav,0.02154912,-0.003260836,-0.008580729,0.020794667,0.008719467
../TrueNAS/nies_audio_recording/2024/ChirpArray/Akitsu/20240703_2301.wav,0.025308624,0.01191693,-0.007513944,0.007685162,0.017740145
../TrueNAS/nies_audio_recording/2024/ChirpArray/Akitsu/20240703_2310.wav,0.020442713,0.09510279,-0.0027852207,0.0041925013,0.0106827095
../TrueNAS/nies_audio_recording/2024/ChirpArray/Akitsu/20240703_2315.wav,0.0309887,0.0013427958,-0.006905958,0.004590668,0.022957139
../TrueNAS/nies_audio_recording/2024/ChirpArray/Akitsu/20240704_0000.wav,0.026444867,0.0005454235,-0.006280128,0.008163378,0.0090871155
../TrueNAS/nies_audio_recording/2024/ChirpArray/Akitsu/20240704_0100.wav,0.028944876,0.08594089,-0.004185062,0.0059569255,0.007595934
../TrueNAS/nies_audio_recording/2024/ChirpArray/Akitsu/20240704_0105.wav,0.016565531,0.0025961846,-0.0049760602,0.020051524,0.008423403
../TrueNAS/nies_audio_recording/2024/ChirpArray/Akitsu/20240704_0114.wav,0.02823899,0.09802452,-0.004711833,0.019370578,0.012344047
../TrueNAS/nies_audio_recording/2024/ChirpArray/Akitsu/20240704_0200.wav,0.0359162,0.15758426,-0.0022161826,0.010218263,0.086639434
../TrueNAS/nies_audio_recording/2024/ChirpArray/Akitsu/20240704_0210.wav,0.03630688,0.007467646,0.0035624355,0.018269598,0.01996836
../TrueNAS/nies_audio_recording/2024/ChirpArray/Akitsu/20240704_0300.wav,0.029031921,0.1225938,-0.0022258945,0.024262398,0.016407132
../TrueNAS/nies_audio_recording/2024/ChirpArray/Akitsu/20240704_0310.wav,0.029336065,0.088696316,0.00963283,0.03977056,0.0074057356
../TrueNAS/nies_audio_recording/2024/ChirpArray/Akitsu/20240704_0400.wav,0.06622642,0.11880241,0.014651369,0.98827606,0.023676135
../TrueNAS/nies_audio_recording/2024/ChirpArray/Akitsu/20240704_0410.wav,0.08936882,0.68981755,0.056319524,0.9889321,-0.007694483
../TrueNAS/nies_audio_recording/2024/ChirpArray/Akitsu/20240704_0500.wav,0.026611716,0.1579706,-0.001891531,0.010885522,0.006939508
../TrueNAS/nies_audio_recording/2024/ChirpArray/Akitsu/20240704_0510.wav,0.02417247,0.10104293,-0.004411705,0.00856255,0.016176157
../TrueNAS/nies_audio_recording/2024/ChirpArray/Akitsu/20240704_0600.wav,0.02810108,0.28835583,0.00053760037,0.029841468,0.023873448
../TrueNAS/nies_audio_recording/2024/ChirpArray/Akitsu/20240704_0610.wav,0.038473353,0.04453172,0.008328073,0.022980116,0.026491933
../TrueNAS/nies_audio_recording/2024/ChirpArray/Akitsu/20240704_0700.wav,0.022495486,0.0028813817,-0.007913027,0.0055594593,0.014742501
../TrueNAS/nies_audio_recording/2024/ChirpArray/Akitsu/20240704_0710.wav,0.05778621,0.01701548,0.049703326,0.96895677,0.020014524
../TrueNAS/nies_audio_recording/2024/ChirpArray/Akitsu/20240704_0800.wav,0.024554037,0.12621981,0.0009482093,0.011052176,0.03273736
../TrueNAS/nies_audio_recording/2024/ChirpArray/Akitsu/20240704_0810.wav,0.17751904,0.023886718,0.003969822,0.9604723,0.030104212
../TrueNAS/nies_audio_recording/2024/ChirpArray/Akitsu/20240704_0900.wav,0.03385721,0.21392149,-0.0030900724,0.017382145,0.24860734
../TrueNAS/nies_audio_recording/2024/ChirpArray/Akitsu/20240704_0910.wav,0.10546381,0.124312654,0.073727086,0.98554534,0.14804532
../TrueNAS/nies_audio_recording/2024/ChirpArray/Akitsu/20240704_1000.wav,0.03411293,0.3394546,0.0032858364,0.016844377,0.07688753
../TrueNAS/nies_audio_recording/2024/ChirpArray/Akitsu/20240704_1010.wav,0.07631994,0.269534,0.35664627,0.9768816,0.024034604
../TrueNAS/nies_audio_recording/2024/ChirpArray/Akitsu/20240704_1100.wav,0.17488238,0.023389816,0.017282564,0.98151916,0.028343767
../TrueNAS/nies_audio_recording/2024/ChirpArray/Akitsu/20240704_1110.wav,0.0850784,0.020533428,0.003945265,0.95795053,0.041514426
../TrueNAS/nies_audio_recording/2024/ChirpArray/Akitsu/20240704_1200.wav,0.03184045,0.049607676,0.000924889,0.00858555,0.027512327
../TrueNAS/nies_audio_recording/2024/ChirpArray/Akitsu/20240704_1210.wav,0.034175724,0.058324113,0.0028620735,0.009966381,0.03114833
../TrueNAS/nies_audio_recording/2024/ChirpArray/Akitsu/20240704_1303.wav,0.048996653,0.012687698,0.00201549,0.71474,0.027119517
../TrueNAS/nies_audio_recording/2024/ChirpArray/Akitsu/20240704_1310.wav,0.07863206,0.47142625,0.09262632,0.97419685,0.021051697
../TrueNAS/nies_audio_recording/2024/ChirpArray/Akitsu/20240704_1400.wav,0.03170055,0.015554578,-0.0008827634,0.009983167,0.020732805
../TrueNAS/nies_audio_recording/2024/ChirpArray/Akitsu/20240704_1410.wav,0.051297545,0.6846569,0.008658636,0.96924525,0.014062908
../TrueNAS/nies_audio_recording/2024/ChirpArray/Akitsu/20240704_1500.wav,0.024669115,0.039962552,0.0037941597,0.07659805,0.02074869
../TrueNAS/nies_audio_recording/2024/ChirpArray/Akitsu/20240704_1510.wav,0.043617815,0.93727577,0.0021745935,0.0110276565,0.03706287
../TrueNAS/nies_audio_recording/2024/ChirpArray/Akitsu/20240704_1600.wav,0.03427282,0.31673753,-0.0026352704,0.30390012,0.027026266
../TrueNAS/nies_audio_recording/2024/ChirpArray/Akitsu/20240704_1611.wav,0.070880584,0.70292276,0.0040191226,0.9467428,0.027200848
../TrueNAS/nies_audio_recording/2024/ChirpArray/Akitsu/20240704_1700.wav,0.08211622,0.06372741,0.02021825,0.9671062,0.032209888
../TrueNAS/nies_audio_recording/2024/ChirpArray/Akitsu/20240704_1710.wav,0.49995923,0.032320894,0.029423025,0.97345763,0.020630173
../TrueNAS/nies_audio_recording/2024/ChirpArray/Akitsu/20240704_1800.wav,0.0925877,0.017455459,0.024307337,0.9814567,0.014868721
../TrueNAS/nies_audio_recording/2024/ChirpArray/Akitsu/20240704_1810.wav,0.20590073,0.030649029,0.032550123,0.98933935,-0.01722383
../TrueNAS/nies_audio_recording/2024/ChirpArray/Akitsu/20240704_1900.wav,0.36841506,0.22894157,0.019416552,0.97376955,-0.010566525
../TrueNAS/nies_audio_recording/2024/ChirpArray/Akitsu/20240704_1910.wav,0.47329098,0.28717285,0.036895942,0.9737352,-0.026764851
../TrueNAS/nies_audio_recording/2024/ChirpArray/Akitsu/20240704_2000.wav,0.022021398,0.0027110893,-0.0060785003,0.004614167,0.015723981
../TrueNAS/nies_audio_recording/2024/ChirpArray/Akitsu/20240704_2010.wav,0.027101457,0.003723614,-0.0071183816,0.016904414,0.021724276
../TrueNAS/nies_audio_recording/2024/ChirpArray/Akitsu/20240704_2100.wav,0.01462058,0.0012756884,-0.0053541847,0.012274489,0.010108806
../TrueNAS/nies_audio_recording/2024/ChirpArray/Akitsu/20240704_2110.wav,0.017556816,0.0008622892,-0.0055713244,0.0097260475,0.013616685
../TrueNAS/nies_audio_recording/2024/ChirpArray/Akitsu/20240704_2200.wav,0.028932374,-0.00019279309,-0.00870027,0.016221821,0.027321666
../TrueNAS/nies_audio_recording/2024/ChirpArray/Akitsu/20240704_2210.wav,0.016949765,0.0014770869,-0.007715676,0.012003206,0.010308936
../TrueNAS/nies_audio_recording/2024/ChirpArray/Akitsu/20240704_2300.wav,0.02359965,0.2887888,-0.004898865,0.017354563,0.0033886842
../TrueNAS/nies_audio_recording/2024/ChirpArray/Akitsu/20240704_2310.wav,0.019025132,0.012788182,-0.0059924982,0.01753804,0.009701654
../TrueNAS/nies_audio_recording/2024/ChirpArray/Akitsu/20240705_0000.wav,0.00970415,0.001423046,-0.007855184,0.01751826,0.0032454804
../TrueNAS/nies_audio_recording/2024/ChirpArray/Akitsu/20240705_0100.wav,0.014240846,8.426793e-05,-0.009128265,0.02459383,0.00051211566
../TrueNAS/nies_audio_recording/2024/ChirpArray/Akitsu/20240705_0110.wav,0.02371886,0.0102651585,-0.006667234,0.013126984,0.013400555
../TrueNAS/nies_audio_recording/2024/ChirpArray/Akitsu/20240705_0200.wav,0.023734905,0.012323409,-0.00449273,0.019834295,-0.0019683316
../TrueNAS/nies_audio_recording/2024/ChirpArray/Akitsu/20240705_0210.wav,0.035924878,0.0768047,-0.0010726117,0.02219966,0.025714993
../TrueNAS/nies_audio_recording/2024/ChirpArray/Akitsu/20240705_0300.wav,0.022596553,0.12573172,0.0017633587,0.018856615,-0.0006683357
../TrueNAS/nies_audio_recording/2024/ChirpArray/Akitsu/20240705_0310.wav,0.037903704,0.111820355,0.0060849525,0.02929359,0.019974284
../TrueNAS/nies_audio_recording/2024/ChirpArray/Akitsu/20240705_0400.wav,0.060155604,0.20629098,0.15212892,0.9949397,0.010301597
../TrueNAS/nies_audio_recording/2024/ChirpArray/Akitsu/20240705_0410.wav,0.06305221,0.62479883,0.022197064,0.986105,-0.014937989
../TrueNAS/nies_audio_recording/2024/ChirpArray/Akitsu/20240705_0500.wav,0.020985708,0.0008485243,0.0042197555,0.031174764,0.004443329
../TrueNAS/nies_audio_recording/2024/ChirpArray/Akitsu/20240705_0511.wav,0.032673083,0.0009540394,-0.0026561245,0.024886608,0.09543678
../TrueNAS/nies_audio_recording/2024/ChirpArray/Akitsu/20240705_0600.wav,0.03546544,0.050999634,-4.8030168e-05,0.013441563,0.028777033
../TrueNAS/nies_audio_recording/2024/ChirpArray/Akitsu/20240705_0610.wav,0.025805645,-0.00078582205,0.0076736473,0.0037113652,0.03203723
../TrueNAS/nies_audio_recording/2024/ChirpArray/Akitsu/20240705_0700.wav,0.043853752,0.7868545,-0.005459033,0.009991631,0.020241976
../TrueNAS/nies_audio_recording/2024/ChirpArray/Akitsu/20240705_0705.wav,0.046735197,0.927586,0.0094099045,0.015001014,0.030357629
../TrueNAS/nies_audio_recording/2024/ChirpArray/Akitsu/20240705_0715.wav,0.023153469,0.05255205,0.004101511,0.0017386973,0.023834348
../TrueNAS/nies_audio_recording/2024/ChirpArray/Akitsu/20240705_0800.wav,0.090633705,1.0022904,0.040816884,0.9865613,0.020414382
../TrueNAS/nies_audio_recording/2024/ChirpArray/Akitsu/20240705_0810.wav,0.06853996,0.9721771,0.019595046,0.97981447,0.020406961
../TrueNAS/nies_audio_recording/2024/ChirpArray/Akitsu/20240705_0900.wav,0.06830365,0.14076753,0.044670474,0.9759348,-0.005255297
../TrueNAS/nies_audio_recording/2024/ChirpArray/Akitsu/20240705_0910.wav,0.1777385,0.3799073,0.088658035,0.9732796,0.07170323
../TrueNAS/nies_audio_recording/2024/ChirpArray/Akitsu/20240705_1000.wav,0.05967317,0.028763153,0.027223978,0.9774982,-0.0033008642
../TrueNAS/nies_audio_recording/2024/ChirpArray/Akitsu/20240705_1010.wav,0.05203394,0.070968054,0.03235827,0.98120475,-0.007959098
../TrueNAS/nies_audio_recording/2024/ChirpArray/Akitsu/20240705_1100.wav,0.17007065,0.03358978,0.023325544,0.9755408,-0.011273958
../TrueNAS/nies_audio_recording/2024/ChirpArray/Akitsu/20240705_1110.wav,0.27842373,0.06193644,0.018258687,0.97623235,0.020626374
../TrueNAS/nies_audio_recording/2024/ChirpArray/Akitsu/20240705_1200.wav,0.0806393,0.041580595,0.011035934,0.9153905,0.026976071
../TrueNAS/nies_audio_recording/2024/ChirpArray/Akitsu/20240705_1210.wav,0.05673892,0.0140846595,0.15996541,0.98302674,-0.010827646
../TrueNAS/nies_audio_recording/2024/ChirpArray/Akitsu/20240705_1300.wav,0.083809406,0.09398663,0.0058874562,0.9050658,0.030996092
../TrueNAS/nies_audio_recording/2024/ChirpArray/Akitsu/20240705_1310.wav,0.061786354,0.21961527,0.08886109,0.9751731,0.008992985
../TrueNAS/nies_audio_recording/2024/ChirpArray/Akitsu/20240705_1400.wav,0.12503982,0.025480319,0.01749574,0.96742684,0.02262903
../TrueNAS/nies_audio_recording/2024/ChirpArray/Akitsu/20240705_1410.wav,0.06354243,0.018681392,0.18311596,0.98254794,0.030575298
../TrueNAS/nies_audio_recording/2024/ChirpArray/Akitsu/20240705_1500.wav,0.06415844,0.876849,-0.0028002523,0.8042532,0.030107416
../TrueNAS/nies_audio_recording/2024/ChirpArray/Akitsu/20240705_1510.wav,0.09368194,0.028472483,0.019474272,0.97386926,0.01920683
../TrueNAS/nies_audio_recording/2024/ChirpArray/Akitsu/20240705_1600.wav,0.05817614,0.08939471,0.036056813,0.9687261,0.006938964
../TrueNAS/nies_audio_recording/2024/ChirpArray/Akitsu/20240705_1610.wav,0.027329933,0.039901894,-0.0022467524,0.6435365,0.024227053
../TrueNAS/nies_audio_recording/2024/ChirpArray/Akitsu/20240705_1700.wav,0.06148596,0.084534384,0.07022917,0.9756539,-0.0132887885
../TrueNAS/nies_audio_recording/2024/ChirpArray/Akitsu/20240705_1710.wav,0.10631666,0.1540844,0.026758518,0.9648666,0.015488207
../TrueNAS/nies_audio_recording/2024/ChirpArray/Akitsu/20240705_1800.wav,0.0731479,0.035778888,0.079490945,0.9891299,-0.020318296
../TrueNAS/nies_audio_recording/2024/ChirpArray/Akitsu/20240705_1810.wav,0.07042261,0.3781305,0.019247282,0.97761583,-0.01784397
../TrueNAS/nies_audio_recording/2024/ChirpArray/Akitsu/20240705_1900.wav,0.05207996,0.08586251,0.031213272,0.9807619,-0.028882192
../TrueNAS/nies_audio_recording/2024/ChirpArray/Akitsu/20240705_1910.wav,0.046952568,0.041337483,0.041208286,0.98232234,-0.021725338
../TrueNAS/nies_audio_recording/2024/ChirpArray/Akitsu/20240705_2000.wav,0.039091628,0.01044346,-0.0015542842,0.008440331,0.024874508
../TrueNAS/nies_audio_recording/2024/ChirpArray/Akitsu/20240705_2010.wav,0.025970131,0.0045489725,-0.0018036254,0.012671925,0.014253594
../TrueNAS/nies_audio_recording/2024/ChirpArray/Akitsu/20240705_2100.wav,0.015634798,0.0023531988,-0.005160924,0.0078033656,0.004696179
../TrueNAS/nies_audio_recording/2024/ChirpArray/Akitsu/20240705_2110.wav,0.014215179,0.0022706445,-0.008624479,0.0109271705,0.0066097304
../TrueNAS/nies_audio_recording/2024/ChirpArray/Akitsu/20240705_2200.wav,0.01492475,0.0016458258,-0.005353559,0.012177356,0.005101703
../TrueNAS/nies_audio_recording/2024/ChirpArray/Akitsu/20240705_2210.wav,0.032142095,0.002566522,-0.010796502,0.0070952773,0.019021302
../TrueNAS/nies_audio_recording/2024/ChirpArray/Akitsu/20240705_2300.wav,0.013159677,0.0015453994,-0.0066149496,0.0070485026,0.00810352
../TrueNAS/nies_audio_recording/2024/ChirpArray/Akitsu/20240705_2310.wav,0.019812375,0.0008630622,-0.005018335,0.008012399,0.009817079
../TrueNAS/nies_audio_recording/2024/ChirpArray/Akitsu/20240706_0002.wav,0.035253435,0.0034355577,-0.0045621917,0.008832321,0.022352524
../TrueNAS/nies_audio_recording/2024/ChirpArray/Akitsu/20240706_0100.wav,0.014128387,0.0028480887,0.0003410615,0.006056443,0.0077867657
../TrueNAS/nies_audio_recording/2024/ChirpArray/Akitsu/20240706_0110.wav,0.01569596,0.0017794557,-0.004149113,0.012176633,0.011739954
../TrueNAS/nies_audio_recording/2024/ChirpArray/Akitsu/20240706_0200.wav,0.020347118,0.0048260298,-0.006364938,0.006526649,0.008964688
../TrueNAS/nies_audio_recording/2024/ChirpArray/Akitsu/20240706_0210.wav,0.0113867,0.0010987893,-0.0057926066,0.007760018,0.0048177987
../TrueNAS/nies_audio_recording/2024/ChirpArray/Akitsu/20240706_0300.wav,0.0363548,0.7091496,-0.0036829785,0.0148439035,0.16820782
../TrueNAS/nies_audio_recording/2024/ChirpArray/Akitsu/20240706_0310.wav,0.057024047,0.97140616,-0.00058748573,0.004668109,0.013200849
../TrueNAS/nies_audio_recording/2024/ChirpArray/Akitsu/20240706_0400.wav,0.085107826,0.19071044,0.084104076,0.9863357,0.015577123
../TrueNAS/nies_audio_recording/2024/ChirpArray/Akitsu/20240706_0410.wav,0.08866903,0.0962726,0.04061527,0.98006976,-0.020766934
../TrueNAS/nies_audio_recording/2024/ChirpArray/Akitsu/20240706_0500.wav,0.043628655,0.83600974,0.0040238015,0.008194156,0.106456
../TrueNAS/nies_audio_recording/2024/ChirpArray/Akitsu/20240706_0510.wav,0.030459631,0.29749882,-0.0060267933,0.010928646,0.010941669
../TrueNAS/nies_audio_recording/2024/ChirpArray/Akitsu/20240706_0600.wav,0.08221927,0.043124884,0.0007763952,0.9221764,0.018862158
../TrueNAS/nies_audio_recording/2024/ChirpArray/Akitsu/20240706_0610.wav,0.023569796,0.68828225,-0.010685224,0.0056658015,0.014672868
../TrueNAS/nies_audio_recording/2024/ChirpArray/Akitsu/20240706_0700.wav,0.031620644,0.8421569,-0.008311924,0.0063938424,0.0068819523
../TrueNAS/nies_audio_recording/2024/ChirpArray/Akitsu/20240706_0712.wav,0.06669426,0.033439934,0.014530491,0.951201,0.021002695
../TrueNAS/nies_audio_recording/2024/ChirpArray/Akitsu/20240706_0800.wav,0.047372397,0.034829512,0.025762726,0.97737914,-0.015009131
../TrueNAS/nies_audio_recording/2024/ChirpArray/Akitsu/20240706_0810.wav,0.0799042,0.056750275,0.07282218,0.9758966,-0.01087499
../TrueNAS/nies_audio_recording/2024/ChirpArray/Akitsu/20240706_0900.wav,0.14828071,0.013749175,0.05539674,0.9852983,-0.004960701
../TrueNAS/nies_audio_recording/2024/ChirpArray/Akitsu/20240706_0910.wav,0.49352401,0.568169,0.025498781,0.9784876,-0.009011798
../TrueNAS/nies_audio_recording/2024/ChirpArray/Akitsu/20240706_1000.wav,0.056109503,0.022450365,0.039242793,0.98370636,0.72253144
../TrueNAS/nies_audio_recording/2024/ChirpArray/Akitsu/20240706_1010.wav,0.060190313,0.22564273,0.02262969,0.97636,0.004576184
../TrueNAS/nies_audio_recording/2024/ChirpArray/Akitsu/20240706_1100.wav,0.053686846,0.09569673,0.028230827,0.975326,-0.014019839
../TrueNAS/nies_audio_recording/2024/ChirpArray/Akitsu/20240706_1110.wav,0.104202665,0.07045991,0.024079766,0.9763581,-0.006859094
../TrueNAS/nies_audio_recording/2024/ChirpArray/Akitsu/20240706_1200.wav,0.06257138,0.17767285,0.11340889,0.97328454,0.012390237
../TrueNAS/nies_audio_recording/2024/ChirpArray/Akitsu/20240706_1210.wav,0.05276993,0.022820607,0.025233384,0.9750826,-0.006785542
../TrueNAS/nies_audio_recording/2024/ChirpArray/Akitsu/20240706_1300.wav,0.051616155,0.028799668,0.111827254,0.9801413,-0.0035275891
../TrueNAS/nies_audio_recording/2024/ChirpArray/Akitsu/20240706_1310.wav,0.08068371,0.31904322,0.08927567,0.990193,0.00059555843
../TrueNAS/nies_audio_recording/2024/ChirpArray/Akitsu/20240706_1400.wav,0.05359375,0.018220097,0.020245988,0.96923834,-0.01437331
../TrueNAS/nies_audio_recording/2024/ChirpArray/Akitsu/20240706_1410.wav,0.12864214,0.06927481,0.029061388,0.978773,-0.016428549
../TrueNAS/nies_audio_recording/2024/ChirpArray/Akitsu/20240706_1500.wav,0.18229005,0.076898366,0.020725679,0.97795147,-0.0126798
../TrueNAS/nies_audio_recording/2024/ChirpArray/Akitsu/20240706_1510.wav,0.08313176,0.10397252,0.025456589,0.9781514,-0.019887136
../TrueNAS/nies_audio_recording/2024/ChirpArray/Akitsu/20240706_1600.wav,0.35250676,0.05913225,0.03451613,0.9699072,0.02121497
../TrueNAS/nies_audio_recording/2024/ChirpArray/Akitsu/20240706_1610.wav,0.2576218,0.015951075,0.016101826,0.9721872,-0.0105945915
../TrueNAS/nies_audio_recording/2024/ChirpArray/Akitsu/20240706_1700.wav,0.14304987,0.61703753,0.020925421,0.9711153,-0.017661087
../TrueNAS/nies_audio_recording/2024/ChirpArray/Akitsu/20240706_1710.wav,0.07187818,0.17314304,0.034120988,0.9731454,-0.018753858
../TrueNAS/nies_audio_recording/2024/ChirpArray/Akitsu/20240706_1800.wav,0.16655982,0.025690954,0.0007213764,0.015647031,0.03490679
../TrueNAS/nies_audio_recording/2024/ChirpArray/Akitsu/20240706_1810.wav,0.029909983,0.039264135,-0.0053059943,0.010835111,0.012176238
../TrueNAS/nies_audio_recording/2024/ChirpArray/Akitsu/20240706_1900.wav,0.4604569,0.038644567,0.020112459,0.9785201,-0.023775762
../TrueNAS/nies_audio_recording/2024/ChirpArray/Akitsu/20240706_1910.wav,0.061259244,0.03436362,0.017148849,0.9822816,-0.022519372
../TrueNAS/nies_audio_recording/2024/ChirpArray/Akitsu/20240706_2000.wav,0.012527265,0.0030767396,-0.006940622,0.01375594,0.0050063655
../TrueNAS/nies_audio_recording/2024/ChirpArray/Akitsu/20240706_2010.wav,0.023997713,0.0065717325,0.004874792,0.011177279,0.032673642
../TrueNAS/nies_audio_recording/2024/ChirpArray/Akitsu/20240706_2100.wav,0.018618539,0.0043372456,-0.0072038583,0.005097449,0.009186514
../TrueNAS/nies_audio_recording/2024/ChirpArray/Akitsu/20240706_2110.wav,0.020968396,0.007254213,-0.0050697215,0.007974058,0.031503975
../TrueNAS/nies_audio_recording/2024/ChirpArray/Akitsu/20240706_2200.wav,0.018183894,-0.0006996393,-0.0068854652,0.014072776,0.008699596
../TrueNAS/nies_audio_recording/2024/ChirpArray/Akitsu/20240706_2210.wav,0.026488237,0.0007702224,-0.005205009,0.00633505,0.008392535
../TrueNAS/nies_audio_recording/2024/ChirpArray/Akitsu/20240706_2300.wav,0.01402767,0.0031089783,-0.007524859,0.008949444,0.006394401
../TrueNAS/nies_audio_recording/2024/ChirpArray/Akitsu/20240706_2310.wav,0.016479589,0.0008378513,-0.008831114,0.0065692663,0.007817015
../TrueNAS/nies_audio_recording/2024/ChirpArray/Akitsu/20240707_0000.wav,0.019157685,0.0010042507,-0.00968774,0.019118473,0.008727837
../TrueNAS/nies_audio_recording/2024/ChirpArray/Akitsu/20240707_0100.wav,0.019537933,0.007232005,-0.0077748187,0.01874464,0.014362548
../TrueNAS/nies_audio_recording/2024/ChirpArray/Akitsu/20240707_0110.wav,0.056814738,0.9273877,0.020837497,0.009797782,0.010826714
../TrueNAS/nies_audio_recording/2024/ChirpArray/Akitsu/20240707_0200.wav,0.022139449,0.12505533,-0.0025669374,0.011523321,0.043491
../TrueNAS/nies_audio_recording/2024/ChirpArray/Akitsu/20240707_0210.wav,0.04135328,0.11147686,-0.0002840981,0.012537785,0.025022872
../TrueNAS/nies_audio_recording/2024/ChirpArray/Akitsu/20240707_0303.wav,0.033395533,0.39795274,-0.006502662,0.011961356,0.09937546
../TrueNAS/nies_audio_recording/2024/ChirpArray/Akitsu/20240707_0310.wav,0.031349774,0.5207669,-0.0040570125,0.011124052,0.008991484
../TrueNAS/nies_audio_recording/2024/ChirpArray/Akitsu/20240707_0400.wav,0.16568968,0.37559396,0.026991095,0.9912225,0.67101824
../TrueNAS/nies_audio_recording/2024/ChirpArray/Akitsu/20240707_0410.wav,0.41131657,0.7739413,0.02616873,0.9918109,0.12740698
../TrueNAS/nies_audio_recording/2024/ChirpArray/Akitsu/20240707_0500.wav,0.020141914,0.22103249,-0.0062548444,0.01631561,0.21386597
../TrueNAS/nies_audio_recording/2024/ChirpArray/Akitsu/20240707_0510.wav,0.023959592,0.15522777,-0.0033555962,0.021733925,0.014437735
../TrueNAS/nies_audio_recording/2024/ChirpArray/Akitsu/20240707_0604.wav,0.034440525,0.045017824,0.005797982,0.010903217,0.13415277
../TrueNAS/nies_audio_recording/2024/ChirpArray/Akitsu/20240707_0610.wav,0.02117401,0.011828199,-0.005902257,0.009338513,0.08262454
../TrueNAS/nies_audio_recording/2024/ChirpArray/Akitsu/20240707_0700.wav,0.19717112,0.7033561,0.020820465,1.0004438,0.06543602
../TrueNAS/nies_audio_recording/2024/ChirpArray/Akitsu/20240707_0710.wav,0.46218038,0.014389977,0.01957303,0.98839706,0.06328361
../TrueNAS/nies_audio_recording/2024/ChirpArray/Akitsu/20240707_0715.wav,0.28216457,0.02067665,0.032293167,0.9931079,-0.020326123
../TrueNAS/nies_audio_recording/2024/ChirpArray/Akitsu/20240707_0800.wav,0.16807026,0.07388121,0.037659522,0.9897649,-0.011078939
../TrueNAS/nies_audio_recording/2024/ChirpArray/Akitsu/20240707_0810.wav,0.8022428,0.14682665,0.031156193,0.9844161,-0.008984093
../TrueNAS/nies_audio_recording/2024/ChirpArray/Akitsu/20240707_0900.wav,0.1344537,0.12006049,0.021584716,0.9724502,0.016160741
../TrueNAS/nies_audio_recording/2024/ChirpArray/Akitsu/20240707_0910.wav,0.38959986,0.54783636,0.032541808,0.96603936,0.5569029
../TrueNAS/nies_audio_recording/2024/ChirpArray/Akitsu/20240707_1000.wav,0.30691984,0.07945534,0.027491193,0.97947073,0.00012373552
../TrueNAS/nies_audio_recording/2024/ChirpArray/Akitsu/20240707_1010.wav,0.6015899,0.19681863,0.02711783,0.978668,-0.004814066
../TrueNAS/nies_audio_recording/2024/ChirpArray/Akitsu/20240707_1102.wav,0.15179887,0.076634094,0.21234216,0.9876986,0.00012188777
../TrueNAS/nies_audio_recording/2024/ChirpArray/Akitsu/20240707_1110.wav,0.07964047,0.13432476,0.16645576,0.9981666,0.005793728
../TrueNAS/nies_audio_recording/2024/ChirpArray/Akitsu/20240707_1200.wav,0.20029634,0.26208353,0.018127736,0.9778274,0.010306206
../TrueNAS/nies_audio_recording/2024/ChirpArray/Akitsu/20240707_1210.wav,0.059922844,0.014890682,0.017335352,0.97305614,0.01468128
../TrueNAS/nies_audio_recording/2024/ChirpArray/Akitsu/20240707_1300.wav,0.075755626,0.6435589,0.003603369,0.9178577,0.070973665
../TrueNAS/nies_audio_recording/2024/ChirpArray/Akitsu/20240707_1310.wav,0.03171123,0.16777971,0.00035391375,0.022417799,0.020181984
../TrueNAS/nies_audio_recording/2024/ChirpArray/Akitsu/20240707_1404.wav,0.077805,0.06223344,0.019085076,0.98317343,-0.008252893
../TrueNAS/nies_audio_recording/2024/ChirpArray/Akitsu/20240707_1410.wav,0.0606729,0.2509126,0.026319977,0.9828494,-0.012330905
../TrueNAS/nies_audio_recording/2024/ChirpArray/Akitsu/20240707_1500.wav,0.20172226,0.019416854,0.112179086,0.98903614,0.014114667
../TrueNAS/nies_audio_recording/2024/ChirpArray/Akitsu/20240707_1510.wav,0.3444903,0.014673173,0.023628559,0.9809189,0.012526728
../TrueNAS/nies_audio_recording/2024/ChirpArray/Akitsu/20240707_1600.wav,0.13019612,0.11550064,0.03133553,0.9903961,-0.007822804
../TrueNAS/nies_audio_recording/2024/ChirpArray/Akitsu/20240707_1610.wav,0.16097611,0.01585719,0.037453648,0.9811086,0.015725292
../TrueNAS/nies_audio_recording/2024/ChirpArray/Akitsu/20240707_1700.wav,0.07023325,0.063924834,0.020076301,0.9831303,-0.010719478
../TrueNAS/nies_audio_recording/2024/ChirpArray/Akitsu/20240707_1710.wav,0.3850804,0.10904829,0.14220671,0.97996277,0.0027167797
../TrueNAS/nies_audio_recording/2024/ChirpArray/Akitsu/20240707_1800.wav,0.14680588,0.013610929,0.46812114,0.9831857,-0.0077094175
../TrueNAS/nies_audio_recording/2024/ChirpArray/Akitsu/20240707_1810.wav,0.56377965,0.049517103,0.016006697,0.98200125,-0.008275822
../TrueNAS/nies_audio_recording/2024/ChirpArray/Akitsu/20240707_1900.wav,0.074500665,0.010829218,0.031886864,0.9828661,-0.024071915
../TrueNAS/nies_audio_recording/2024/ChirpArray/Akitsu/20240707_1910.wav,0.27417696,0.04976739,0.16020356,0.99345285,-0.02685945
../TrueNAS/nies_audio_recording/2024/ChirpArray/Akitsu/20240707_2000.wav,0.015582003,0.00073877163,-0.0029335096,0.014087781,0.010621734
../TrueNAS/nies_audio_recording/2024/ChirpArray/Akitsu/20240707_2010.wav,0.017287478,0.0099746995,-0.00235888,0.01696752,0.011916481
../TrueNAS/nies_audio_recording/2024/ChirpArray/Akitsu/20240707_2100.wav,0.02125566,0.011513695,-0.0058602057,0.008424103,0.021093324
../TrueNAS/nies_audio_recording/2024/ChirpArray/Akitsu/20240707_2110.wav,0.034369934,0.005569482,0.009638023,0.010422111,0.07229388
../TrueNAS/nies_audio_recording/2024/ChirpArray/Akitsu/20240707_2200.wav,0.024005063,0.386321,-0.005668763,0.0071603283,0.015649445
../TrueNAS/nies_audio_recording/2024/ChirpArray/Akitsu/20240707_2210.wav,0.04298629,0.92685324,0.010063447,0.008041188,0.02680321
../TrueNAS/nies_audio_recording/2024/ChirpArray/Akitsu/20240707_2300.wav,0.016002953,0.2689801,-0.0066728443,0.007419288,0.008234419
../TrueNAS/nies_audio_recording/2024/ChirpArray/Akitsu/20240707_2310.wav,0.052268393,0.27858192,0.012548011,0.95720273,0.09954575
../TrueNAS/nies_audio_recording/2024/ChirpArray/Akitsu/20240708_0000.wav,0.015661031,0.0016905069,-0.00654519,0.007989794,0.006047301
../TrueNAS/nies_audio_recording/2024/ChirpArray/Akitsu/20240708_0100.wav,0.030775197,0.7059134,0.0036882907,0.01433599,0.41357043
../TrueNAS/nies_audio_recording/2024/ChirpArray/Akitsu/20240708_0110.wav,0.0131630525,0.12469597,-0.0046713464,0.011196412,0.0034439713
../TrueNAS/nies_audio_recording/2024/ChirpArray/Akitsu/20240708_0200.wav,0.038271874,0.03446769,0.009723745,0.013544932,0.023141578
../TrueNAS/nies_audio_recording/2024/ChirpArray/Akitsu/20240708_0211.wav,0.049015604,0.042394213,0.015834901,0.017901897,0.49573573
../TrueNAS/nies_audio_recording/2024/ChirpArray/Akitsu/20240708_0300.wav,0.03809447,0.23873591,-0.00071720406,0.011903271,0.23612335
../TrueNAS/nies_audio_recording/2024/ChirpArray/Akitsu/20240708_0310.wav,0.034896143,0.67049235,0.0003839694,0.015436068,0.011369333
../TrueNAS/nies_audio_recording/2024/ChirpArray/Akitsu/20240708_0400.wav,0.06417882,0.76908666,0.022444766,0.9995625,0.14117886
../TrueNAS/nies_audio_recording/2024/ChirpArray/Akitsu/20240708_0410.wav,0.11628573,0.13296355,0.029368188,0.9989889,-0.0055845007
../TrueNAS/nies_audio_recording/2024/ChirpArray/Akitsu/20240708_0500.wav,0.7471395,0.07651302,0.022217374,0.9846412,0.00022349507
../TrueNAS/nies_audio_recording/2024/ChirpArray/Akitsu/20240708_0510.wav,0.02144416,0.037095647,0.006003838,0.023468599,0.009313654
../TrueNAS/nies_audio_recording/2024/ChirpArray/Akitsu/20240708_0600.wav,0.022142284,0.098777585,-0.00687664,0.01257477,0.032518923
../TrueNAS/nies_audio_recording/2024/ChirpArray/Akitsu/20240708_0610.wav,0.038223453,0.9354803,-0.006140042,0.005759947,0.014485072
../TrueNAS/nies_audio_recording/2024/ChirpArray/Akitsu/20240708_0700.wav,0.24680585,0.063762985,0.10849331,0.98441464,-0.02009208
../TrueNAS/nies_audio_recording/2024/ChirpArray/Akitsu/20240708_0710.wav,0.2609779,0.05441612,0.03559285,0.9839136,-0.0021242276
../TrueNAS/nies_audio_recording/2024/ChirpArray/Akitsu/20240708_0800.wav,0.105185345,1.0338392,0.03128359,0.9812655,0.4218026
../TrueNAS/nies_audio_recording/2024/ChirpArray/Akitsu/20240708_0810.wav,0.8080271,0.089476764,0.02953745,0.96927196,-0.0057633445
../TrueNAS/nies_audio_recording/2024/ChirpArray/Akitsu/20240708_0900.wav,0.31537926,0.73945296,0.025039386,0.97791386,-0.0023125634
../TrueNAS/nies_audio_recording/2024/ChirpArray/Akitsu/20240708_0910.wav,0.6711111,0.86075544,0.041773926,0.9793597,-0.023801038
../TrueNAS/nies_audio_recording/2024/ChirpArray/Akitsu/20240708_1000.wav,0.081320524,0.059897486,0.1252842,0.97293085,0.027319722
../TrueNAS/nies_audio_recording/2024/ChirpArray/Akitsu/20240708_1012.wav,0.46652433,0.057181112,0.029404733,0.96797645,-0.006329201
../TrueNAS/nies_audio_recording/2024/ChirpArray/Akitsu/20240708_1100.wav,0.058688797,0.018681526,0.04436135,0.97622806,0.0019404888
../TrueNAS/nies_audio_recording/2024/ChirpArray/Akitsu/20240708_1110.wav,0.061303634,0.07108679,0.12041256,0.98603487,0.03122224
../TrueNAS/nies_audio_recording/2024/ChirpArray/Akitsu/20240708_1200.wav,0.07481377,0.012993202,0.01908489,0.9772435,0.017280057
../TrueNAS/nies_audio_recording/2024/ChirpArray/Akitsu/20240708_1210.wav,0.064606346,0.021653265,0.013727378,0.9631185,0.017036632
../TrueNAS/nies_audio_recording/2024/ChirpArray/Akitsu/20240708_1300.wav,0.25911215,0.12426747,0.04672334,0.9758885,0.023862004
../TrueNAS/nies_audio_recording/2024/ChirpArray/Akitsu/20240708_1310.wav,0.31279036,0.051236965,0.021508362,0.9766141,-0.0142737925
../TrueNAS/nies_audio_recording/2024/ChirpArray/Akitsu/20240708_1400.wav,0.059542656,0.01316797,0.014779966,0.96422493,0.02657596
../TrueNAS/nies_audio_recording/2024/ChirpArray/Akitsu/20240708_1411.wav,0.054655313,0.0352009,0.040753197,0.9747408,0.014929853
../TrueNAS/nies_audio_recording/2024/ChirpArray/Akitsu/20240708_1500.wav,0.06929582,0.018971592,0.037828173,0.9758362,-0.008319415
../TrueNAS/nies_audio_recording/2024/ChirpArray/Akitsu/20240708_1510.wav,0.07277729,0.03598325,0.016399961,0.96716565,0.017994486
../TrueNAS/nies_audio_recording/2024/ChirpArray/Akitsu/20240708_1600.wav,0.30613607,0.9549033,0.017544042,0.9777612,0.013050646
../TrueNAS/nies_audio_recording/2024/ChirpArray/Akitsu/20240708_1610.wav,0.055118192,0.5150513,0.12182945,1.0103612,0.13036495
../TrueNAS/nies_audio_recording/2024/ChirpArray/Akitsu/20240708_1700.wav,0.28119245,0.8786276,0.23860897,0.9944703,0.042858556
../TrueNAS/nies_audio_recording/2024/ChirpArray/Akitsu/20240708_1710.wav,0.052716166,0.029178597,0.01849955,0.97598726,-0.019607054
../TrueNAS/nies_audio_recording/2024/ChirpArray/Akitsu/20240708_1800.wav,0.11824277,0.060592577,0.021512937,0.9792686,0.00038874522
../TrueNAS/nies_audio_recording/2024/ChirpArray/Akitsu/20240708_1813.wav,0.25110805,0.05292429,0.02013496,0.9746254,-0.019267254
../TrueNAS/nies_audio_recording/2024/ChirpArray/Akitsu/20240708_1900.wav,0.6145383,0.026380137,0.037047442,0.9921456,-0.024768176
../TrueNAS/nies_audio_recording/2024/ChirpArray/Akitsu/20240708_1911.wav,0.11006899,0.12726027,0.025127072,0.9846729,-0.031607214
../TrueNAS/nies_audio_recording/2024/ChirpArray/Akitsu/20240708_2000.wav,0.024749704,0.1744954,-0.006956797,0.006264597,0.020804167
../TrueNAS/nies_audio_recording/2024/ChirpArray/Akitsu/20240708_2010.wav,0.020861633,0.0017649308,-0.005516719,0.008557707,0.008097641
../TrueNAS/nies_audio_recording/2024/ChirpArray/Akitsu/20240708_2103.wav,0.023237027,0.0002965685,-0.0071086474,0.005823344,0.019000567
../TrueNAS/nies_audio_recording/2024/ChirpArray/Akitsu/20240708_2110.wav,0.021748498,0.00065624714,-0.006561868,0.0070572644,0.015758097
../TrueNAS/nies_audio_recording/2024/ChirpArray/Akitsu/20240708_2200.wav,0.021910798,0.001047302,-0.005995605,0.0058518425,0.010435544
../TrueNAS/nies_audio_recording/2024/ChirpArray/Akitsu/20240708_2210.wav,0.021894459,0.0010294542,-0.008397367,0.004381925,0.010090109
../TrueNAS/nies_audio_recording/2024/ChirpArray/Akitsu/20240708_2300.wav,0.015650854,0.0068119485,-0.0009811856,0.0141432285,0.0056720003
../TrueNAS/nies_audio_recording/2024/ChirpArray/Akitsu/20240708_2310.wav,0.024020642,0.0024885796,-0.0050924495,0.011104405,0.012328573
../TrueNAS/nies_audio_recording/2024/ChirpArray/Akitsu/20240709_0000.wav,0.023879819,0.009202361,-0.006548088,0.009730943,0.019869983
../TrueNAS/nies_audio_recording/2024/ChirpArray/Akitsu/20240709_0100.wav,0.027553007,0.046960376,-0.007634867,0.015776962,0.021891221
../TrueNAS/nies_audio_recording/2024/ChirpArray/Akitsu/20240709_0110.wav,0.016592547,-0.00078468956,-0.0012108758,0.022496477,0.017822996
../TrueNAS/nies_audio_recording/2024/ChirpArray/Akitsu/20240709_0200.wav,0.017071329,0.0032998137,-0.0075140856,0.007774614,0.006866459
../TrueNAS/nies_audio_recording/2024/ChirpArray/Akitsu/20240709_0210.wav,0.019154593,0.0024076533,-0.008099023,0.005035363,0.0148860365
../TrueNAS/nies_audio_recording/2024/ChirpArray/Akitsu/20240709_0300.wav,0.03410809,0.011259664,-0.0073331147,0.00630565,0.022503868
../TrueNAS/nies_audio_recording/2024/ChirpArray/Akitsu/20240709_0310.wav,0.02747482,0.008212017,-0.006216746,0.013369285,0.060195237
../TrueNAS/nies_audio_recording/2024/ChirpArray/Akitsu/20240709_0401.wav,0.061185844,0.75998056,0.02228542,0.99919343,-0.025091315
../TrueNAS/nies_audio_recording/2024/ChirpArray/Akitsu/20240709_0410.wav,0.14002755,0.046565123,0.14453857,1.0024498,-0.019037835
../TrueNAS/nies_audio_recording/2024/ChirpArray/Akitsu/20240709_0500.wav,0.047373366,0.011221454,5.7365745e-05,0.9106812,0.01728452
../TrueNAS/nies_audio_recording/2024/ChirpArray/Akitsu/20240709_0510.wav,0.79476327,0.9125903,0.018880602,0.96298724,0.015547916
../TrueNAS/nies_audio_recording/2024/ChirpArray/Akitsu/20240709_0600.wav,0.23171124,0.06271221,0.033247124,0.9840066,-0.02730798
../TrueNAS/nies_audio_recording/2024/ChirpArray/Akitsu/20240709_0610.wav,0.9083883,0.053920746,0.027535286,0.98457545,-0.020501528
../TrueNAS/nies_audio_recording/2024/ChirpArray/Akitsu/20240709_0700.wav,0.047508556,0.9384211,0.003805805,0.029162139,0.021564528
../TrueNAS/nies_audio_recording/2024/ChirpArray/Akitsu/20240709_0710.wav,0.27627948,0.070749536,0.024875429,0.9687547,0.0042987764
../TrueNAS/nies_audio_recording/2024/ChirpArray/Akitsu/20240709_0800.wav,0.11761341,0.9962284,0.020935368,0.98683053,-0.00432615
../TrueNAS/nies_audio_recording/2024/ChirpArray/Akitsu/20240709_0810.wav,0.79970247,1.020164,0.0333942,0.97922564,-0.014275163
../TrueNAS/nies_audio_recording/2024/ChirpArray/Akitsu/20240709_0900.wav,0.10067801,0.3544494,0.067767814,0.9757346,0.033435173
../TrueNAS/nies_audio_recording/2024/ChirpArray/Akitsu/20240709_0910.wav,0.15374142,0.94884205,0.015362021,0.954566,0.027425453
../TrueNAS/nies_audio_recording/2024/ChirpArray/Akitsu/20240709_1000.wav,0.60301584,1.0119762,0.110505715,0.9788191,0.012854151
../TrueNAS/nies_audio_recording/2024/ChirpArray/Akitsu/20240709_1010.wav,0.07997458,0.75743914,0.019055855,0.96744424,0.019725785
../TrueNAS/nies_audio_recording/2024/ChirpArray/Akitsu/20240709_1100.wav,0.21917477,0.010634914,0.02447531,0.98639536,-0.004403122
../TrueNAS/nies_audio_recording/2024/ChirpArray/Akitsu/20240709_1110.wav,0.83265454,0.44954294,0.021141168,0.9883597,-0.020511944
../TrueNAS/nies_audio_recording/2024/ChirpArray/Akitsu/20240709_1200.wav,0.06048248,0.4988188,0.0260772,0.96834654,0.06841765
../TrueNAS/nies_audio_recording/2024/ChirpArray/Akitsu/20240709_1210.wav,0.07244286,0.00990323,0.003936168,0.8652647,0.020667993
../TrueNAS/nies_audio_recording/2024/ChirpArray/Akitsu/20240709_1300.wav,0.120938465,0.029784642,0.020251747,0.99015373,-0.0063151643
../TrueNAS/nies_audio_recording/2024/ChirpArray/Akitsu/20240709_1310.wav,0.23117828,0.09121139,0.015128788,0.96872,0.007259611
../TrueNAS/nies_audio_recording/2024/ChirpArray/Akitsu/20240709_1400.wav,0.07381379,0.12363471,0.022859301,0.9802913,-0.009335596
../TrueNAS/nies_audio_recording/2024/ChirpArray/Akitsu/20240709_1410.wav,0.36712325,0.041580684,0.042998787,0.98564947,-0.006072074
../TrueNAS/nies_audio_recording/2024/ChirpArray/Akitsu/20240709_1500.wav,0.07646485,0.060311228,0.08827658,0.9983509,-0.018792938
../TrueNAS/nies_audio_recording/2024/ChirpArray/Akitsu/20240709_1510.wav,0.086733475,0.018254682,0.020894166,0.9915025,0.04765869
../TrueNAS/nies_audio_recording/2024/ChirpArray/Akitsu/20240709_1516.wav,0.587494,0.9975043,0.040587317,0.9864518,0.013614591
../TrueNAS/nies_audio_recording/2024/ChirpArray/Akitsu/20240709_1600.wav,0.34054497,0.024423875,0.019222755,0.99161124,-0.023685005
../TrueNAS/nies_audio_recording/2024/ChirpArray/Akitsu/20240709_1610.wav,0.185843,0.4256991,0.015810173,0.98347193,-0.021844344
../TrueNAS/nies_audio_recording/2024/ChirpArray/Akitsu/20240709_1700.wav,0.09712143,0.049086757,0.020447467,0.97833484,-0.02618356
../TrueNAS/nies_audio_recording/2024/ChirpArray/Akitsu/20240709_1710.wav,0.24558038,0.03731364,0.016110908,0.9883264,-0.024324356
../TrueNAS/nies_audio_recording/2024/ChirpArray/Akitsu/20240709_1800.wav,0.39079195,0.05656746,0.02133746,0.9794227,-0.02446272
../TrueNAS/nies_audio_recording/2024/ChirpArray/Akitsu/20240709_1810.wav,0.1608212,0.045227103,0.020269942,0.986293,-0.022893455
../TrueNAS/nies_audio_recording/2024/ChirpArray/Akitsu/20240709_1900.wav,0.10925901,0.02347783,0.022019807,0.9804308,-0.03319961
../TrueNAS/nies_audio_recording/2024/ChirpArray/Akitsu/20240709_1910.wav,0.05597963,0.008549027,0.019786697,0.9949558,-0.033108428
../TrueNAS/nies_audio_recording/2024/ChirpArray/Akitsu/20240709_2000.wav,0.02170416,0.13315648,-0.004021112,0.0128842,0.01769717
../TrueNAS/nies_audio_recording/2024/ChirpArray/Akitsu/20240709_2010.wav,0.022499442,-0.0010909177,-0.0018943511,0.018400222,0.02100885
../TrueNAS/nies_audio_recording/2024/ChirpArray/Akitsu/20240709_2100.wav,0.027764864,0.0029515587,-0.003024485,0.015897892,0.019884825
../TrueNAS/nies_audio_recording/2024/ChirpArray/Akitsu/20240709_2110.wav,0.01607196,0.0007943716,-0.0024423636,0.009996548,0.020385265
../TrueNAS/nies_audio_recording/2024/ChirpArray/Akitsu/20240709_2200.wav,0.018817775,0.00057215616,0.0010441206,0.0147202015,0.013774715
../TrueNAS/nies_audio_recording/2024/ChirpArray/Akitsu/20240709_2210.wav,0.023913153,2.932921e-05,-0.006809648,0.011025503,0.01808174
../TrueNAS/nies_audio_recording/2024/ChirpArray/Akitsu/20240709_2300.wav,0.017009333,0.00039384887,-0.007406451,0.015424177,0.016012847
../TrueNAS/nies_audio_recording/2024/ChirpArray/Akitsu/20240709_2310.wav,0.026070409,0.0024929792,-0.003953401,0.0069262683,0.020137683
../TrueNAS/nies_audio_recording/2024/ChirpArray/Akitsu/20240710_0000.wav,0.18096972,0.018765748,0.0103093125,0.97079784,0.013317242
../TrueNAS/nies_audio_recording/2024/ChirpArray/Akitsu/20240710_0100.wav,0.03310964,0.05435819,-0.0018477701,0.022467844,0.014161907
../TrueNAS/nies_audio_recording/2024/ChirpArray/Akitsu/20240710_0110.wav,0.031534057,0.32159787,0.004695177,0.018784046,0.15009138
../TrueNAS/nies_audio_recording/2024/ChirpArray/Akitsu/20240710_0200.wav,0.028140284,0.24816798,0.0040945634,0.017845824,0.46622887
../TrueNAS/nies_audio_recording/2024/ChirpArray/Akitsu/20240710_0210.wav,0.027842011,0.019702595,0.0021140166,0.017242953,0.14519726
../TrueNAS/nies_audio_recording/2024/ChirpArray/Akitsu/20240710_0300.wav,0.033114456,0.3398326,0.0028315522,0.013233244,0.033797786
../TrueNAS/nies_audio_recording/2024/ChirpArray/Akitsu/20240710_0310.wav,0.03459182,0.033058733,0.0104608275,0.021771833,0.21570262
../TrueNAS/nies_audio_recording/2024/ChirpArray/Akitsu/20240710_0400.wav,0.01818782,0.2224153,0.009378709,0.044509307,0.2769112
../TrueNAS/nies_audio_recording/2024/ChirpArray/Akitsu/20240710_0410.wav,0.06084776,0.16058423,0.022692423,0.9934108,-0.029471027
../TrueNAS/nies_audio_recording/2024/ChirpArray/Akitsu/20240710_0500.wav,0.048177063,0.9617622,0.007871348,0.018891878,0.018115267
../TrueNAS/nies_audio_recording/2024/ChirpArray/Akitsu/20240710_0510.wav,0.16865548,0.8641651,0.04663479,1.0023674,-0.026660735
../TrueNAS/nies_audio_recording/2024/ChirpArray/Akitsu/20240710_0600.wav,0.8855381,0.03887926,0.02605937,0.9831168,-0.031558834
../TrueNAS/nies_audio_recording/2024/ChirpArray/Akitsu/20240710_0610.wav,0.41235876,0.7733967,0.071977586,0.9966627,-0.013695233
../TrueNAS/nies_audio_recording/2024/ChirpArray/Akitsu/20240710_0702.wav,0.41285974,0.128272,0.021402534,0.99779564,-0.012594417
../TrueNAS/nies_audio_recording/2024/ChirpArray/Akitsu/20240710_0714.wav,0.57423943,0.5187017,0.033385467,0.98137575,-0.02977845
../TrueNAS/nies_audio_recording/2024/ChirpArray/Akitsu/20240710_0800.wav,0.22958094,0.17164026,0.081107065,0.9882951,-0.017053269
../TrueNAS/nies_audio_recording/2024/ChirpArray/Akitsu/20240710_0810.wav,0.5428613,0.033447303,0.03010675,0.9800209,-0.021098698
../TrueNAS/nies_audio_recording/2024/ChirpArray/Akitsu/20240710_0900.wav,0.16783914,0.031226628,0.09635942,0.9901112,-0.029702825
../TrueNAS/nies_audio_recording/2024/ChirpArray/Akitsu/20240710_0910.wav,0.15159124,0.036712334,0.031405654,0.99362326,-0.018108638
../TrueNAS/nies_audio_recording/2024/ChirpArray/Akitsu/20240710_1002.wav,0.11186115,0.06918718,0.0665496,1.0042279,0.0022444203
../TrueNAS/nies_audio_recording/2024/ChirpArray/Akitsu/20240710_1010.wav,0.62779516,0.05320534,0.032359358,0.98282534,-0.013438202
../TrueNAS/nies_audio_recording/2024/ChirpArray/Akitsu/20240710_1100.wav,0.07316898,0.20943329,0.030577134,0.9860219,-0.017268037
../TrueNAS/nies_audio_recording/2024/ChirpArray/Akitsu/20240710_1110.wav,0.12946539,0.025830887,0.02143177,0.9758296,-0.011132501
../TrueNAS/nies_audio_recording/2024/ChirpArray/Akitsu/20240710_1200.wav,0.14288795,0.09519177,0.032037865,0.9889863,-0.020648092
../TrueNAS/nies_audio_recording/2024/ChirpArray/Akitsu/20240710_1210.wav,0.7764283,0.029516347,0.036123987,0.98530316,-0.022289835
../TrueNAS/nies_audio_recording/2024/ChirpArray/Akitsu/20240710_1300.wav,0.10649521,0.07110947,0.023940604,0.9849959,-0.012384471
../TrueNAS/nies_audio_recording/2024/ChirpArray/Akitsu/20240710_1310.wav,0.31509984,0.114644766,0.01896542,0.9892644,-0.027040271
../TrueNAS/nies_audio_recording/2024/ChirpArray/Akitsu/20240710_1403.wav,0.19038773,0.03670448,0.02487119,0.9885878,-0.029700365
../TrueNAS/nies_audio_recording/2024/ChirpArray/Akitsu/20240710_1410.wav,0.057638973,0.025379658,0.03271986,0.98290235,-0.014790453
../TrueNAS/nies_audio_recording/2024/ChirpArray/Akitsu/20240710_1500.wav,0.18929797,0.012742743,0.030051593,0.99184865,-0.02790124
../TrueNAS/nies_audio_recording/2024/ChirpArray/Akitsu/20240710_1510.wav,0.51164603,0.014017127,0.041465428,0.9835532,-0.019549657
../TrueNAS/nies_audio_recording/2024/ChirpArray/Akitsu/20240710_1600.wav,0.063703895,0.22815925,0.019069653,0.99792826,-0.0064976625
../TrueNAS/nies_audio_recording/2024/ChirpArray/Akitsu/20240710_1610.wav,0.3655896,0.014420025,0.036497142,1.0040295,0.6601449
../TrueNAS/nies_audio_recording/2024/ChirpArray/Akitsu/20240710_1700.wav,0.564582,0.08794121,0.028744925,0.9922505,-0.015868135
../TrueNAS/nies_audio_recording/2024/ChirpArray/Akitsu/20240710_1710.wav,0.2362501,0.116257094,0.024784926,0.99570566,-0.0149182305
../TrueNAS/nies_audio_recording/2024/ChirpArray/Akitsu/20240710_1800.wav,0.10502523,0.62191087,0.020253595,0.9944995,-0.0134505555
../TrueNAS/nies_audio_recording/2024/ChirpArray/Akitsu/20240710_1810.wav,0.2921835,1.018534,0.029870074,1.017491,-0.026314368
../TrueNAS/nies_audio_recording/2024/ChirpArray/Akitsu/20240710_1900.wav,0.34594488,0.024232551,0.024465214,0.9975273,-0.027383193
../TrueNAS/nies_audio_recording/2024/ChirpArray/Akitsu/20240710_1910.wav,0.060724147,0.024808995,0.022536498,0.99005514,-0.029077467
../TrueNAS/nies_audio_recording/2024/ChirpArray/Akitsu/20240710_2000.wav,0.019673191,0.008059716,-0.00018936023,0.008379959,0.018337548
../TrueNAS/nies_audio_recording/2024/ChirpArray/Akitsu/20240710_2010.wav,0.021829177,0.0032657944,-0.003377635,0.00894662,0.014197715
../TrueNAS/nies_audio_recording/2024/ChirpArray/Akitsu/20240710_2100.wav,0.03507094,0.005632248,-0.0028233267,0.011416942,0.018326081
../TrueNAS/nies_audio_recording/2024/ChirpArray/Akitsu/20240710_2110.wav,0.022587724,0.0049130116,-0.004369583,0.012271531,0.013742939
../TrueNAS/nies_audio_recording/2024/ChirpArray/Akitsu/20240710_2200.wav,0.016065292,0.0055963285,-0.00477523,0.010878637,0.006748792
../TrueNAS/nies_audio_recording/2024/ChirpArray/Akitsu/20240710_2210.wav,0.02107916,0.031137377,-0.003605418,0.016305514,0.01249177
../TrueNAS/nies_audio_recording/2024/ChirpArray/Akitsu/20240710_2300.wav,0.014576882,0.002983477,-0.005447369,0.012366042,0.00949702
../TrueNAS/nies_audio_recording/2024/ChirpArray/Akitsu/20240710_2310.wav,0.017691962,0.0036686808,-0.004867699,0.011433311,0.014452737
../TrueNAS/nies_audio_recording/2024/ChirpArray/Akitsu/20240711_0000.wav,0.034627333,0.045452356,1.3872981e-05,0.010860868,0.01855734
../TrueNAS/nies_audio_recording/2024/ChirpArray/Akitsu/20240711_0100.wav,0.020838127,0.0027948692,-0.0007568784,0.013277918,0.007139802
../TrueNAS/nies_audio_recording/2024/ChirpArray/Akitsu/20240711_0110.wav,0.019408368,0.0032662135,-0.0019124635,0.021093413,0.0086520985
../TrueNAS/nies_audio_recording/2024/ChirpArray/Akitsu/20240711_0200.wav,0.019644566,0.005814992,0.0013209209,0.015028521,0.0066985525
../TrueNAS/nies_audio_recording/2024/ChirpArray/Akitsu/20240711_0210.wav,0.019610137,0.0020027347,0.0021260157,0.016919523,0.01172898
../TrueNAS/nies_audio_recording/2024/ChirpArray/Akitsu/20240711_0300.wav,0.025070794,0.06088787,0.0017057545,0.013673633,0.031215489
../TrueNAS/nies_audio_recording/2024/ChirpArray/Akitsu/20240711_0310.wav,0.023481153,0.21070011,0.004406523,0.0120424405,0.13540216
../TrueNAS/nies_audio_recording/2024/ChirpArray/Akitsu/20240711_0400.wav,0.022944517,0.005306445,-0.0039832927,0.016556606,0.0035236962
../TrueNAS/nies_audio_recording/2024/ChirpArray/Akitsu/20240711_0410.wav,0.08979601,0.37907875,0.017807852,0.99580365,0.02107495
../TrueNAS/nies_audio_recording/2024/ChirpArray/Akitsu/20240711_0500.wav,0.81091017,0.87504476,0.019729871,0.9875668,0.05798903
../TrueNAS/nies_audio_recording/2024/ChirpArray/Akitsu/20240711_0510.wav,0.061420046,0.9353449,0.02091482,0.998717,0.015943483
../TrueNAS/nies_audio_recording/2024/ChirpArray/Akitsu/20240711_0600.wav,0.7515692,1.0120173,0.021974351,0.9979829,-0.017030679
../TrueNAS/nies_audio_recording/2024/ChirpArray/Akitsu/20240711_0610.wav,0.67592734,0.031113215,0.02719618,0.9925529,-0.0152603425
../TrueNAS/nies_audio_recording/2024/ChirpArray/Akitsu/20240711_0700.wav,0.17925516,0.8981964,0.015912082,0.9982075,-0.022025257
../TrueNAS/nies_audio_recording/2024/ChirpArray/Akitsu/20240711_0710.wav,0.13030267,1.0105053,0.028877493,1.0003359,-0.0028052703
../TrueNAS/nies_audio_recording/2024/ChirpArray/Akitsu/20240711_0800.wav,0.1693824,0.05365675,0.020513836,0.9810385,-0.021743577
../TrueNAS/nies_audio_recording/2024/ChirpArray/Akitsu/20240711_0810.wav,0.13167721,0.024331264,0.031183477,0.9806344,0.109271675
../TrueNAS/nies_audio_recording/2024/ChirpArray/Akitsu/20240711_0900.wav,0.6968563,0.088917136,0.031034198,0.9797589,-0.025371632
../TrueNAS/nies_audio_recording/2024/ChirpArray/Akitsu/20240711_0910.wav,0.13288721,0.10710654,0.02514733,0.983386,-0.028895538
../TrueNAS/nies_audio_recording/2024/ChirpArray/Akitsu/20240711_1000.wav,0.075018175,0.21405393,0.021785777,0.9901253,0.33358192
../TrueNAS/nies_audio_recording/2024/ChirpArray/Akitsu/20240711_1005.wav,0.20030129,0.94415444,0.016484309,1.019703,-0.018411571
../TrueNAS/nies_audio_recording/2024/ChirpArray/Akitsu/20240711_1015.wav,0.14061472,0.7646583,0.025621388,0.9826547,0.019483492
../TrueNAS/nies_audio_recording/2024/ChirpArray/Akitsu/20240711_1100.wav,0.06015482,0.7729808,0.027931843,0.9893828,0.022275046
../TrueNAS/nies_audio_recording/2024/ChirpArray/Akitsu/20240711_1110.wav,0.7466913,0.020314954,0.05516052,0.9845332,-0.009381488
../TrueNAS/nies_audio_recording/2024/ChirpArray/Akitsu/20240711_1200.wav,0.10885917,0.77632,0.031294268,1.0089962,0.57218945
../TrueNAS/nies_audio_recording/2024/ChirpArray/Akitsu/20240711_1210.wav,0.54936427,0.27055222,0.016617965,0.9913949,-0.028850298
../TrueNAS/nies_audio_recording/2024/ChirpArray/Akitsu/20240711_1300.wav,0.16802086,0.9571671,0.0639313,0.9957529,-0.006449431
../TrueNAS/nies_audio_recording/2024/ChirpArray/Akitsu/20240711_1310.wav,0.6174204,0.12844583,0.02551287,0.98298234,-0.019623116
../TrueNAS/nies_audio_recording/2024/ChirpArray/Akitsu/20240711_1400.wav,0.31882727,1.0067799,0.01746751,0.9985781,-0.02601465
../TrueNAS/nies_audio_recording/2024/ChirpArray/Akitsu/20240711_1410.wav,0.113228485,0.042837575,0.07490194,0.98737043,0.014242575
../TrueNAS/nies_audio_recording/2024/ChirpArray/Akitsu/20240711_1500.wav,0.46251094,0.32248384,0.033660877,0.993133,-0.016646096
../TrueNAS/nies_audio_recording/2024/ChirpArray/Akitsu/20240711_1510.wav,0.15096673,0.007900253,0.02315123,0.9959776,0.06776008
../TrueNAS/nies_audio_recording/2024/ChirpArray/Akitsu/20240711_1600.wav,0.43829754,0.25474614,0.021475118,0.9831379,-0.015235856
../TrueNAS/nies_audio_recording/2024/ChirpArray/Akitsu/20240711_1610.wav,0.9397938,0.10610502,0.033783134,0.9858307,-0.013472453
../TrueNAS/nies_audio_recording/2024/ChirpArray/Akitsu/20240711_1700.wav,0.7410412,0.1319775,0.017588366,0.988736,0.016515516
../TrueNAS/nies_audio_recording/2024/ChirpArray/Akitsu/20240711_1710.wav,0.056577913,0.0172472,0.019647118,0.9871959,0.0072468147
../TrueNAS/nies_audio_recording/2024/ChirpArray/Akitsu/20240711_1800.wav,0.371073,0.9503268,0.01388998,0.9871579,-0.010032147
../TrueNAS/nies_audio_recording/2024/ChirpArray/Akitsu/20240711_1810.wav,0.16454603,0.04329042,0.04627722,0.9854005,-0.018882759
../TrueNAS/nies_audio_recording/2024/ChirpArray/Akitsu/20240711_1900.wav,0.1430035,0.077254504,0.049364794,0.9959844,-0.027667047
../TrueNAS/nies_audio_recording/2024/ChirpArray/Akitsu/20240711_1910.wav,0.11873293,0.04634195,0.02108955,0.9941171,-0.034180216
../TrueNAS/nies_audio_recording/2024/ChirpArray/Akitsu/20240711_2000.wav,0.029331416,0.005655989,-0.009558294,0.0029978454,0.024935484
../TrueNAS/nies_audio_recording/2024/ChirpArray/Akitsu/20240711_2010.wav,0.01652605,0.007636845,-0.011789318,0.0031939447,0.011393957
../TrueNAS/nies_audio_recording/2024/ChirpArray/Akitsu/20240711_2100.wav,0.027703553,0.017314043,-0.0034001432,0.008057505,0.033829093
../TrueNAS/nies_audio_recording/2024/ChirpArray/Akitsu/20240711_2110.wav,0.028118566,0.24819879,-0.008639749,0.0005092621,0.01856225
../TrueNAS/nies_audio_recording/2024/ChirpArray/Akitsu/20240711_2200.wav,0.01883623,-0.0024200361,-0.010208406,0.0135153085,0.009216554
../TrueNAS/nies_audio_recording/2024/ChirpArray/Akitsu/20240711_2210.wav,0.0260237,1.6275793e-05,-0.008087058,0.012692131,0.017984912
../TrueNAS/nies_audio_recording/2024/ChirpArray/Akitsu/20240711_2300.wav,0.03251885,0.16231011,-0.0072704256,0.00062952936,0.026113987
../TrueNAS/nies_audio_recording/2024/ChirpArray/Akitsu/20240711_2310.wav,0.02486271,0.07056892,-0.007691197,0.018576503,0.0145333335
../TrueNAS/nies_audio_recording/2024/ChirpArray/Akitsu/20240712_0000.wav,0.018521816,-0.00085924007,-0.0050569437,0.0045928955,0.013334785
../TrueNAS/nies_audio_recording/2024/ChirpArray/Akitsu/20240712_0100.wav,0.021713354,0.026785228,-0.0055109523,0.0014199167,0.0129076615
../TrueNAS/nies_audio_recording/2024/ChirpArray/Akitsu/20240712_0110.wav,0.021035898,0.013077994,-0.0076799653,0.0028050914,0.013048336
../TrueNAS/nies_audio_recording/2024/ChirpArray/Akitsu/20240712_0200.wav,0.019862607,0.04037387,-0.007610228,0.0058368295,0.010310173
../TrueNAS/nies_audio_recording/2024/ChirpArray/Akitsu/20240712_0210.wav,0.025604464,0.00064180046,-0.0060880147,0.007972434,0.01931709
../TrueNAS/nies_audio_recording/2024/ChirpArray/Akitsu/20240712_0300.wav,0.024316564,0.0006301068,-0.0068902373,0.0053254664,0.015973717
../TrueNAS/nies_audio_recording/2024/ChirpArray/Akitsu/20240712_0310.wav,0.029696845,0.30587608,-0.0003964752,0.007130593,0.13728401
../TrueNAS/nies_audio_recording/2024/ChirpArray/Akitsu/20240712_0400.wav,0.026405893,0.014793733,-0.005017016,0.0104497,0.012941547
../TrueNAS/nies_audio_recording/2024/ChirpArray/Akitsu/20240712_0410.wav,0.26817656,0.5995195,0.017449845,0.99480957,0.017490484
../TrueNAS/nies_audio_recording/2024/ChirpArray/Akitsu/20240712_0500.wav,0.11460878,0.5189088,0.0030350015,0.9769817,0.097175136
../TrueNAS/nies_audio_recording/2024/ChirpArray/Akitsu/20240712_0510.wav,0.083646394,0.89256877,0.021301072,1.0035517,-0.015914463
../TrueNAS/nies_audio_recording/2024/ChirpArray/Akitsu/20240712_0600.wav,0.60157293,0.39625376,0.077610984,0.7092611,0.36968645
../TrueNAS/nies_audio_recording/2024/ChirpArray/Akitsu/20240712_0612.wav,0.024719626,0.21964453,-0.003382977,0.00844007,0.011246748
../TrueNAS/nies_audio_recording/2024/ChirpArray/Akitsu/20240712_0700.wav,0.044592932,0.0062886216,-0.0072928257,0.009825781,0.009579882
../TrueNAS/nies_audio_recording/2024/ChirpArray/Akitsu/20240712_0710.wav,0.045940377,0.53299826,-0.0054027215,0.8532241,0.026537105
../TrueNAS/nies_audio_recording/2024/ChirpArray/Akitsu/20240712_0800.wav,0.03963878,0.43907738,-0.0076487027,0.9061885,0.013980489
../TrueNAS/nies_audio_recording/2024/ChirpArray/Akitsu/20240712_0810.wav,0.505597,0.12001513,0.102829546,0.97635776,-0.014206685
../TrueNAS/nies_audio_recording/2024/ChirpArray/Akitsu/20240712_0900.wav,0.1218282,0.011606537,0.026434157,0.98328483,-0.016468525
../TrueNAS/nies_audio_recording/2024/ChirpArray/Akitsu/20240712_0910.wav,0.09214642,0.054921642,0.0342984,0.9856431,-0.031242466
../TrueNAS/nies_audio_recording/2024/ChirpArray/Akitsu/20240712_1000.wav,0.60485584,0.052228756,0.02070665,0.98305184,-0.028126843
../TrueNAS/nies_audio_recording/2024/ChirpArray/Akitsu/20240712_1010.wav,0.14256072,0.0045795813,0.015716162,0.98598725,-0.032540396
../TrueNAS/nies_audio_recording/2024/ChirpArray/Akitsu/20240712_1100.wav,0.21617937,0.06688627,0.077278495,0.99231964,0.010565128
../TrueNAS/nies_audio_recording/2024/ChirpArray/Akitsu/20240712_1110.wav,0.93227994,0.98102146,0.9615978,1.0264062,0.94412565
../TrueNAS/nies_audio_recording/2024/ChirpArray/Akitsu/20240712_1200.wav,0.18031093,0.8471083,0.021289285,1.002444,0.42231834
../TrueNAS/nies_audio_recording/2024/ChirpArray/Akitsu/20240712_1210.wav,0.48357087,0.084531136,0.07564762,0.97995543,0.029421374
../TrueNAS/nies_audio_recording/2024/ChirpArray/Akitsu/20240712_1300.wav,0.17233637,0.0054713786,0.01612543,0.98866826,-0.03139431
../TrueNAS/nies_audio_recording/2024/ChirpArray/Akitsu/20240712_1310.wav,0.6042381,0.22851144,0.031331975,0.98882926,-0.031772837
../TrueNAS/nies_audio_recording/2024/ChirpArray/Akitsu/20240712_1400.wav,0.61744845,0.19485949,0.15207262,0.9748202,0.023660168
../TrueNAS/nies_audio_recording/2024/ChirpArray/Akitsu/20240712_1410.wav,0.11939789,0.52576226,-0.003342364,0.02006884,0.042452052
../TrueNAS/nies_audio_recording/2024/ChirpArray/Akitsu/20240712_1500.wav,0.35993332,0.9405578,0.0207589,0.97113985,0.21568742
../TrueNAS/nies_audio_recording/2024/ChirpArray/Akitsu/20240712_1510.wav,0.046540774,0.15904771,0.0019294992,0.013278447,0.0898
../TrueNAS/nies_audio_recording/2024/ChirpArray/Akitsu/20240712_1600.wav,0.090629354,0.04971204,0.0013370477,0.94528776,0.022297665
../TrueNAS/nies_audio_recording/2024/ChirpArray/Akitsu/20240712_1612.wav,0.63816035,0.097779945,0.024537813,0.98247045,0.012386158
../TrueNAS/nies_audio_recording/2024/ChirpArray/Akitsu/20240712_1700.wav,0.24836788,0.10186144,0.01015918,0.9566461,0.018668354
../TrueNAS/nies_audio_recording/2024/ChirpArray/Akitsu/20240712_1710.wav,0.033013135,0.0034492034,-0.007441599,0.011382267,0.017468005
../TrueNAS/nies_audio_recording/2024/ChirpArray/Akitsu/20240712_1800.wav,0.53533435,0.054077037,0.014426772,0.99515045,-0.024903316
../TrueNAS/nies_audio_recording/2024/ChirpArray/Akitsu/20240712_1810.wav,0.6804325,0.14111462,0.034653943,0.99633235,-0.02868411
../TrueNAS/nies_audio_recording/2024/ChirpArray/Akitsu/20240712_1900.wav,0.17275648,0.040619373,0.011826973,0.9942062,-0.03147421
../TrueNAS/nies_audio_recording/2024/ChirpArray/Akitsu/20240712_1910.wav,0.42946726,0.020981409,0.01658864,0.99807805,-0.023556184
../TrueNAS/nies_audio_recording/2024/ChirpArray/Akitsu/20240712_2000.wav,0.022072777,0.0030488968,-0.0041136295,0.006905049,0.009187765
../TrueNAS/nies_audio_recording/2024/ChirpArray/Akitsu/20240712_2010.wav,0.019641422,0.0032846555,-0.007242702,0.008307867,0.01402209
../TrueNAS/nies_audio_recording/2024/ChirpArray/Akitsu/20240712_2100.wav,0.026428513,0.17305872,-0.008208819,0.0048157945,0.01229126
../TrueNAS/nies_audio_recording/2024/ChirpArray/Akitsu/20240712_2110.wav,0.01670187,0.0051431023,-0.0015873984,0.020705484,0.015841141
../TrueNAS/nies_audio_recording/2024/ChirpArray/Akitsu/20240712_2200.wav,0.022551708,0.0025556833,-0.008883107,0.0017685965,0.013465539
../TrueNAS/nies_audio_recording/2024/ChirpArray/Akitsu/20240712_2210.wav,0.017184116,0.017684242,-0.010688189,0.0005059466,0.0100508705
../TrueNAS/nies_audio_recording/2024/ChirpArray/Akitsu/20240712_2300.wav,0.024539668,0.009681232,-0.009374775,0.004770085,0.016976207
../TrueNAS/nies_audio_recording/2024/ChirpArray/Akitsu/20240712_2310.wav,0.019298725,0.0016635396,-0.00816885,0.008036278,0.010829274
../TrueNAS/nies_audio_recording/2024/ChirpArray/Akitsu/20240713_0000.wav,0.026785433,-0.0006336607,-0.005774066,0.0029544681,0.011428103
../TrueNAS/nies_audio_recording/2024/ChirpArray/Akitsu/20240713_0100.wav,0.025096208,-0.0019378923,-0.006860964,0.010762155,0.015049376
../TrueNAS/nies_audio_recording/2024/ChirpArray/Akitsu/20240713_0110.wav,0.023717668,0.004338812,-0.00784431,0.0038447157,0.015736625
../TrueNAS/nies_audio_recording/2024/ChirpArray/Akitsu/20240713_0200.wav,0.021996148,-0.0027846135,-0.006316982,0.0028001443,0.034449935
../TrueNAS/nies_audio_recording/2024/ChirpArray/Akitsu/20240713_0210.wav,0.025249168,0.09457156,-0.007005211,0.0039624125,0.069125906
../TrueNAS/nies_audio_recording/2024/ChirpArray/Akitsu/20240713_0302.wav,0.032552503,0.0017758347,-0.011684377,0.002936922,0.019818947
../TrueNAS/nies_audio_recording/2024/ChirpArray/Akitsu/20240713_0310.wav,0.02083005,-0.0025516637,-0.005278837,0.0041920096,0.009818524
../TrueNAS/nies_audio_recording/2024/ChirpArray/Akitsu/20240713_0400.wav,0.026584122,-0.0031511262,-0.008360766,-0.0014448091,0.024978355
../TrueNAS/nies_audio_recording/2024/ChirpArray/Akitsu/20240713_0410.wav,0.55185115,0.81076443,0.0072011426,0.9612853,0.024503618
../TrueNAS/nies_audio_recording/2024/ChirpArray/Akitsu/20240713_0500.wav,0.0520534,0.89569855,-0.0060161464,0.1263142,0.017619915
../TrueNAS/nies_audio_recording/2024/ChirpArray/Akitsu/20240713_0510.wav,0.03790288,0.037829474,-0.008379657,0.6906319,0.008523483
../TrueNAS/nies_audio_recording/2024/ChirpArray/Akitsu/20240713_0600.wav,0.41721624,0.05620022,0.08982687,0.991797,-0.019057736
../TrueNAS/nies_audio_recording/2024/ChirpArray/Akitsu/20240713_0610.wav,0.75356084,0.013526626,0.030165214,0.991322,-0.03441475
../TrueNAS/nies_audio_recording/2024/ChirpArray/Akitsu/20240713_0700.wav,0.80819494,0.3218075,0.031754714,1.0001538,-0.032451972
../TrueNAS/nies_audio_recording/2024/ChirpArray/Akitsu/20240713_0710.wav,0.67042917,0.13726903,0.026648883,0.9957443,-0.03374052
../TrueNAS/nies_audio_recording/2024/ChirpArray/Akitsu/20240713_0800.wav,0.4962507,0.04610143,0.028352838,0.99490094,0.12128174
../TrueNAS/nies_audio_recording/2024/ChirpArray/Akitsu/20240713_0810.wav,0.5069007,0.02590783,0.020644065,0.9929884,-0.029274816
../TrueNAS/nies_audio_recording/2024/ChirpArray/Akitsu/20240713_0900.wav,0.5794864,0.010664314,0.020383712,0.9850644,-0.027849963
../TrueNAS/nies_audio_recording/2024/ChirpArray/Akitsu/20240713_0910.wav,0.6687173,0.028061926,0.03591669,0.98527783,-0.018680274
../TrueNAS/nies_audio_recording/2024/ChirpArray/Akitsu/20240713_1000.wav,0.6015006,0.27393684,0.024468567,0.9923747,-0.0236372
../TrueNAS/nies_audio_recording/2024/ChirpArray/Akitsu/20240713_1010.wav,0.48536015,0.07996922,0.01279008,0.97824466,-0.008257564
../TrueNAS/nies_audio_recording/2024/ChirpArray/Akitsu/20240713_1100.wav,0.07389279,0.039011255,0.028471556,0.98743737,0.06941988
../TrueNAS/nies_audio_recording/2024/ChirpArray/Akitsu/20240713_1110.wav,0.95152086,0.011848703,0.034162294,0.99200904,-0.021545118
../TrueNAS/nies_audio_recording/2024/ChirpArray/Akitsu/20240713_1200.wav,0.1417799,0.2810598,0.012977656,0.9916257,-0.019682327
../TrueNAS/nies_audio_recording/2024/ChirpArray/Akitsu/20240713_1210.wav,0.26866475,0.99743754,0.020646159,0.99671084,-0.013612829
../TrueNAS/nies_audio_recording/2024/ChirpArray/Akitsu/20240713_1302.wav,0.40711743,0.038192466,0.023597326,0.99751675,-0.00060466677
../TrueNAS/nies_audio_recording/2024/ChirpArray/Akitsu/20240713_1310.wav,0.16965717,0.16495934,0.018954981,0.99245316,-0.028756306
../TrueNAS/nies_audio_recording/2024/ChirpArray/Akitsu/20240713_1400.wav,0.29459497,0.009112842,0.028363299,0.9911166,-0.019787356
../TrueNAS/nies_audio_recording/2024/ChirpArray/Akitsu/20240713_1410.wav,0.3110907,0.24738425,0.031196374,0.9884135,-0.015444495
../TrueNAS/nies_audio_recording/2024/ChirpArray/Akitsu/20240713_1500.wav,0.22572148,0.035426132,0.107800886,0.998048,-0.014089212
../TrueNAS/nies_audio_recording/2024/ChirpArray/Akitsu/20240713_1510.wav,0.5051557,0.028654397,0.025186587,0.9959533,0.013579082
../TrueNAS/nies_audio_recording/2024/ChirpArray/Akitsu/20240713_1600.wav,0.2747084,0.06282158,0.036771763,0.9909405,0.004097704
../TrueNAS/nies_audio_recording/2024/ChirpArray/Akitsu/20240713_1610.wav,0.20917442,0.21151215,0.024605136,0.9932835,-0.02912525
../TrueNAS/nies_audio_recording/2024/ChirpArray/Akitsu/20240713_1700.wav,0.34939194,0.11561773,0.016518246,0.98748356,-0.0321943
../TrueNAS/nies_audio_recording/2024/ChirpArray/Akitsu/20240713_1710.wav,0.7378375,0.06475124,0.025565002,0.994286,-0.02195601
../TrueNAS/nies_audio_recording/2024/ChirpArray/Akitsu/20240713_1800.wav,0.33479646,0.02462864,0.068636745,0.98593813,-0.030995721
../TrueNAS/nies_audio_recording/2024/ChirpArray/Akitsu/20240713_1810.wav,0.3671568,0.015313923,0.026039463,0.99136704,-0.02731879
../TrueNAS/nies_audio_recording/2024/ChirpArray/Akitsu/20240713_1900.wav,0.8097506,0.0077560097,0.037045043,0.99809194,-0.03158021
../TrueNAS/nies_audio_recording/2024/ChirpArray/Akitsu/20240713_1910.wav,0.4807708,0.00502456,0.07729629,1.0078133,-0.028354846
../TrueNAS/nies_audio_recording/2024/ChirpArray/Akitsu/20240713_2000.wav,0.027955964,0.032846726,-0.006472446,0.008552119,0.017640345
../TrueNAS/nies_audio_recording/2024/ChirpArray/Akitsu/20240713_2010.wav,0.026395943,0.00096844696,-0.005778499,0.008196101,0.012167044
../TrueNAS/nies_audio_recording/2024/ChirpArray/Akitsu/20240713_2100.wav,0.026047312,0.035988502,-0.008509006,0.0063724667,0.012343504
../TrueNAS/nies_audio_recording/2024/ChirpArray/Akitsu/20240713_2110.wav,0.02589383,0.02656329,-0.00771581,0.003109388,0.022575922
../TrueNAS/nies_audio_recording/2024/ChirpArray/Akitsu/20240713_2200.wav,0.028336927,0.005108755,-0.0076846853,0.0058682263,0.019266963
../TrueNAS/nies_audio_recording/2024/ChirpArray/Akitsu/20240713_2210.wav,0.02139321,0.005375348,-0.009281572,0.0047874153,0.037237495
../TrueNAS/nies_audio_recording/2024/ChirpArray/Akitsu/20240713_2300.wav,0.023936711,0.10965325,-0.0040172897,0.004630506,0.015445992
../TrueNAS/nies_audio_recording/2024/ChirpArray/Akitsu/20240713_2310.wav,0.032119915,0.17961085,-0.005299568,0.007080853,0.40572092
../TrueNAS/nies_audio_recording/2024/ChirpArray/Akitsu/20240714_0000.wav,0.023440868,0.0039892383,0.0007645823,0.027035326,0.013588786
../TrueNAS/nies_audio_recording/2024/ChirpArray/Akitsu/20240714_0100.wav,0.020876631,0.2583493,-0.0042556375,0.028294086,0.012302306
../TrueNAS/nies_audio_recording/2024/ChirpArray/Akitsu/20240714_0110.wav,0.019665934,0.12078978,0.0001396425,0.028312549,0.005289413
../TrueNAS/nies_audio_recording/2024/ChirpArray/Akitsu/20240714_0200.wav,0.028105363,0.25832117,-0.0062457025,0.010447577,0.009725943
../TrueNAS/nies_audio_recording/2024/ChirpArray/Akitsu/20240714_0210.wav,0.0247611,0.047150504,-0.0002924353,0.020357355,0.008020848
../TrueNAS/nies_audio_recording/2024/ChirpArray/Akitsu/20240714_0300.wav,0.028781086,0.69072264,-0.0059262402,0.010904156,0.01880955
../TrueNAS/nies_audio_recording/2024/ChirpArray/Akitsu/20240714_0310.wav,0.03026712,0.099795975,-0.004828889,0.00570067,0.011433933
../TrueNAS/nies_audio_recording/2024/ChirpArray/Akitsu/20240714_0400.wav,0.023663856,0.06418428,-0.0098982975,0.009873763,0.0075514764
../TrueNAS/nies_audio_recording/2024/ChirpArray/Akitsu/20240714_0410.wav,0.04413199,0.74450713,-0.005366493,0.00980375,0.012651604
../TrueNAS/nies_audio_recording/2024/ChirpArray/Akitsu/20240714_0500.wav,0.9633754,0.039103687,0.021826115,0.98149925,0.0045637973
../TrueNAS/nies_audio_recording/2024/ChirpArray/Akitsu/20240714_0510.wav,0.116157904,0.9588626,0.0043410845,0.9657833,0.016768023
../TrueNAS/nies_audio_recording/2024/ChirpArray/Akitsu/20240714_0600.wav,0.25389722,0.1684944,0.020900857,0.9801666,0.024384752
../TrueNAS/nies_audio_recording/2024/ChirpArray/Akitsu/20240714_0610.wav,0.054708593,0.37700754,0.71725607,0.6957748,0.02567704
../TrueNAS/nies_audio_recording/2024/ChirpArray/Akitsu/20240714_0700.wav,0.033610784,0.0934946,0.015660238,0.0222238,0.531211
../TrueNAS/nies_audio_recording/2024/ChirpArray/Akitsu/20240714_0710.wav,0.15693837,0.08284607,-0.0064813606,0.03793452,0.29986313
../TrueNAS/nies_audio_recording/2024/ChirpArray/Akitsu/20240714_0800.wav,0.05657158,0.07047948,0.002998136,0.94879305,0.028337032
../TrueNAS/nies_audio_recording/2024/ChirpArray/Akitsu/20240714_0810.wav,0.6514296,0.20678404,0.13217677,0.9904784,0.020056851
../TrueNAS/nies_audio_recording/2024/ChirpArray/Akitsu/20240714_0900.wav,0.40914458,0.81498325,0.019694183,0.9916535,-0.028950991
../TrueNAS/nies_audio_recording/2024/ChirpArray/Akitsu/20240714_0910.wav,0.4897949,0.11988303,0.9801258,1.0363288,-0.016270738
../TrueNAS/nies_audio_recording/2024/ChirpArray/Akitsu/20240714_1000.wav,0.4328803,0.061441556,0.035387974,0.99032646,-0.028297108
../TrueNAS/nies_audio_recording/2024/ChirpArray/Akitsu/20240714_1010.wav,0.40935963,0.008713827,0.03167058,0.9931081,-0.02499922
../TrueNAS/nies_audio_recording/2024/ChirpArray/Akitsu/20240714_1100.wav,0.34779364,0.0009448305,1.0064176,1.0296963,-0.0043050796
../TrueNAS/nies_audio_recording/2024/ChirpArray/Akitsu/20240714_1110.wav,0.7748845,0.015122004,0.02073529,0.99635047,-0.02891728
../TrueNAS/nies_audio_recording/2024/ChirpArray/Akitsu/20240714_1200.wav,0.32764494,0.023304708,0.024179813,0.9962285,-0.027002126
../TrueNAS/nies_audio_recording/2024/ChirpArray/Akitsu/20240714_1210.wav,0.49997437,0.009075701,1.0171629,1.0224603,-0.014529321
../TrueNAS/nies_audio_recording/2024/ChirpArray/Akitsu/20240714_1300.wav,0.7880437,0.013993472,0.027389538,0.99416465,-0.028861174
../TrueNAS/nies_audio_recording/2024/ChirpArray/Akitsu/20240714_1310.wav,0.21471637,0.049773544,0.2390609,1.0026964,-0.027900841
../TrueNAS/nies_audio_recording/2024/ChirpArray/Akitsu/20240714_1400.wav,0.4079703,0.69844896,0.88166165,1.0154556,-0.020536868
../TrueNAS/nies_audio_recording/2024/ChirpArray/Akitsu/20240714_1410.wav,0.53496,0.016603015,0.03828993,1.0011371,-0.029043773
../TrueNAS/nies_audio_recording/2024/ChirpArray/Akitsu/20240714_1500.wav,0.35087615,0.039790384,0.95234,1.0113369,-0.020583725
../TrueNAS/nies_audio_recording/2024/ChirpArray/Akitsu/20240714_1510.wav,0.57290715,0.012446374,0.018578228,0.98790705,-0.028879171
../TrueNAS/nies_audio_recording/2024/ChirpArray/Akitsu/20240714_1600.wav,0.62200147,0.03393372,0.031529557,0.9867458,-0.018214345
../TrueNAS/nies_audio_recording/2024/ChirpArray/Akitsu/20240714_1610.wav,0.6313013,0.004910782,0.030863587,0.99172145,-0.028740302
../TrueNAS/nies_audio_recording/2024/ChirpArray/Akitsu/20240714_1700.wav,0.21514872,0.013377704,0.023484264,0.99944204,-0.031494148
../TrueNAS/nies_audio_recording/2024/ChirpArray/Akitsu/20240714_1710.wav,0.8914312,0.81525207,0.029249769,1.0060655,-0.018819058
../TrueNAS/nies_audio_recording/2024/ChirpArray/Akitsu/20240714_1800.wav,0.07075522,0.029860564,0.01333655,0.9707814,0.008760415
../TrueNAS/nies_audio_recording/2024/ChirpArray/Akitsu/20240714_1810.wav,0.24638146,0.08784267,0.23155524,0.99155587,-0.029426828
../TrueNAS/nies_audio_recording/2024/ChirpArray/Akitsu/20240714_1900.wav,0.6040638,0.0007578805,0.019589167,0.9915213,-0.034182854
../TrueNAS/nies_audio_recording/2024/ChirpArray/Akitsu/20240714_1910.wav,0.20499551,0.010908157,0.11168341,0.98760533,0.021102652
../TrueNAS/nies_audio_recording/2024/ChirpArray/Akitsu/20240714_2000.wav,0.01445806,0.0012008063,-0.007263489,0.0049542636,0.011830188
../TrueNAS/nies_audio_recording/2024/ChirpArray/Akitsu/20240714_2010.wav,0.016580738,0.006810624,-0.0061510466,0.008922532,0.0073070526
../TrueNAS/nies_audio_recording/2024/ChirpArray/Akitsu/20240714_2100.wav,0.019351654,-0.0022478402,-0.007138606,0.0069088265,0.0124334395
../TrueNAS/nies_audio_recording/2024/ChirpArray/Akitsu/20240714_2110.wav,0.022531066,-0.0016944781,-0.0077368915,0.008311227,0.010050476
../TrueNAS/nies_audio_recording/2024/ChirpArray/Akitsu/20240714_2200.wav,0.020189352,-5.1878393e-05,-0.007843923,0.0067124814,0.01244317
../TrueNAS/nies_audio_recording/2024/ChirpArray/Akitsu/20240714_2210.wav,0.03144425,0.00018038973,-0.00691675,0.013986126,0.024444342
../TrueNAS/nies_audio_recording/2024/ChirpArray/Akitsu/20240714_2300.wav,0.015262328,0.0017921086,-0.004466422,0.0048640966,0.010846935
../TrueNAS/nies_audio_recording/2024/ChirpArray/Akitsu/20240714_2310.wav,0.020782672,0.0030640792,-0.0033979975,0.004533455,0.014326945
../TrueNAS/nies_audio_recording/2024/ChirpArray/Akitsu/20240715_0000.wav,0.025952391,-0.002396034,-0.009862483,0.0011047423,0.018271804
../TrueNAS/nies_audio_recording/2024/ChirpArray/Akitsu/20240715_0100.wav,0.016781323,0.019988667,-0.0067037567,0.013258576,0.014518857
../TrueNAS/nies_audio_recording/2024/ChirpArray/Akitsu/20240715_0110.wav,0.040603224,0.0777089,0.0047977716,0.010912724,0.030896232
../TrueNAS/nies_audio_recording/2024/ChirpArray/Akitsu/20240715_0200.wav,0.024229608,-0.0017451197,-0.004983451,0.005379498,0.018205434
../TrueNAS/nies_audio_recording/2024/ChirpArray/Akitsu/20240715_0210.wav,0.023485724,0.0007748157,-0.0053614676,0.008711733,0.016835734
../TrueNAS/nies_audio_recording/2024/ChirpArray/Akitsu/20240715_0300.wav,0.023709793,0.07597945,-0.005279377,0.0096490905,0.009211548
../TrueNAS/nies_audio_recording/2024/ChirpArray/Akitsu/20240715_0310.wav,0.023290388,0.1575077,-0.00459129,0.0064684376,0.019936234
../TrueNAS/nies_audio_recording/2024/ChirpArray/Akitsu/20240715_0400.wav,0.025690772,0.008096354,-0.004500907,-0.0021050572,0.026094586
../TrueNAS/nies_audio_recording/2024/ChirpArray/Akitsu/20240715_0410.wav,0.029379029,0.34271884,0.0013174303,0.00017834455,0.031646855
../TrueNAS/nies_audio_recording/2024/ChirpArray/Akitsu/20240715_0500.wav,0.5596426,0.4835087,0.055061538,0.9878421,0.2635717
../TrueNAS/nies_audio_recording/2024/ChirpArray/Akitsu/20240715_0510.wav,0.04050676,0.744845,-0.008099835,0.008381143,0.009977296
../TrueNAS/nies_audio_recording/2024/ChirpArray/Akitsu/20240715_0600.wav,0.029990941,0.008960329,0.010708448,0.015291505,0.012587793
../TrueNAS/nies_audio_recording/2024/ChirpArray/Akitsu/20240715_0610.wav,0.018713154,0.0031895582,-0.006331809,0.009531766,0.005783953
../TrueNAS/nies_audio_recording/2024/ChirpArray/Akitsu/20240715_0700.wav,0.048824113,0.8154768,-0.0065053888,0.0057781786,0.014009386
../TrueNAS/nies_audio_recording/2024/ChirpArray/Akitsu/20240715_0710.wav,0.55298907,0.043317705,0.03585164,0.9906762,0.014953986
../TrueNAS/nies_audio_recording/2024/ChirpArray/Akitsu/20240715_0800.wav,0.12073013,0.01935321,-0.0037723668,0.84971863,0.024410456
../TrueNAS/nies_audio_recording/2024/ChirpArray/Akitsu/20240715_0810.wav,0.25656325,0.04967604,0.010503661,0.94869316,0.017333835
../TrueNAS/nies_audio_recording/2024/ChirpArray/Akitsu/20240715_0900.wav,0.74536484,0.027682498,0.049997855,0.9925367,-0.024938708
../TrueNAS/nies_audio_recording/2024/ChirpArray/Akitsu/20240715_0910.wav,0.8353375,0.05971752,0.029623639,0.989505,-0.023046542
../TrueNAS/nies_audio_recording/2024/ChirpArray/Akitsu/20240715_1000.wav,0.4332057,0.04761807,0.034581106,0.9912366,0.05286161
../TrueNAS/nies_audio_recording/2024/ChirpArray/Akitsu/20240715_1010.wav,0.53842354,0.33464903,0.023702916,0.98795426,-0.02572969
../TrueNAS/nies_audio_recording/2024/ChirpArray/Akitsu/20240715_1100.wav,0.3586986,0.027778484,0.08650525,0.9996806,0.00087250024
../TrueNAS/nies_audio_recording/2024/ChirpArray/Akitsu/20240715_1110.wav,0.6635081,0.024999589,0.030713242,0.99283737,-0.027559562
../TrueNAS/nies_audio_recording/2024/ChirpArray/Akitsu/20240715_1200.wav,1.0141939,0.0012205541,1.003786,1.0322071,-0.012941144
../TrueNAS/nies_audio_recording/2024/ChirpArray/Akitsu/20240715_1210.wav,0.734456,0.007240586,0.09511295,0.9949705,-0.025254237
../TrueNAS/nies_audio_recording/2024/ChirpArray/Akitsu/20240715_1300.wav,0.736221,0.44054264,0.03350612,0.9881297,-0.025571397
../TrueNAS/nies_audio_recording/2024/ChirpArray/Akitsu/20240715_1310.wav,0.61338156,0.079464324,0.023718785,0.99549764,-0.020418083
../TrueNAS/nies_audio_recording/2024/ChirpArray/Akitsu/20240715_1400.wav,0.9126952,0.0067629293,0.097092316,0.9905748,-0.023941297
../TrueNAS/nies_audio_recording/2024/ChirpArray/Akitsu/20240715_1410.wav,0.7882112,0.23269027,0.024658326,0.98707825,-0.0167362
../TrueNAS/nies_audio_recording/2024/ChirpArray/Akitsu/20240715_1500.wav,0.52045923,0.022798926,0.016388115,1.0015353,-0.034811784
../TrueNAS/nies_audio_recording/2024/ChirpArray/Akitsu/20240715_1510.wav,0.95820016,0.028299443,0.059571225,0.9970788,-0.032361053
../TrueNAS/nies_audio_recording/2024/ChirpArray/Akitsu/20240715_1600.wav,0.89233977,0.07842594,0.07415229,0.9876875,-0.023087554
../TrueNAS/nies_audio_recording/2024/ChirpArray/Akitsu/20240715_1610.wav,0.83195895,0.037289545,0.023827728,0.98977834,-0.023258317
../TrueNAS/nies_audio_recording/2024/ChirpArray/Akitsu/20240715_1700.wav,0.11351343,0.03974595,0.032936614,0.977788,0.007317789
../TrueNAS/nies_audio_recording/2024/ChirpArray/Akitsu/20240715_1710.wav,0.05954691,0.017077863,-0.0022046901,0.9336284,0.02076412
../TrueNAS/nies_audio_recording/2024/ChirpArray/Akitsu/20240715_1800.wav,0.23334715,0.045361653,0.015210126,0.96977484,0.008974753
../TrueNAS/nies_audio_recording/2024/ChirpArray/Akitsu/20240715_1810.wav,0.43808198,0.054947995,0.109346434,0.98350954,0.009048305
../TrueNAS/nies_audio_recording/2024/ChirpArray/Akitsu/20240715_1900.wav,0.9947878,0.011864133,0.29013845,0.99233466,-0.025560489
../TrueNAS/nies_audio_recording/2024/ChirpArray/Akitsu/20240715_1910.wav,0.22488865,0.004399821,0.014979493,0.9826881,-0.02251137
../TrueNAS/nies_audio_recording/2024/ChirpArray/Akitsu/20240715_2000.wav,0.016368568,0.0012730546,-0.0110630505,0.0093443245,0.012034796
../TrueNAS/nies_audio_recording/2024/ChirpArray/Akitsu/20240715_2010.wav,0.021082584,0.004132271,-0.007981699,0.007851422,0.010315672
../TrueNAS/nies_audio_recording/2024/ChirpArray/Akitsu/20240715_2100.wav,0.02268482,0.014422334,-0.0068807416,0.008693069,0.010180131
../TrueNAS/nies_audio_recording/2024/ChirpArray/Akitsu/20240715_2110.wav,0.017040282,-0.00042491592,-0.009150468,0.0041344613,0.008405294
../TrueNAS/nies_audio_recording/2024/ChirpArray/Akitsu/20240715_2200.wav,0.024103187,0.0013268031,-0.009871513,0.0067136586,0.01184883
../TrueNAS/nies_audio_recording/2024/ChirpArray/Akitsu/20240715_2210.wav,0.020334028,0.096034974,-0.008674059,0.008523762,0.009910803
../TrueNAS/nies_audio_recording/2024/ChirpArray/Akitsu/20240715_2300.wav,0.015203558,0.0016345382,-0.0046247393,0.001472339,0.009785555
../TrueNAS/nies_audio_recording/2024/ChirpArray/Akitsu/20240715_2310.wav,0.021492459,-0.0021331385,-0.0063446946,0.0052105337,0.017694756
../TrueNAS/nies_audio_recording/2024/ChirpArray/Akitsu/20240716_0000.wav,0.019246764,0.008333182,-0.010235712,0.006544605,0.01960671
../TrueNAS/nies_audio_recording/2024/ChirpArray/Akitsu/20240716_0100.wav,0.01930634,0.010512836,-0.0010651797,0.008968487,0.01972828
../TrueNAS/nies_audio_recording/2024/ChirpArray/Akitsu/20240716_0110.wav,0.02128534,-0.0022071898,-0.0035534836,0.011388965,0.024835378
../TrueNAS/nies_audio_recording/2024/ChirpArray/Akitsu/20240716_0200.wav,0.020822607,0.00047537498,-0.0030465834,0.0007401481,0.010786232
../TrueNAS/nies_audio_recording/2024/ChirpArray/Akitsu/20240716_0210.wav,0.020511355,-0.0017436836,-0.009998281,0.0047931224,0.0142165795
../TrueNAS/nies_audio_recording/2024/ChirpArray/Akitsu/20240716_0300.wav,0.021254987,0.00032573938,-0.01174457,0.0005938485,0.013880901
../TrueNAS/nies_audio_recording/2024/ChirpArray/Akitsu/20240716_0310.wav,0.023548782,0.44800383,-0.0049401373,0.0014277175,0.011874832
../TrueNAS/nies_audio_recording/2024/ChirpArray/Akitsu/20240716_0400.wav,0.025426328,0.047804117,-0.009515692,0.0012141615,0.0247937
../TrueNAS/nies_audio_recording/2024/ChirpArray/Akitsu/20240716_0410.wav,0.019571349,0.16871838,-0.006155137,0.00025910884,0.02029688
../TrueNAS/nies_audio_recording/2024/ChirpArray/Akitsu/20240716_0500.wav,0.055164315,0.10285579,-0.0015304908,0.8763518,0.02245231
../TrueNAS/nies_audio_recording/2024/ChirpArray/Akitsu/20240716_0510.wav,0.030048586,0.710844,-0.005062323,0.014194101,0.021991879
../TrueNAS/nies_audio_recording/2024/ChirpArray/Akitsu/20240716_0600.wav,0.05567416,0.926634,0.010344792,0.023599677,0.015150607
../TrueNAS/nies_audio_recording/2024/ChirpArray/Akitsu/20240716_0610.wav,0.056156732,0.95620805,0.011404816,0.016987726,0.023517013
../TrueNAS/nies_audio_recording/2024/ChirpArray/Akitsu/20240716_0700.wav,0.69914556,0.12196983,0.1511811,0.99154943,-0.02812946
../TrueNAS/nies_audio_recording/2024/ChirpArray/Akitsu/20240716_0710.wav,0.7353955,0.042410932,0.04476357,0.9898593,-0.03359016
../TrueNAS/nies_audio_recording/2024/ChirpArray/Akitsu/20240716_0800.wav,0.5239348,0.1135856,0.03139199,0.9889689,-0.02357523
../TrueNAS/nies_audio_recording/2024/ChirpArray/Akitsu/20240716_0810.wav,0.7674455,0.014561743,0.023281332,0.98776144,-0.034578286
../TrueNAS/nies_audio_recording/2024/ChirpArray/Akitsu/20240716_0815.wav,0.56185967,0.009962603,0.03438366,0.99544543,-0.030981092
../TrueNAS/nies_audio_recording/2024/ChirpArray/Akitsu/20240716_0900.wav,0.7139694,0.037438482,0.020546157,0.98636955,-0.007466521
../TrueNAS/nies_audio_recording/2024/ChirpArray/Akitsu/20240716_0910.wav,0.7475125,1.0106665,1.0313519,1.0310448,-0.00088524446
../TrueNAS/nies_audio_recording/2024/ChirpArray/Akitsu/20240716_1000.wav,0.31108522,0.017589882,0.027211469,0.9973828,-0.017396338
../TrueNAS/nies_audio_recording/2024/ChirpArray/Akitsu/20240716_1010.wav,0.43881232,0.014501639,0.17511007,0.9948542,-0.029168414
../TrueNAS/nies_audio_recording/2024/ChirpArray/Akitsu/20240716_1100.wav,0.23219559,0.025127262,0.17241237,0.9887587,-0.030016772
../TrueNAS/nies_audio_recording/2024/ChirpArray/Akitsu/20240716_1110.wav,0.17061485,0.0027694702,0.013800804,0.99254066,-0.022117937
../TrueNAS/nies_audio_recording/2024/ChirpArray/Akitsu/20240716_1200.wav,0.6557893,0.14398977,0.88778126,1.0241828,-0.009341091
../TrueNAS/nies_audio_recording/2024/ChirpArray/Akitsu/20240716_1210.wav,0.5710217,0.013310008,0.021422628,0.98496604,-0.025184246
../TrueNAS/nies_audio_recording/2024/ChirpArray/Akitsu/20240716_1300.wav,0.7295658,0.027941063,0.031373363,1.0021487,-0.030553708
../TrueNAS/nies_audio_recording/2024/ChirpArray/Akitsu/20240716_1310.wav,0.50151986,0.03707338,0.020268772,0.98991305,-0.030872393
../TrueNAS/nies_audio_recording/2024/ChirpArray/Akitsu/20240716_1400.wav,0.23713058,0.005893275,0.019187722,0.9964772,-0.027096309
../TrueNAS/nies_audio_recording/2024/ChirpArray/Akitsu/20240716_1410.wav,0.3895874,0.01703886,0.03174619,0.9940739,-0.027016614
../TrueNAS/nies_audio_recording/2024/ChirpArray/Akitsu/20240716_1500.wav,0.5146698,0.07944378,0.05887827,0.9907283,-0.021524282
../TrueNAS/nies_audio_recording/2024/ChirpArray/Akitsu/20240716_1510.wav,0.7052391,0.06651231,0.13544108,0.9860197,-0.02811629
../TrueNAS/nies_audio_recording/2024/ChirpArray/Akitsu/20240716_1600.wav,0.8333248,0.057713374,0.041272197,0.97747,-0.00947547
../TrueNAS/nies_audio_recording/2024/ChirpArray/Akitsu/20240716_1610.wav,0.8817307,0.011183441,0.039385986,0.9861743,-0.029328534
../TrueNAS/nies_audio_recording/2024/ChirpArray/Akitsu/20240716_1700.wav,0.073674254,0.11104647,0.017753843,0.9588565,0.028844431
../TrueNAS/nies_audio_recording/2024/ChirpArray/Akitsu/20240716_1710.wav,0.03219402,0.17073378,-0.006166905,0.009039715,0.017174765
../TrueNAS/nies_audio_recording/2024/ChirpArray/Akitsu/20240716_1800.wav,0.025003824,0.038835302,-0.0072312504,0.006029889,0.010298174
../TrueNAS/nies_audio_recording/2024/ChirpArray/Akitsu/20240716_1810.wav,0.028006043,0.068334766,-0.008405991,0.00973504,0.021368496
../TrueNAS/nies_audio_recording/2024/ChirpArray/Akitsu/20240716_1900.wav,0.6066787,0.015881084,0.05381183,0.9987415,-0.019051347
../TrueNAS/nies_audio_recording/2024/ChirpArray/Akitsu/20240716_1910.wav,0.06389815,0.8923336,0.0092884,0.93933314,0.024384446
../TrueNAS/nies_audio_recording/2024/ChirpArray/Akitsu/20240716_2000.wav,0.0455873,0.42807508,-0.0044166967,0.023055777,0.34813872
../TrueNAS/nies_audio_recording/2024/ChirpArray/Akitsu/20240716_2010.wav,0.039258163,0.05978387,0.012568492,0.009994648,0.09481493
../TrueNAS/nies_audio_recording/2024/ChirpArray/Akitsu/20240716_2100.wav,0.11323275,0.0457201,-0.001224041,0.013261929,0.044265613
../TrueNAS/nies_audio_recording/2024/ChirpArray/Akitsu/20240716_2110.wav,0.03945948,0.029507175,-0.0030326582,0.013481557,0.013400242
../TrueNAS/nies_audio_recording/2024/ChirpArray/Akitsu/20240716_2200.wav,0.022552371,0.0029413402,-0.006623149,0.0066275448,0.024282888
../TrueNAS/nies_audio_recording/2024/ChirpArray/Akitsu/20240716_2210.wav,0.018040754,0.012661284,-0.010856468,0.004930541,0.009835914
../TrueNAS/nies_audio_recording/2024/ChirpArray/Akitsu/20240716_2300.wav,0.024942465,0.07465247,-0.009279035,0.0052095503,0.0102202
../TrueNAS/nies_audio_recording/2024/ChirpArray/Akitsu/20240716_2310.wav,0.021655396,0.10833798,-0.008684725,0.011483178,0.016325861
../TrueNAS/nies_audio_recording/2024/ChirpArray/Akitsu/20240717_0000.wav,0.022269502,0.0032351427,-0.011055283,0.0064657554,0.008594729
../TrueNAS/nies_audio_recording/2024/ChirpArray/Akitsu/20240717_0100.wav,0.024415486,0.007423619,-0.008738063,0.0021358952,0.011312466
../TrueNAS/nies_audio_recording/2024/ChirpArray/Akitsu/20240717_0110.wav,0.018533528,0.002748439,-0.009234183,0.0062775314,0.009922452
../TrueNAS/nies_audio_recording/2024/ChirpArray/Akitsu/20240717_0200.wav,0.026422098,0.23619856,-0.007763773,0.011777222,0.012662813
../TrueNAS/nies_audio_recording/2024/ChirpArray/Akitsu/20240717_0210.wav,0.025624335,0.014763307,-0.0073251165,0.012567088,0.013760664
../TrueNAS/nies_audio_recording/2024/ChirpArray/Akitsu/20240717_0300.wav,0.03223761,0.0121634845,-0.008217011,0.0064971372,0.010364849
../TrueNAS/nies_audio_recording/2024/ChirpArray/Akitsu/20240717_0310.wav,0.019777633,0.020540223,-0.008031763,0.005360678,0.014861897
../TrueNAS/nies_audio_recording/2024/ChirpArray/Akitsu/20240717_0400.wav,0.022608623,0.11437173,-0.005151484,0.0026641265,0.009329293
../TrueNAS/nies_audio_recording/2024/ChirpArray/Akitsu/20240717_0410.wav,0.020230412,0.073122606,-0.0039704815,0.005159177,0.0064998046
../TrueNAS/nies_audio_recording/2024/ChirpArray/Akitsu/20240717_0500.wav,0.05300131,0.26667875,0.021493297,0.94726485,0.017761573
../TrueNAS/nies_audio_recording/2024/ChirpArray/Akitsu/20240717_0510.wav,0.03738919,0.91354114,-0.0073543936,-0.0047566965,0.01705315
../TrueNAS/nies_audio_recording/2024/ChirpArray/Akitsu/20240717_0600.wav,0.022123937,0.008853154,-0.01039077,0.0064760447,0.012934364
../TrueNAS/nies_audio_recording/2024/ChirpArray/Akitsu/20240717_0610.wav,0.050525926,0.9015735,0.00031189248,0.021061502,0.0070426613
../TrueNAS/nies_audio_recording/2024/ChirpArray/Akitsu/20240717_0700.wav,0.78783995,0.029956289,0.046979528,0.9997302,-0.029289206
../TrueNAS/nies_audio_recording/2024/ChirpArray/Akitsu/20240717_0710.wav,0.26044708,0.1100897,0.03209312,1.0070918,-0.017390084
../TrueNAS/nies_audio_recording/2024/ChirpArray/Akitsu/20240717_0800.wav,0.715972,0.96313035,0.06747536,0.9997179,-0.026774533
../TrueNAS/nies_audio_recording/2024/ChirpArray/Akitsu/20240717_0810.wav,0.7168913,0.68658394,0.2095003,0.9959087,-0.026512714
../TrueNAS/nies_audio_recording/2024/ChirpArray/Akitsu/20240717_0900.wav,0.5989876,0.49586624,1.0275779,1.0226289,-0.010272592
../TrueNAS/nies_audio_recording/2024/ChirpArray/Akitsu/20240717_0910.wav,0.2857561,0.6968524,0.020744126,0.98529625,-0.016553156
../TrueNAS/nies_audio_recording/2024/ChirpArray/Akitsu/20240717_1000.wav,0.18450332,0.12986913,0.032824617,0.9997056,-0.027603975
../TrueNAS/nies_audio_recording/2024/ChirpArray/Akitsu/20240717_1010.wav,0.88447905,0.10795891,0.033646327,0.9853621,-0.024138507
../TrueNAS/nies_audio_recording/2024/ChirpArray/Akitsu/20240717_1100.wav,0.2962758,0.009491935,0.014288973,0.9807523,-0.015545882
../TrueNAS/nies_audio_recording/2024/ChirpArray/Akitsu/20240717_1110.wav,0.7598988,0.040353082,1.0269359,1.0448118,-0.0037172623
../TrueNAS/nies_audio_recording/2024/ChirpArray/Akitsu/20240717_1200.wav,0.3502208,0.03548886,0.016638558,0.9937043,-0.02907659
../TrueNAS/nies_audio_recording/2024/ChirpArray/Akitsu/20240717_1210.wav,0.43046066,0.04948648,0.95798254,1.0170113,-0.018586094
../TrueNAS/nies_audio_recording/2024/ChirpArray/Akitsu/20240717_1300.wav,0.66983014,0.014364436,0.073971555,0.98952705,-0.02630818
../TrueNAS/nies_audio_recording/2024/ChirpArray/Akitsu/20240717_1310.wav,0.8667478,0.030498385,0.045867857,0.993332,-0.026981555
../TrueNAS/nies_audio_recording/2024/ChirpArray/Akitsu/20240717_1400.wav,0.613709,0.053083077,0.21570544,1.0099567,-0.023256805
../TrueNAS/nies_audio_recording/2024/ChirpArray/Akitsu/20240717_1410.wav,0.55664444,0.112741485,0.04047573,0.9871536,-0.031172818
../TrueNAS/nies_audio_recording/2024/ChirpArray/Akitsu/20240717_1500.wav,0.82614034,0.018658742,0.034619372,0.99402565,-0.028500695
../TrueNAS/nies_audio_recording/2024/ChirpArray/Akitsu/20240717_1510.wav,0.23927414,0.857382,0.33165076,1.0000077,-0.010990463
../TrueNAS/nies_audio_recording/2024/ChirpArray/Akitsu/20240717_1600.wav,0.4704983,0.021731868,0.32721114,0.99557835,-0.018889425
../TrueNAS/nies_audio_recording/2024/ChirpArray/Akitsu/20240717_1610.wav,0.5460961,0.03790818,0.03431065,0.9928535,-0.005365938
../TrueNAS/nies_audio_recording/2024/ChirpArray/Akitsu/20240717_1700.wav,0.1446488,0.13553384,0.02107757,0.99625427,-0.021294551
../TrueNAS/nies_audio_recording/2024/ChirpArray/Akitsu/20240717_1710.wav,0.436856,0.0698047,1.008022,1.0140789,-0.01784857
../TrueNAS/nies_audio_recording/2024/ChirpArray/Akitsu/20240717_1800.wav,0.28203198,0.058960013,0.1424136,0.9869694,-0.026362576
../TrueNAS/nies_audio_recording/2024/ChirpArray/Akitsu/20240717_1810.wav,0.53584415,0.061506428,0.22942837,0.9920309,-0.03157871
../TrueNAS/nies_audio_recording/2024/ChirpArray/Akitsu/20240717_1900.wav,0.95079577,0.008259088,0.8584196,1.0051565,-0.019593284
../TrueNAS/nies_audio_recording/2024/ChirpArray/Akitsu/20240717_1910.wav,0.2668589,0.102804944,0.033516657,0.9848206,-0.032340184
../TrueNAS/nies_audio_recording/2024/ChirpArray/Akitsu/20240717_2000.wav,0.016220272,0.0037177522,-0.0058784075,0.0072151497,0.012078851
../TrueNAS/nies_audio_recording/2024/ChirpArray/Akitsu/20240717_2010.wav,0.027214311,0.00066768005,-0.0052114762,0.009842381,0.02481477
../TrueNAS/nies_audio_recording/2024/ChirpArray/Akitsu/20240717_2100.wav,0.026045837,0.004463088,-0.005722571,0.005864486,0.01572226
../TrueNAS/nies_audio_recording/2024/ChirpArray/Akitsu/20240717_2110.wav,0.020800091,0.61717576,-0.005511835,0.009435862,0.0046437234
../TrueNAS/nies_audio_recording/2024/ChirpArray/Akitsu/20240717_2200.wav,0.03712129,0.006650999,-0.0080437325,0.0035234243,0.024172373
../TrueNAS/nies_audio_recording/2024/ChirpArray/Akitsu/20240717_2210.wav,0.13152069,0.41179377,-0.00074722245,0.062409982,0.075270884
../TrueNAS/nies_audio_recording/2024/ChirpArray/Akitsu/20240717_2300.wav,0.6196103,0.9571951,0.015726607,0.022001743,0.08429654
../TrueNAS/nies_audio_recording/2024/ChirpArray/Akitsu/20240717_2310.wav,0.08287183,0.931234,-0.0049939714,0.044273984,0.06722863
../TrueNAS/nies_audio_recording/2024/ChirpArray/Akitsu/20240718_0000.wav,0.017498426,-0.0019121133,-0.0030013956,0.014571264,0.014721341
../TrueNAS/nies_audio_recording/2024/ChirpArray/Akitsu/20240718_0100.wav,0.024971128,0.027791042,-0.0019418783,0.011857182,0.010254733
../TrueNAS/nies_audio_recording/2024/ChirpArray/Akitsu/20240718_0110.wav,0.030643519,0.435602,-0.000121023506,0.0027108118,0.013556004
../TrueNAS/nies_audio_recording/2024/ChirpArray/Akitsu/20240718_0200.wav,0.027377933,0.016473092,0.0007155724,0.0053495616,0.04885973
../TrueNAS/nies_audio_recording/2024/ChirpArray/Akitsu/20240718_0210.wav,0.049825046,0.48203194,0.005270198,0.02098351,0.25814372
../TrueNAS/nies_audio_recording/2024/ChirpArray/Akitsu/20240718_0300.wav,0.038740575,0.04635918,-0.0037168749,0.015500307,0.019765839
../TrueNAS/nies_audio_recording/2024/ChirpArray/Akitsu/20240718_0310.wav,0.041033227,0.09918122,0.004921373,0.007543631,0.1854788
../TrueNAS/nies_audio_recording/2024/ChirpArray/Akitsu/20240718_0400.wav,0.03165817,0.14250794,0.0012698174,0.019514069,0.023890734
../TrueNAS/nies_audio_recording/2024/ChirpArray/Akitsu/20240718_0410.wav,0.0340259,0.12936363,-0.005980607,0.01779215,0.21392927
../TrueNAS/nies_audio_recording/2024/ChirpArray/Akitsu/20240718_0500.wav,0.04351964,0.16976066,0.0113035105,0.91702425,0.03643149
../TrueNAS/nies_audio_recording/2024/ChirpArray/Akitsu/20240718_0510.wav,0.050200187,0.09550436,0.0023376904,0.92477673,0.013905115
../TrueNAS/nies_audio_recording/2024/ChirpArray/Akitsu/20240718_0600.wav,0.7830341,0.15904605,1.017609,1.043031,0.005784113
../TrueNAS/nies_audio_recording/2024/ChirpArray/Akitsu/20240718_0610.wav,0.90074104,0.14651695,0.05491699,0.98813295,-0.0034800768
../TrueNAS/nies_audio_recording/2024/ChirpArray/Akitsu/20240718_0700.wav,0.5531018,0.8969912,0.28626746,0.9975572,-0.028327
../TrueNAS/nies_audio_recording/2024/ChirpArray/Akitsu/20240718_0710.wav,0.59212506,0.30367678,0.34610078,0.9905926,-0.0051824637
../TrueNAS/nies_audio_recording/2024/ChirpArray/Akitsu/20240718_0800.wav,0.7602568,0.024175942,1.0110638,1.0434996,0.02702535
../TrueNAS/nies_audio_recording/2024/ChirpArray/Akitsu/20240718_0810.wav,0.48861915,0.023481138,0.1271555,0.9938882,-0.022885311
../TrueNAS/nies_audio_recording/2024/ChirpArray/Akitsu/20240718_0900.wav,0.2627429,0.008430317,0.100446895,0.99778146,-0.028618269
../TrueNAS/nies_audio_recording/2024/ChirpArray/Akitsu/20240718_0910.wav,0.5450397,0.013268769,1.0136883,1.017171,-0.009208433
../TrueNAS/nies_audio_recording/2024/ChirpArray/Akitsu/20240718_1000.wav,0.33045626,0.022913218,0.15581535,1.0002401,-0.028940454
../TrueNAS/nies_audio_recording/2024/ChirpArray/Akitsu/20240718_1010.wav,0.12300299,0.087604545,0.1058747,0.9905358,-0.013324149
../TrueNAS/nies_audio_recording/2024/ChirpArray/Akitsu/20240718_1100.wav,0.6654566,0.0141792,0.03880238,0.98346716,-0.030127538
../TrueNAS/nies_audio_recording/2024/ChirpArray/Akitsu/20240718_1110.wav,0.30673653,0.2022195,0.07051377,0.99519086,-0.029983655
../TrueNAS/nies_audio_recording/2024/ChirpArray/Akitsu/20240718_1200.wav,0.2366015,0.05166559,0.06162231,0.9868544,-0.02345929
../TrueNAS/nies_audio_recording/2024/ChirpArray/Akitsu/20240718_1210.wav,1.0368425,0.012928218,0.12977137,0.99938977,-0.026191695
../TrueNAS/nies_audio_recording/2024/ChirpArray/Akitsu/20240718_1300.wav,0.3567405,0.103727356,0.5107947,0.99581164,-0.016423482
../TrueNAS/nies_audio_recording/2024/ChirpArray/Akitsu/20240718_1310.wav,0.13390824,0.5446103,0.0314161,0.9802251,-0.0065538883
../TrueNAS/nies_audio_recording/2024/ChirpArray/Akitsu/20240718_1400.wav,0.43662834,0.2777593,0.032993156,0.9946379,-0.018177312
../TrueNAS/nies_audio_recording/2024/ChirpArray/Akitsu/20240718_1410.wav,0.30333206,0.05835776,0.087971345,1.0002359,0.054351278
../TrueNAS/nies_audio_recording/2024/ChirpArray/Akitsu/20240718_1500.wav,0.5998943,0.0466998,0.023443956,0.9971525,-0.021118252
../TrueNAS/nies_audio_recording/2024/ChirpArray/Akitsu/20240718_1510.wav,0.55936474,0.060123637,0.15431872,1.0003014,-0.023818456
../TrueNAS/nies_audio_recording/2024/ChirpArray/Akitsu/20240718_1600.wav,1.062197,0.09679241,0.83024496,0.99962336,-0.019437179
../TrueNAS/nies_audio_recording/2024/ChirpArray/Akitsu/20240718_1610.wav,0.9023847,0.06242334,0.04964919,0.99435693,-0.020570083
../TrueNAS/nies_audio_recording/2024/ChirpArray/Akitsu/20240718_1700.wav,0.5460404,1.0251116,0.031222206,1.0068378,-0.0245917
../TrueNAS/nies_audio_recording/2024/ChirpArray/Akitsu/20240718_1710.wav,0.7963881,0.088293396,0.07878174,1.0037798,-0.03338177
../TrueNAS/nies_audio_recording/2024/ChirpArray/Akitsu/20240718_1800.wav,0.28654277,0.36531365,0.18418315,0.98752207,-0.028188247
../TrueNAS/nies_audio_recording/2024/ChirpArray/Akitsu/20240718_1810.wav,0.8605311,0.013340332,0.032115962,0.9783014,-0.03707903
../TrueNAS/nies_audio_recording/2024/ChirpArray/Akitsu/20240718_1900.wav,0.97795504,0.06999391,0.39758423,0.99099404,-0.020477824
../TrueNAS/nies_audio_recording/2024/ChirpArray/Akitsu/20240718_1910.wav,0.54483896,0.026187994,0.0931406,0.9995329,-0.02903144
../TrueNAS/nies_audio_recording/2024/ChirpArray/Akitsu/20240718_2000.wav,0.021485403,0.029600628,-0.0073494986,0.012107551,0.015072763
../TrueNAS/nies_audio_recording/2024/ChirpArray/Akitsu/20240718_2010.wav,0.020948127,0.0013040807,-0.0062571242,0.00790818,0.014378846
../TrueNAS/nies_audio_recording/2024/ChirpArray/Akitsu/20240718_2100.wav,0.015371554,0.002602823,-0.0078996755,0.01000157,0.0126745775
../TrueNAS/nies_audio_recording/2024/ChirpArray/Akitsu/20240718_2110.wav,0.018356673,-0.003671743,-0.007381633,0.006556526,0.007878207
../TrueNAS/nies_audio_recording/2024/ChirpArray/Akitsu/20240718_2200.wav,0.021121655,0.0075322855,-0.0024163239,0.011380658,0.016851187
../TrueNAS/nies_audio_recording/2024/ChirpArray/Akitsu/20240718_2210.wav,0.014121875,0.012688991,-0.0022056773,0.009977341,0.006303083
../TrueNAS/nies_audio_recording/2024/ChirpArray/Akitsu/20240718_2300.wav,0.02005998,0.03597241,-0.005829647,0.011378586,0.0112981945
../TrueNAS/nies_audio_recording/2024/ChirpArray/Akitsu/20240718_2310.wav,0.029461622,0.28752977,-0.005730916,0.011160344,0.018747449
../TrueNAS/nies_audio_recording/2024/ChirpArray/Akitsu/20240719_0000.wav,0.039141834,0.7456035,-0.0015495829,0.008354053,0.013175167
../TrueNAS/nies_audio_recording/2024/ChirpArray/Akitsu/20240719_0100.wav,0.026063759,0.06721802,0.014033575,0.011658385,0.010850102
../TrueNAS/nies_audio_recording/2024/ChirpArray/Akitsu/20240719_0110.wav,0.033570185,0.7430235,0.00086918846,0.0068900585,0.01860468
../TrueNAS/nies_audio_recording/2024/ChirpArray/Akitsu/20240719_0200.wav,0.025171354,0.10250773,-0.0015668012,0.010400593,0.01723472
../TrueNAS/nies_audio_recording/2024/ChirpArray/Akitsu/20240719_0210.wav,0.024775699,0.077760205,0.008344255,0.022292465,0.06043972
../TrueNAS/nies_audio_recording/2024/ChirpArray/Akitsu/20240719_0300.wav,0.03748803,0.7391408,-0.0011495091,0.011668086,0.07383075
../TrueNAS/nies_audio_recording/2024/ChirpArray/Akitsu/20240719_0310.wav,0.042873777,0.84689957,0.0029584765,0.021747097,0.11484918
../TrueNAS/nies_audio_recording/2024/ChirpArray/Akitsu/20240719_0403.wav,0.042413145,0.7612479,0.012562659,0.021642677,0.051129416
../TrueNAS/nies_audio_recording/2024/ChirpArray/Akitsu/20240719_0410.wav,0.05123454,0.730012,0.0050714724,0.90394497,0.036155082
../TrueNAS/nies_audio_recording/2024/ChirpArray/Akitsu/20240719_0500.wav,0.931956,0.17539655,0.03786577,0.9984918,0.022599727
../TrueNAS/nies_audio_recording/2024/ChirpArray/Akitsu/20240719_0510.wav,0.105839804,0.73452073,0.0056303106,0.9504425,0.031051427
../TrueNAS/nies_audio_recording/2024/ChirpArray/Akitsu/20240719_0600.wav,0.43293673,0.025945872,0.038057107,0.9957575,-0.0055934824
../TrueNAS/nies_audio_recording/2024/ChirpArray/Akitsu/20240719_0610.wav,0.81746644,0.08380125,0.05880132,0.9921076,-0.02473173
../TrueNAS/nies_audio_recording/2024/ChirpArray/Akitsu/20240719_0700.wav,0.7195735,0.076452136,0.6453258,0.99132985,-0.016223624
../TrueNAS/nies_audio_recording/2024/ChirpArray/Akitsu/20240719_0710.wav,0.43099245,0.018027142,0.047085296,0.9864443,-0.028386183
../TrueNAS/nies_audio_recording/2024/ChirpArray/Akitsu/20240719_0800.wav,0.54522896,0.00475204,0.01674774,0.9894938,-0.034276135
../TrueNAS/nies_audio_recording/2024/ChirpArray/Akitsu/20240719_0810.wav,0.42715496,0.019357286,0.01617628,1.0028601,-0.033576377
../TrueNAS/nies_audio_recording/2024/ChirpArray/Akitsu/20240719_0900.wav,0.6103799,0.0123678,0.07266794,0.9908491,-0.020440962
../TrueNAS/nies_audio_recording/2024/ChirpArray/Akitsu/20240719_0910.wav,0.38584304,0.117481634,1.0343364,1.038096,-0.0062430575
../TrueNAS/nies_audio_recording/2024/ChirpArray/Akitsu/20240719_1000.wav,0.9988771,0.74664176,0.64112985,1.0778742,0.9885777
../TrueNAS/nies_audio_recording/2024/ChirpArray/Akitsu/20240719_1010.wav,0.66440254,0.96425456,0.15074967,1.0259565,0.79533255
../TrueNAS/nies_audio_recording/2024/ChirpArray/Akitsu/20240719_1100.wav,1.0323828,0.011189066,0.042454522,0.9939679,0.0068400577
../TrueNAS/nies_audio_recording/2024/ChirpArray/Akitsu/20240719_1110.wav,0.6833827,0.16892998,0.13522696,0.99809533,-0.019644937
../TrueNAS/nies_audio_recording/2024/ChirpArray/Akitsu/20240719_1200.wav,0.98935705,0.02676399,0.05740617,0.98431444,-0.026789552
../TrueNAS/nies_audio_recording/2024/ChirpArray/Akitsu/20240719_1210.wav,0.6803884,0.007408656,0.02564245,0.9856369,-0.023439134
../TrueNAS/nies_audio_recording/2024/ChirpArray/Akitsu/20240719_1300.wav,0.47463968,0.012035273,0.019394245,0.98897916,-0.02042857
../TrueNAS/nies_audio_recording/2024/ChirpArray/Akitsu/20240719_1310.wav,0.24561894,0.012444466,0.03010733,0.9892245,-0.03169448
../TrueNAS/nies_audio_recording/2024/ChirpArray/Akitsu/20240719_1400.wav,1.0153097,0.1431065,0.048005294,0.9855115,-0.021717802
../TrueNAS/nies_audio_recording/2024/ChirpArray/Akitsu/20240719_1410.wav,1.0506032,0.01435557,0.19210686,0.98693776,-0.018560912
../TrueNAS/nies_audio_recording/2024/ChirpArray/Akitsu/20240719_1500.wav,1.0612726,0.024302505,0.072969615,0.98946166,-0.024283318
../TrueNAS/nies_audio_recording/2024/ChirpArray/Akitsu/20240719_1510.wav,1.0082536,0.02317746,0.083696455,0.9895257,-0.021723477
../TrueNAS/nies_audio_recording/2024/ChirpArray/Akitsu/20240719_1600.wav,0.5976448,0.10307405,0.035662528,1.0011029,-0.014370032
../TrueNAS/nies_audio_recording/2024/ChirpArray/Akitsu/20240719_1610.wav,0.6611454,0.083627574,0.055528942,0.98329103,-0.02803298
../TrueNAS/nies_audio_recording/2024/ChirpArray/Akitsu/20240719_1700.wav,1.0609261,0.07543079,0.7499305,0.9855207,-0.02158089
../TrueNAS/nies_audio_recording/2024/ChirpArray/Akitsu/20240719_1710.wav,1.0596652,0.025244229,0.07530047,0.99688166,-0.027457748
../TrueNAS/nies_audio_recording/2024/ChirpArray/Akitsu/20240719_1800.wav,1.04877,0.04869961,0.14512138,0.982801,-0.018457228
../TrueNAS/nies_audio_recording/2024/ChirpArray/Akitsu/20240719_1810.wav,0.7904868,0.024048164,0.10178332,0.987784,-0.035521954
../TrueNAS/nies_audio_recording/2024/ChirpArray/Akitsu/20240719_1900.wav,1.0275111,0.89451265,0.07270096,1.0047694,-0.021342747
../TrueNAS/nies_audio_recording/2024/ChirpArray/Akitsu/20240719_1910.wav,0.20653439,0.04087171,0.031648185,1.0023919,-0.016793687
../TrueNAS/nies_audio_recording/2024/ChirpArray/Akitsu/20240719_2000.wav,0.014887609,-0.0024049655,-0.0076980107,0.0050990134,0.010420218
../TrueNAS/nies_audio_recording/2024/ChirpArray/Akitsu/20240719_2010.wav,0.018289283,-0.00016814657,-0.0049103983,0.009466961,0.010043383
../TrueNAS/nies_audio_recording/2024/ChirpArray/Akitsu/20240719_2100.wav,0.015979558,0.0039585475,-0.00877947,0.010244772,0.011408672
../TrueNAS/nies_audio_recording/2024/ChirpArray/Akitsu/20240719_2110.wav,0.018124245,-0.00082942843,-0.006903406,0.0048691705,0.01179412
../TrueNAS/nies_audio_recording/2024/ChirpArray/Akitsu/20240719_2200.wav,0.0145131275,0.0135567365,-0.00420101,0.021531358,0.0058150925
../TrueNAS/nies_audio_recording/2024/ChirpArray/Akitsu/20240719_2210.wav,0.016021855,0.035125915,-0.00415051,0.014483303,0.0084279105
../TrueNAS/nies_audio_recording/2024/ChirpArray/Akitsu/20240719_2300.wav,0.02624648,-0.00035671517,-0.0049289092,0.020516157,0.025120527
../TrueNAS/nies_audio_recording/2024/ChirpArray/Akitsu/20240719_2310.wav,0.027001798,-0.0015355013,-0.0052366704,0.018667161,0.022966862
../TrueNAS/nies_audio_recording/2024/ChirpArray/Akitsu/20240720_0000.wav,0.019975059,0.033163097,-0.00790143,0.013546497,0.018929496
../TrueNAS/nies_audio_recording/2024/ChirpArray/Akitsu/20240720_0100.wav,0.04382377,0.106365725,0.004701797,0.014911145,0.020613283
../TrueNAS/nies_audio_recording/2024/ChirpArray/Akitsu/20240720_0110.wav,0.023016319,0.025487788,0.00052451715,0.025335386,0.16189077
../TrueNAS/nies_audio_recording/2024/ChirpArray/Akitsu/20240720_0200.wav,0.03479317,0.7309281,0.003353443,0.017759763,0.5188993
../TrueNAS/nies_audio_recording/2024/ChirpArray/Akitsu/20240720_0210.wav,0.05147126,0.73670954,0.0020822994,0.011960372,0.23967203
../TrueNAS/nies_audio_recording/2024/ChirpArray/Akitsu/20240720_0300.wav,0.057712503,0.95214283,0.006497495,0.012007885,0.04506565
../TrueNAS/nies_audio_recording/2024/ChirpArray/Akitsu/20240720_0310.wav,0.03128757,0.098211706,-0.0017231181,0.03931299,0.13688171
../TrueNAS/nies_audio_recording/2024/ChirpArray/Akitsu/20240720_0400.wav,0.032797225,0.010351315,0.005860176,0.008302301,0.080658615
../TrueNAS/nies_audio_recording/2024/ChirpArray/Akitsu/20240720_0410.wav,0.034919716,0.012718774,-0.0031890161,0.016012087,0.119416595
../TrueNAS/nies_audio_recording/2024/ChirpArray/Akitsu/20240720_0500.wav,0.30032602,0.05943197,0.021143105,0.9970759,-0.014826059
../TrueNAS/nies_audio_recording/2024/ChirpArray/Akitsu/20240720_0510.wav,0.79115444,0.042000383,0.026269909,0.99858034,-0.014585216
../TrueNAS/nies_audio_recording/2024/ChirpArray/Akitsu/20240720_0600.wav,0.60724026,0.6409742,0.030499633,1.0022023,-0.01931437
../TrueNAS/nies_audio_recording/2024/ChirpArray/Akitsu/20240720_0610.wav,0.7317192,0.16957183,0.11856888,0.98973614,-0.024754845
../TrueNAS/nies_audio_recording/2024/ChirpArray/Akitsu/20240720_0700.wav,0.8805333,0.88264924,1.0012623,1.036795,-0.008556709
../TrueNAS/nies_audio_recording/2024/ChirpArray/Akitsu/20240720_0710.wav,1.0159436,0.009148128,0.054681305,0.99744624,-0.030057598
../TrueNAS/nies_audio_recording/2024/ChirpArray/Akitsu/20240720_0800.wav,0.62242776,0.8000446,1.0016674,1.0504737,-0.007231131
../TrueNAS/nies_audio_recording/2024/ChirpArray/Akitsu/20240720_0810.wav,0.51414436,0.023280993,0.01902533,0.99819565,-0.024979794
../TrueNAS/nies_audio_recording/2024/ChirpArray/Akitsu/20240720_0900.wav,0.15515074,0.044175193,0.37563524,0.99076396,-0.024477536
../TrueNAS/nies_audio_recording/2024/ChirpArray/Akitsu/20240720_0910.wav,0.23802438,0.327227,0.025462512,0.99348766,-0.027243866
../TrueNAS/nies_audio_recording/2024/ChirpArray/Akitsu/20240720_1000.wav,0.6228503,0.014620967,0.13269173,0.9875692,-0.016522478
../TrueNAS/nies_audio_recording/2024/ChirpArray/Akitsu/20240720_1010.wav,0.29374662,0.08663535,0.059128758,0.98711485,-0.025112001
../TrueNAS/nies_audio_recording/2024/ChirpArray/Akitsu/20240720_1100.wav,0.21779233,0.027351364,0.016334344,0.9929206,-0.019327272
../TrueNAS/nies_audio_recording/2024/ChirpArray/Akitsu/20240720_1110.wav,0.8025718,0.06351363,0.02560928,1.0019839,0.043726444
../TrueNAS/nies_audio_recording/2024/ChirpArray/Akitsu/20240720_1200.wav,0.20872992,0.082623586,0.051797275,0.98505104,-0.013380595
../TrueNAS/nies_audio_recording/2024/ChirpArray/Akitsu/20240720_1210.wav,0.50763345,0.064916514,0.023634788,0.9999339,-0.028167704
../TrueNAS/nies_audio_recording/2024/ChirpArray/Akitsu/20240720_1300.wav,0.94452095,0.047268488,0.19362085,1.0025744,-0.021055289
../TrueNAS/nies_audio_recording/2024/ChirpArray/Akitsu/20240720_1310.wav,0.10901749,0.032780096,0.23152928,1.0078678,-0.021492956
../TrueNAS/nies_audio_recording/2024/ChirpArray/Akitsu/20240720_1400.wav,0.19269493,0.010098182,0.038121875,0.99321806,-0.021635326
../TrueNAS/nies_audio_recording/2024/ChirpArray/Akitsu/20240720_1410.wav,0.90631115,0.0027131438,0.034104835,0.99036485,-0.023510901
../TrueNAS/nies_audio_recording/2024/ChirpArray/Akitsu/20240720_1500.wav,1.0521971,0.07396942,0.21838705,0.9924615,-0.022016391
../TrueNAS/nies_audio_recording/2024/ChirpArray/Akitsu/20240720_1510.wav,0.21293396,0.13597518,0.032455277,0.990506,-0.01790502
../TrueNAS/nies_audio_recording/2024/ChirpArray/Akitsu/20240720_1600.wav,0.9778541,0.7255327,0.9711679,1.0144477,-0.01768295
../TrueNAS/nies_audio_recording/2024/ChirpArray/Akitsu/20240720_1610.wav,1.050909,0.0032990277,0.06024487,0.9905554,-0.02522718
../TrueNAS/nies_audio_recording/2024/ChirpArray/Akitsu/20240720_1700.wav,0.57623917,0.024394557,0.45503995,0.9905563,-0.032115858
../TrueNAS/nies_audio_recording/2024/ChirpArray/Akitsu/20240720_1710.wav,0.42960125,0.30982083,0.018980231,0.99231905,-0.02977249
../TrueNAS/nies_audio_recording/2024/ChirpArray/Akitsu/20240720_1800.wav,1.0623493,0.9371607,0.06184308,0.99286675,-0.025497168
../TrueNAS/nies_audio_recording/2024/ChirpArray/Akitsu/20240720_1810.wav,0.12855513,0.27173746,0.042063456,0.98781973,-0.021338074
../TrueNAS/nies_audio_recording/2024/ChirpArray/Akitsu/20240720_1900.wav,1.0573903,0.010165624,0.1090752,0.9900713,-0.028981254
../TrueNAS/nies_audio_recording/2024/ChirpArray/Akitsu/20240720_1910.wav,0.20411482,0.034421533,0.039778735,0.9929777,-0.03548555
../TrueNAS/nies_audio_recording/2024/ChirpArray/Akitsu/20240720_2000.wav,0.017605357,-0.00017438643,-0.006592814,0.008775555,0.01319401
../TrueNAS/nies_audio_recording/2024/ChirpArray/Akitsu/20240720_2010.wav,0.023261428,-7.933378e-05,-0.010257855,0.0038374215,0.018426813
../TrueNAS/nies_audio_recording/2024/ChirpArray/Akitsu/20240720_2100.wav,0.021260723,0.00044007786,-0.0034018755,0.004078001,0.013667259
../TrueNAS/nies_audio_recording/2024/ChirpArray/Akitsu/20240720_2110.wav,0.013941303,0.0016812049,-0.0051379576,0.010766663,0.0111429915
../TrueNAS/nies_audio_recording/2024/ChirpArray/Akitsu/20240720_2200.wav,0.023709446,0.006026402,-0.006097559,0.015569642,0.02134353
../TrueNAS/nies_audio_recording/2024/ChirpArray/Akitsu/20240720_2210.wav,0.01840131,-0.0040613413,-0.009666771,0.012292564,0.013234369
../TrueNAS/nies_audio_recording/2024/ChirpArray/Akitsu/20240720_2300.wav,0.048130132,0.5339791,-0.00410131,0.008774824,0.01464124
../TrueNAS/nies_audio_recording/2024/ChirpArray/Akitsu/20240720_2310.wav,0.021316133,-0.00044285692,-0.0037831217,0.0069487467,0.018599674
../TrueNAS/nies_audio_recording/2024/ChirpArray/Akitsu/20240721_0000.wav,0.018995091,0.0041772276,-0.007476654,0.0030481294,0.0071691982
../TrueNAS/nies_audio_recording/2024/ChirpArray/Akitsu/20240721_0100.wav,0.025499463,0.09945011,-0.00500606,0.009051576,0.02776786
../TrueNAS/nies_audio_recording/2024/ChirpArray/Akitsu/20240721_0110.wav,0.01656396,0.0013229102,-0.0034846403,0.0037752911,0.008106582
../TrueNAS/nies_audio_recording/2024/ChirpArray/Akitsu/20240721_0200.wav,0.036729313,0.07270689,-0.001551196,0.010596007,0.089286566
../TrueNAS/nies_audio_recording/2024/ChirpArray/Akitsu/20240721_0210.wav,0.031028245,0.12002666,-0.0020045675,0.013832718,0.040353402
../TrueNAS/nies_audio_recording/2024/ChirpArray/Akitsu/20240721_0300.wav,0.028604642,0.04669091,0.0031229667,0.00393945,0.018935606
../TrueNAS/nies_audio_recording/2024/ChirpArray/Akitsu/20240721_0310.wav,0.03692051,0.71712977,0.0048345737,0.012594618,0.14690979
../TrueNAS/nies_audio_recording/2024/ChirpArray/Akitsu/20240721_0400.wav,0.03415018,0.02514561,0.00017204508,0.006492682,0.14188209
../TrueNAS/nies_audio_recording/2024/ChirpArray/Akitsu/20240721_0410.wav,0.02097927,0.013004396,-0.00454697,0.009823188,0.092819795
../TrueNAS/nies_audio_recording/2024/ChirpArray/Akitsu/20240721_0500.wav,0.82817304,0.12759021,0.05644187,0.9962533,0.19998512
../TrueNAS/nies_audio_recording/2024/ChirpArray/Akitsu/20240721_0510.wav,0.9175193,0.72915596,0.15303029,0.986136,0.13543725
../TrueNAS/nies_audio_recording/2024/ChirpArray/Akitsu/20240721_0600.wav,0.89909226,0.037041098,0.031148326,0.98724,-0.022422573
../TrueNAS/nies_audio_recording/2024/ChirpArray/Akitsu/20240721_0610.wav,0.873056,0.12772495,0.9929396,1.0122752,-0.016622912
../TrueNAS/nies_audio_recording/2024/ChirpArray/Akitsu/20240721_0700.wav,0.42542857,0.31388366,1.0013603,1.0525451,-0.0068271235
../TrueNAS/nies_audio_recording/2024/ChirpArray/Akitsu/20240721_0710.wav,0.8918575,0.25760812,0.045061316,0.98999864,-0.030226985
../TrueNAS/nies_audio_recording/2024/ChirpArray/Akitsu/20240721_0800.wav,0.58833784,0.00586465,0.023724925,0.99236536,-0.026715491
../TrueNAS/nies_audio_recording/2024/ChirpArray/Akitsu/20240721_0810.wav,0.8391605,0.007894911,0.023905467,0.99712485,0.041254543
../TrueNAS/nies_audio_recording/2024/ChirpArray/Akitsu/20240721_0900.wav,0.73043585,0.03735826,0.027045246,0.99630445,-0.025346259
../TrueNAS/nies_audio_recording/2024/ChirpArray/Akitsu/20240721_0910.wav,0.9392381,0.027538404,1.0103353,1.0594862,-0.007874504
../TrueNAS/nies_audio_recording/2024/ChirpArray/Akitsu/20240721_1000.wav,0.78943706,0.28892827,1.0251092,1.0343201,-0.0018349513
../TrueNAS/nies_audio_recording/2024/ChirpArray/Akitsu/20240721_1010.wav,0.72850746,0.07933352,0.050484944,0.98976725,-0.016071405
../TrueNAS/nies_audio_recording/2024/ChirpArray/Akitsu/20240721_1100.wav,0.06120117,0.12736487,0.016273793,0.95923454,0.016327709
../TrueNAS/nies_audio_recording/2024/ChirpArray/Akitsu/20240721_1110.wav,0.45803392,0.019010492,0.4021429,0.9973847,-0.014939725
../TrueNAS/nies_audio_recording/2024/ChirpArray/Akitsu/20240721_1200.wav,0.88843757,0.016159028,0.04135045,0.99705833,-0.02807556
../TrueNAS/nies_audio_recording/2024/ChirpArray/Akitsu/20240721_1210.wav,0.43677935,0.055921756,1.0178968,1.0265485,-0.007419221
../TrueNAS/nies_audio_recording/2024/ChirpArray/Akitsu/20240721_1300.wav,1.0440078,0.010568075,0.04482956,0.9844319,-0.0099699795
../TrueNAS/nies_audio_recording/2024/ChirpArray/Akitsu/20240721_1310.wav,0.8292318,0.05898068,0.15579009,0.9883835,-0.024691114
../TrueNAS/nies_audio_recording/2024/ChirpArray/Akitsu/20240721_1400.wav,0.9890392,0.043406703,0.034268808,0.9919138,-0.027534464
../TrueNAS/nies_audio_recording/2024/ChirpArray/Akitsu/20240721_1410.wav,0.82501084,0.033756457,1.0266386,1.0170617,-0.0056680404
../TrueNAS/nies_audio_recording/2024/ChirpArray/Akitsu/20240721_1500.wav,0.58084166,0.060344875,0.2849233,0.99413484,-0.008654594
../TrueNAS/nies_audio_recording/2024/ChirpArray/Akitsu/20240721_1510.wav,1.0355006,0.060049437,0.053055007,0.998306,-0.019352311
../TrueNAS/nies_audio_recording/2024/ChirpArray/Akitsu/20240721_1600.wav,0.15916872,0.019881569,0.017662492,0.99361676,-0.0063713677
../TrueNAS/nies_audio_recording/2024/ChirpArray/Akitsu/20240721_1610.wav,1.056645,0.120002754,0.16553621,0.99551743,-0.020262929
../TrueNAS/nies_audio_recording/2024/ChirpArray/Akitsu/20240721_1700.wav,1.0648273,0.03909103,0.20813872,0.99065274,-0.0126056075
../TrueNAS/nies_audio_recording/2024/ChirpArray/Akitsu/20240721_1710.wav,1.0549169,0.2791558,0.074697256,1.0048066,-0.030367237
../TrueNAS/nies_audio_recording/2024/ChirpArray/Akitsu/20240721_1800.wav,1.0555855,0.0077633187,0.043882307,0.99170506,-0.018630171
../TrueNAS/nies_audio_recording/2024/ChirpArray/Akitsu/20240721_1810.wav,0.9800829,0.8834085,0.48297587,1.0180546,-0.022141885
../TrueNAS/nies_audio_recording/2024/ChirpArray/Akitsu/20240721_1900.wav,0.9903665,0.99287325,0.066068515,1.014127,0.07796271
../TrueNAS/nies_audio_recording/2024/ChirpArray/Akitsu/20240721_1910.wav,0.79018235,-0.0006399378,0.026793744,0.9958376,-0.027555473
../TrueNAS/nies_audio_recording/2024/ChirpArray/Akitsu/20240721_2000.wav,0.016857482,-0.00027963892,-0.0012577102,0.015070081,0.018402442
../TrueNAS/nies_audio_recording/2024/ChirpArray/Akitsu/20240721_2010.wav,0.018365286,0.00022665597,-0.008721158,0.015666112,0.01639849
../TrueNAS/nies_audio_recording/2024/ChirpArray/Akitsu/20240721_2100.wav,0.016969018,0.007725641,-0.005621955,0.018926837,0.059547186
../TrueNAS/nies_audio_recording/2024/ChirpArray/Akitsu/20240721_2110.wav,0.020475976,-0.002073247,-0.005400751,0.012253299,0.014423251
../TrueNAS/nies_audio_recording/2024/ChirpArray/Akitsu/20240721_2200.wav,0.02063224,-0.00054316036,-0.006493613,0.009455338,0.017651185
../TrueNAS/nies_audio_recording/2024/ChirpArray/Akitsu/20240721_2210.wav,0.015455015,-0.0014413688,-0.0032311417,0.014944777,0.012933619
../TrueNAS/nies_audio_recording/2024/ChirpArray/Akitsu/20240721_2302.wav,0.017056428,-0.0019072164,-0.005401913,0.010296598,0.014779814
../TrueNAS/nies_audio_recording/2024/ChirpArray/Akitsu/20240721_2310.wav,0.021473039,-0.0042165145,-0.0067926794,0.0041357204,0.022361934
../TrueNAS/nies_audio_recording/2024/ChirpArray/Akitsu/20240722_0000.wav,0.072310835,0.027297672,0.0031069405,0.94229573,0.028128445
../TrueNAS/nies_audio_recording/2024/ChirpArray/Akitsu/20240722_0100.wav,0.01979196,0.021254186,-0.00271675,0.008788884,0.0151296705
../TrueNAS/nies_audio_recording/2024/ChirpArray/Akitsu/20240722_0110.wav,0.034624957,-0.00043571368,-0.004598774,0.010273136,0.011522956
../TrueNAS/nies_audio_recording/2024/ChirpArray/Akitsu/20240722_0200.wav,0.03570313,0.0023963824,0.0076209307,0.02147527,0.09208256
../TrueNAS/nies_audio_recording/2024/ChirpArray/Akitsu/20240722_0210.wav,0.025249142,0.0017010793,-0.0034243055,0.011788592,0.008322768
../TrueNAS/nies_audio_recording/2024/ChirpArray/Akitsu/20240722_0300.wav,0.034861922,0.4472627,0.00036282092,0.013978027,0.044577442
../TrueNAS/nies_audio_recording/2024/ChirpArray/Akitsu/20240722_0310.wav,0.039817117,0.009389875,0.0031809472,0.013113633,0.03617996
../TrueNAS/nies_audio_recording/2024/ChirpArray/Akitsu/20240722_0400.wav,0.0376039,0.016196739,0.009415347,0.016554281,0.43129358
../TrueNAS/nies_audio_recording/2024/ChirpArray/Akitsu/20240722_0410.wav,0.16967112,0.39487153,0.011757202,0.9571356,0.021089152
../TrueNAS/nies_audio_recording/2024/ChirpArray/Akitsu/20240722_0500.wav,0.9472049,0.0038863793,0.033036064,0.9937066,-0.015635304
../TrueNAS/nies_audio_recording/2024/ChirpArray/Akitsu/20240722_0510.wav,0.7845574,0.13300857,0.029693972,0.9853462,-0.018357467
../TrueNAS/nies_audio_recording/2024/ChirpArray/Akitsu/20240722_0600.wav,0.87346846,0.020743184,0.023982879,0.9918547,-0.016173355
../TrueNAS/nies_audio_recording/2024/ChirpArray/Akitsu/20240722_0610.wav,0.119557925,0.6422853,0.013479885,0.973134,-0.0017773733
../TrueNAS/nies_audio_recording/2024/ChirpArray/Akitsu/20240722_0700.wav,0.80303437,0.13175344,0.029321622,0.9962172,-0.030336084
../TrueNAS/nies_audio_recording/2024/ChirpArray/Akitsu/20240722_0710.wav,0.965121,0.013670616,0.9948046,1.0095118,-0.0030707717
../TrueNAS/nies_audio_recording/2024/ChirpArray/Akitsu/20240722_0800.wav,0.55036074,0.055358663,0.018706147,0.9882102,-0.02162546
../TrueNAS/nies_audio_recording/2024/ChirpArray/Akitsu/20240722_0810.wav,0.24014556,0.08700688,0.03378534,0.99387735,-0.0011968315
../TrueNAS/nies_audio_recording/2024/ChirpArray/Akitsu/20240722_0900.wav,0.28558293,0.010316595,0.041915614,0.9926655,-0.026453646
../TrueNAS/nies_audio_recording/2024/ChirpArray/Akitsu/20240722_0910.wav,0.6882755,0.0208861,0.95800734,1.0248528,-0.02289896
../TrueNAS/nies_audio_recording/2024/ChirpArray/Akitsu/20240722_1000.wav,0.09841106,0.021501653,1.04639,1.0168623,-0.0055109337
../TrueNAS/nies_audio_recording/2024/ChirpArray/Akitsu/20240722_1010.wav,0.521289,0.075114295,0.045730036,0.9962814,-0.0104938075
../TrueNAS/nies_audio_recording/2024/ChirpArray/Akitsu/20240722_1100.wav,0.60076356,0.035498627,1.0246428,1.0250391,0.0052577443
../TrueNAS/nies_audio_recording/2024/ChirpArray/Akitsu/20240722_1110.wav,0.9634132,0.027371377,0.04725946,0.9812209,-0.025406493
../TrueNAS/nies_audio_recording/2024/ChirpArray/Akitsu/20240722_1200.wav,1.0246278,0.03141705,0.046880674,0.98925704,-0.0078049824
../TrueNAS/nies_audio_recording/2024/ChirpArray/Akitsu/20240722_1210.wav,1.0603416,0.23442598,0.042479675,0.98352194,-0.010864876
../TrueNAS/nies_audio_recording/2024/ChirpArray/Akitsu/20240722_1300.wav,1.0412045,0.009394005,0.810108,0.9883321,-0.023383219
../TrueNAS/nies_audio_recording/2024/ChirpArray/Akitsu/20240722_1310.wav,1.0561566,0.007213585,0.28305814,0.98383516,-0.014984213
../TrueNAS/nies_audio_recording/2024/ChirpArray/Akitsu/20240722_1400.wav,0.34869462,0.008595809,1.0108664,1.004977,-0.006491158
../TrueNAS/nies_audio_recording/2024/ChirpArray/Akitsu/20240722_1410.wav,0.16143118,0.020806618,0.044430774,0.9780771,-0.008285556
../TrueNAS/nies_audio_recording/2024/ChirpArray/Akitsu/20240722_1500.wav,0.53022,0.021828935,0.1425215,0.9854789,0.0040889606
../TrueNAS/nies_audio_recording/2024/ChirpArray/Akitsu/20240722_1510.wav,0.66953224,0.006437205,0.054128077,0.9850038,-0.030137673
../TrueNAS/nies_audio_recording/2024/ChirpArray/Akitsu/20240722_1600.wav,0.5775662,0.014538147,0.05880725,0.98892623,-0.01135968
../TrueNAS/nies_audio_recording/2024/ChirpArray/Akitsu/20240722_1610.wav,1.0508401,0.010872558,0.1289754,0.98613876,-0.023618469
../TrueNAS/nies_audio_recording/2024/ChirpArray/Akitsu/20240722_1700.wav,1.0572251,0.039912328,0.12876283,0.98981196,-0.024590135
../TrueNAS/nies_audio_recording/2024/ChirpArray/Akitsu/20240722_1710.wav,1.0322055,0.077980466,0.04337066,0.9851547,-0.02737966
../TrueNAS/nies_audio_recording/2024/ChirpArray/Akitsu/20240722_1800.wav,0.21313313,0.017349824,1.005805,1.0301945,-0.009994455
../TrueNAS/nies_audio_recording/2024/ChirpArray/Akitsu/20240722_1810.wav,1.044013,0.11114858,0.7530167,0.9899365,-0.014818251
../TrueNAS/nies_audio_recording/2024/ChirpArray/Akitsu/20240722_1900.wav,0.9913786,-0.0014329553,0.047408875,0.9981576,-0.014293171
../TrueNAS/nies_audio_recording/2024/ChirpArray/Akitsu/20240722_1910.wav,1.0244632,0.0007787049,0.053543832,0.9966322,-0.023082081
../TrueNAS/nies_audio_recording/2024/ChirpArray/Akitsu/20240722_2000.wav,0.013863176,-0.003295634,-0.0056130663,0.010430664,0.0132103115
../TrueNAS/nies_audio_recording/2024/ChirpArray/Akitsu/20240722_2010.wav,0.014568143,-0.005183179,-0.008355167,0.0046084523,0.00932496
../TrueNAS/nies_audio_recording/2024/ChirpArray/Akitsu/20240722_2100.wav,0.019978039,-0.00041870773,-0.008580547,0.0074109137,0.00776653
../TrueNAS/nies_audio_recording/2024/ChirpArray/Akitsu/20240722_2110.wav,0.021558091,-0.00076257065,-0.0072304085,0.00662598,0.020565346
../TrueNAS/nies_audio_recording/2024/ChirpArray/Akitsu/20240722_2200.wav,0.04315941,0.036392163,-0.0020197444,0.012887411,0.024570182
../TrueNAS/nies_audio_recording/2024/ChirpArray/Akitsu/20240722_2210.wav,0.22670537,0.4114809,-0.0014383495,0.026200965,0.06642732
../TrueNAS/nies_audio_recording/2024/ChirpArray/Akitsu/20240722_2300.wav,0.016082369,-0.0013894737,-0.0048867464,0.006124176,0.11186032
../TrueNAS/nies_audio_recording/2024/ChirpArray/Akitsu/20240722_2310.wav,0.01961115,0.0017003715,-0.0073543973,0.0056141615,0.010560453
../TrueNAS/nies_audio_recording/2024/ChirpArray/Akitsu/20240723_0000.wav,0.0326646,0.05926115,-0.0062261336,0.0054170787,0.026049763
../TrueNAS/nies_audio_recording/2024/ChirpArray/Akitsu/20240723_0100.wav,0.0383,0.20974617,0.0016584434,0.006617531,0.15214288
../TrueNAS/nies_audio_recording/2024/ChirpArray/Akitsu/20240723_0110.wav,0.030342393,0.0031824484,0.004178878,0.005462937,0.17653744
../TrueNAS/nies_audio_recording/2024/ChirpArray/Akitsu/20240723_0200.wav,0.022130616,0.121931314,-0.00520378,0.012292072,0.015195221
../TrueNAS/nies_audio_recording/2024/ChirpArray/Akitsu/20240723_0210.wav,0.025360286,0.5105401,-0.0033871084,0.021009669,0.34416825
../TrueNAS/nies_audio_recording/2024/ChirpArray/Akitsu/20240723_0300.wav,0.038644195,0.74217206,-0.000741899,0.009712413,0.3583829
../TrueNAS/nies_audio_recording/2024/ChirpArray/Akitsu/20240723_0310.wav,0.037560083,0.25439024,0.0030112378,0.023042455,0.22570297
../TrueNAS/nies_audio_recording/2024/ChirpArray/Akitsu/20240723_0400.wav,0.02646412,0.14886208,-0.0012392513,0.010606796,0.10900785
../TrueNAS/nies_audio_recording/2024/ChirpArray/Akitsu/20240723_0410.wav,0.0242951,0.24921523,-0.002567958,0.0067759454,0.018562645
../TrueNAS/nies_audio_recording/2024/ChirpArray/Akitsu/20240723_0500.wav,1.0271211,0.021612622,0.035704713,0.99005085,-0.027162755
../TrueNAS/nies_audio_recording/2024/ChirpArray/Akitsu/20240723_0510.wav,0.45030472,0.4677071,0.040836435,1.0080291,0.10851206
../TrueNAS/nies_audio_recording/2024/ChirpArray/Akitsu/20240723_0600.wav,0.7978701,0.025059372,0.97328067,1.0290321,-0.01645967
../TrueNAS/nies_audio_recording/2024/ChirpArray/Akitsu/20240723_0610.wav,0.4891783,0.032496065,1.006685,1.0467553,0.117314905
../TrueNAS/nies_audio_recording/2024/ChirpArray/Akitsu/20240723_0700.wav,0.73920184,0.43527478,1.0180925,1.0562679,0.007330723
../TrueNAS/nies_audio_recording/2024/ChirpArray/Akitsu/20240723_0710.wav,0.977425,0.36410534,1.0101675,1.0569143,0.027418524
../TrueNAS/nies_audio_recording/2024/ChirpArray/Akitsu/20240723_0800.wav,0.86218154,0.5314604,1.0296928,1.0240895,-0.0047524534
../TrueNAS/nies_audio_recording/2024/ChirpArray/Akitsu/20240723_0810.wav,0.5913504,0.03452602,0.02603611,0.9952876,-0.008139294
../TrueNAS/nies_audio_recording/2024/ChirpArray/Akitsu/20240723_0900.wav,0.92658824,0.40067172,1.0525146,1.0307287,0.6089785
../TrueNAS/nies_audio_recording/2024/ChirpArray/Akitsu/20240723_0910.wav,1.0238067,0.11877587,1.0461323,1.0080856,-0.014535993
../TrueNAS/nies_audio_recording/2024/ChirpArray/Akitsu/20240723_1000.wav,0.30399826,0.9812617,0.15465131,0.9906211,-0.012086779
../TrueNAS/nies_audio_recording/2024/ChirpArray/Akitsu/20240723_1010.wav,0.5772924,0.10398501,0.732596,1.0583332,0.85670567
../TrueNAS/nies_audio_recording/2024/ChirpArray/Akitsu/20240723_1100.wav,0.29222345,0.7626163,0.05313396,0.986206,-0.027220704
../TrueNAS/nies_audio_recording/2024/ChirpArray/Akitsu/20240723_1110.wav,0.16408119,0.034339204,0.045869198,0.9877892,-0.010779075
../TrueNAS/nies_audio_recording/2024/ChirpArray/Akitsu/20240723_1200.wav,1.0463765,0.018954583,0.04410393,0.9865121,-0.03164637
../TrueNAS/nies_audio_recording/2024/ChirpArray/Akitsu/20240723_1210.wav,0.6485358,0.43523055,0.03150421,0.9800884,-0.020718053
../TrueNAS/nies_audio_recording/2024/ChirpArray/Akitsu/20240723_1300.wav,0.09473528,0.09148142,0.048289385,0.98814076,-0.03234308
../TrueNAS/nies_audio_recording/2024/ChirpArray/Akitsu/20240723_1310.wav,0.08679594,0.15533136,0.01908565,0.9667924,0.027148008
../TrueNAS/nies_audio_recording/2024/ChirpArray/Akitsu/20240723_1400.wav,1.048132,0.10349575,0.20205449,0.9750184,-0.01666227
../TrueNAS/nies_audio_recording/2024/ChirpArray/Akitsu/20240723_1410.wav,1.0572568,0.8560995,0.06776577,0.9895821,0.020013303
../TrueNAS/nies_audio_recording/2024/ChirpArray/Akitsu/20240723_1500.wav,1.0589398,0.22646274,0.9925549,0.9913344,-0.021011114
../TrueNAS/nies_audio_recording/2024/ChirpArray/Akitsu/20240723_1510.wav,1.0563949,0.7838729,0.26782304,0.9908629,-0.020759068
../TrueNAS/nies_audio_recording/2024/ChirpArray/Akitsu/20240723_1600.wav,1.0471424,0.013710111,0.08156292,0.9941793,-0.029223874
../TrueNAS/nies_audio_recording/2024/ChirpArray/Akitsu/20240723_1610.wav,1.0415639,0.02943544,0.6635244,1.0059571,-0.012718774
../TrueNAS/nies_audio_recording/2024/ChirpArray/Akitsu/20240723_1700.wav,1.0456994,0.014374949,0.06808694,1.0051762,-0.023342151
../TrueNAS/nies_audio_recording/2024/ChirpArray/Akitsu/20240723_1710.wav,1.0463742,0.060241878,0.94321537,0.9798314,-0.02727378
../TrueNAS/nies_audio_recording/2024/ChirpArray/Akitsu/20240723_1800.wav,1.0537796,0.01446829,0.11894466,0.9785609,-0.02442566
../TrueNAS/nies_audio_recording/2024/ChirpArray/Akitsu/20240723_1810.wav,1.0502319,0.05311247,0.22910427,0.97449905,-0.027020216
../TrueNAS/nies_audio_recording/2024/ChirpArray/Akitsu/20240723_1900.wav,1.0515673,0.010139942,0.061230313,0.9723955,-0.021624506
../TrueNAS/nies_audio_recording/2024/ChirpArray/Akitsu/20240723_1910.wav,1.0271229,0.020388067,0.11211613,0.9967501,-0.013943542
../TrueNAS/nies_audio_recording/2024/ChirpArray/Akitsu/20240723_2000.wav,0.016023986,0.027045878,-0.0049149953,0.011997223,0.017107338
../TrueNAS/nies_audio_recording/2024/ChirpArray/Akitsu/20240723_2010.wav,0.013708927,0.00034798495,-5.545467e-05,0.0098198205,0.010530211
../TrueNAS/nies_audio_recording/2024/ChirpArray/Akitsu/20240723_2100.wav,0.012975238,-0.0008059256,-0.0053754,0.011051983,0.011435673
../TrueNAS/nies_audio_recording/2024/ChirpArray/Akitsu/20240723_2110.wav,0.012218647,-0.003956627,-0.008677516,0.009640649,0.0103009865
../TrueNAS/nies_audio_recording/2024/ChirpArray/Akitsu/20240723_2200.wav,0.016872264,-0.0026584417,-0.008943159,0.012178734,0.0154733285
../TrueNAS/nies_audio_recording/2024/ChirpArray/Akitsu/20240723_2210.wav,0.016298681,-0.0018329173,-0.0057061426,0.01288031,0.019002378
../TrueNAS/nies_audio_recording/2024/ChirpArray/Akitsu/20240723_2300.wav,0.012487926,-0.0051793084,-0.0034875497,0.013973758,0.009286657
../TrueNAS/nies_audio_recording/2024/ChirpArray/Akitsu/20240723_2310.wav,0.019545503,0.10725691,0.011291299,0.012399204,0.015081309
../TrueNAS/nies_audio_recording/2024/ChirpArray/Akitsu/20240724_0000.wav,0.016592756,-0.0005949307,-0.006422747,0.008685105,0.010992765
../TrueNAS/nies_audio_recording/2024/ChirpArray/Akitsu/20240724_0100.wav,0.020712797,-0.00403456,-0.0036243089,0.04293422,0.020125017
../TrueNAS/nies_audio_recording/2024/ChirpArray/Akitsu/20240724_0110.wav,0.0485211,-0.0006297622,-0.0073958524,0.014575891,0.018320344
../TrueNAS/nies_audio_recording/2024/ChirpArray/Akitsu/20240724_0200.wav,0.020347916,0.008376747,-0.0070231743,0.0045194104,0.056155883
../TrueNAS/nies_audio_recording/2024/ChirpArray/Akitsu/20240724_0210.wav,0.017452009,0.043318965,-0.003281515,0.007319644,0.015367582
../TrueNAS/nies_audio_recording/2024/ChirpArray/Akitsu/20240724_0300.wav,0.026617505,0.15803754,-0.0032706968,0.012486555,0.064350106
../TrueNAS/nies_audio_recording/2024/ChirpArray/Akitsu/20240724_0310.wav,0.019366473,0.015571358,0.0008007921,0.005585015,0.014967486
../TrueNAS/nies_audio_recording/2024/ChirpArray/Akitsu/20240724_0400.wav,0.0449118,0.6507682,-0.0018246211,0.018359773,0.074685484
../TrueNAS/nies_audio_recording/2024/ChirpArray/Akitsu/20240724_0410.wav,0.033484045,0.027435996,-0.0035806522,0.01816345,0.21268871
../TrueNAS/nies_audio_recording/2024/ChirpArray/Akitsu/20240724_0500.wav,0.8564149,0.032276586,0.029634316,1.0004938,0.5665101
../TrueNAS/nies_audio_recording/2024/ChirpArray/Akitsu/20240724_0510.wav,0.16364971,0.17696367,0.06170332,0.98886436,-0.011701375
../TrueNAS/nies_audio_recording/2024/ChirpArray/Akitsu/20240724_0600.wav,0.63091487,0.061632983,0.028643508,0.9963128,-0.01955207
../TrueNAS/nies_audio_recording/2024/ChirpArray/Akitsu/20240724_0610.wav,0.76955324,0.8784442,0.029880878,0.99088836,-0.019316195
../TrueNAS/nies_audio_recording/2024/ChirpArray/Akitsu/20240724_0700.wav,0.6289712,0.046852693,0.019877162,0.9904237,-0.0010107458
../TrueNAS/nies_audio_recording/2024/ChirpArray/Akitsu/20240724_0710.wav,0.4228603,0.05858686,0.014873181,0.9817305,-0.023725916
../TrueNAS/nies_audio_recording/2024/ChirpArray/Akitsu/20240724_0800.wav,0.32173768,0.07358308,1.016812,1.0233945,-0.017944004
../TrueNAS/nies_audio_recording/2024/ChirpArray/Akitsu/20240724_0810.wav,0.68723786,0.11685964,0.600616,0.9810282,-0.010457255
../TrueNAS/nies_audio_recording/2024/ChirpArray/Akitsu/20240724_0900.wav,0.20130822,0.08538773,0.019883525,0.984025,-0.029994007
../TrueNAS/nies_audio_recording/2024/ChirpArray/Akitsu/20240724_0910.wav,0.6888097,0.024177514,0.019729298,0.9877992,-0.033144265
../TrueNAS/nies_audio_recording/2024/ChirpArray/Akitsu/20240724_1000.wav,0.11850205,0.663608,1.0194129,1.0478419,-0.003002461
../TrueNAS/nies_audio_recording/2024/ChirpArray/Akitsu/20240724_1010.wav,0.29024777,0.009258106,0.07210423,0.9895991,-0.032120362
../TrueNAS/nies_audio_recording/2024/ChirpArray/Akitsu/20240724_1100.wav,0.20969325,0.44914073,1.0357834,1.0228742,-0.005364239
../TrueNAS/nies_audio_recording/2024/ChirpArray/Akitsu/20240724_1110.wav,0.09778312,1.0023228,0.01870365,0.99809355,0.10899785
../TrueNAS/nies_audio_recording/2024/ChirpArray/Akitsu/20240724_1200.wav,0.6850644,0.70533043,1.0331372,1.0460172,0.035368234
../TrueNAS/nies_audio_recording/2024/ChirpArray/Akitsu/20240724_1210.wav,0.7441415,0.09702605,0.034173857,0.989108,-0.03331567
../TrueNAS/nies_audio_recording/2024/ChirpArray/Akitsu/20240724_1300.wav,1.0528632,0.22928031,0.04883523,0.9867801,-0.019185381
../TrueNAS/nies_audio_recording/2024/ChirpArray/Akitsu/20240724_1310.wav,0.08991863,0.08252234,0.02035446,0.991091,-0.033965476
../TrueNAS/nies_audio_recording/2024/ChirpArray/Akitsu/20240724_1400.wav,1.0425954,0.03399811,0.10088442,0.9912664,-0.011033207
../TrueNAS/nies_audio_recording/2024/ChirpArray/Akitsu/20240724_1410.wav,1.0516438,0.042343125,0.26322895,0.9642382,-0.010133788
../TrueNAS/nies_audio_recording/2024/ChirpArray/Akitsu/20240724_1500.wav,1.0319722,0.8205637,1.0762149,1.0393115,-0.0038009882
../TrueNAS/nies_audio_recording/2024/ChirpArray/Akitsu/20240724_1510.wav,1.0118083,0.022508323,0.99651206,1.032411,-0.004806537
../TrueNAS/nies_audio_recording/2024/ChirpArray/Akitsu/20240724_1600.wav,1.0396118,0.19290899,1.053593,1.0438919,-0.01042822
../TrueNAS/nies_audio_recording/2024/ChirpArray/Akitsu/20240724_1610.wav,1.0386394,0.07068167,1.058307,1.014043,-0.009147748
../TrueNAS/nies_audio_recording/2024/ChirpArray/Akitsu/20240724_1700.wav,1.0536152,0.30501127,1.0932223,0.99797326,-0.019606158
../TrueNAS/nies_audio_recording/2024/ChirpArray/Akitsu/20240724_1710.wav,1.0534067,0.12648171,1.042324,1.0409948,-0.008537084
../TrueNAS/nies_audio_recording/2024/ChirpArray/Akitsu/20240724_1800.wav,1.05036,0.017518133,0.09328246,0.9719058,-0.023759246
../TrueNAS/nies_audio_recording/2024/ChirpArray/Akitsu/20240724_1810.wav,1.0308286,0.87595385,0.0480283,0.99889463,-0.02990109
../TrueNAS/nies_audio_recording/2024/ChirpArray/Akitsu/20240724_1900.wav,1.0358114,0.12827511,0.23019765,0.99649227,-0.021114241
../TrueNAS/nies_audio_recording/2024/ChirpArray/Akitsu/20240724_1910.wav,0.9596004,0.014715232,0.045209464,0.99317086,-0.028963028
../TrueNAS/nies_audio_recording/2024/ChirpArray/Akitsu/20240724_2000.wav,0.03349778,0.0030898005,-0.004797671,0.0035381168,0.028230779
../TrueNAS/nies_audio_recording/2024/ChirpArray/Akitsu/20240724_2010.wav,0.020812988,-0.00013834983,-0.0038001277,0.0057459697,0.0130206905
../TrueNAS/nies_audio_recording/2024/ChirpArray/Akitsu/20240724_2100.wav,0.021985225,-0.0023983642,-0.00022954866,0.0074512213,0.02205877
../TrueNAS/nies_audio_recording/2024/ChirpArray/Akitsu/20240724_2110.wav,0.020901635,0.0011215452,-0.004905347,0.0107237995,0.014033072
../TrueNAS/nies_audio_recording/2024/ChirpArray/Akitsu/20240724_2200.wav,0.021178834,-0.0028450955,-0.00566715,0.009558782,0.017507434
../TrueNAS/nies_audio_recording/2024/ChirpArray/Akitsu/20240724_2210.wav,0.017480172,0.0051373243,-0.0080324635,0.0065762103,0.012918323
../TrueNAS/nies_audio_recording/2024/ChirpArray/Akitsu/20240724_2300.wav,0.018717796,-0.00035146996,-0.0062694475,0.011245273,0.013978373
../TrueNAS/nies_audio_recording/2024/ChirpArray/Akitsu/20240724_2310.wav,0.024736524,0.03584198,-0.010192327,0.009298265,0.017160341
../TrueNAS/nies_audio_recording/2024/ChirpArray/Akitsu/20240725_0000.wav,0.026793782,0.74718815,-0.0013912395,0.0053682625,0.00826804
../TrueNAS/nies_audio_recording/2024/ChirpArray/Akitsu/20240725_0100.wav,0.029793914,-0.0010472629,-0.0073452517,0.0050006732,0.021845743
../TrueNAS/nies_audio_recording/2024/ChirpArray/Akitsu/20240725_0110.wav,0.025914218,0.0025437921,-0.006237652,0.01784511,0.09887782
../TrueNAS/nies_audio_recording/2024/ChirpArray/Akitsu/20240725_0200.wav,0.022259146,0.0033851992,-0.004942771,0.005167611,0.008053206
../TrueNAS/nies_audio_recording/2024/ChirpArray/Akitsu/20240725_0210.wav,0.016626753,0.020443283,-0.0034880117,0.01913558,0.45374516
../TrueNAS/nies_audio_recording/2024/ChirpArray/Akitsu/20240725_0300.wav,0.03199415,0.47993731,-0.0038492307,0.008921176,0.07483406
../TrueNAS/nies_audio_recording/2024/ChirpArray/Akitsu/20240725_0310.wav,0.025612492,0.021448229,-0.0048977435,0.0043329373,0.12291397
../TrueNAS/nies_audio_recording/2024/ChirpArray/Akitsu/20240725_0400.wav,0.025791198,0.35537022,-0.00298246,0.009456664,0.021529004
../TrueNAS/nies_audio_recording/2024/ChirpArray/Akitsu/20240725_0410.wav,0.0396334,0.7984751,0.0049398057,0.005445972,0.06902839
../TrueNAS/nies_audio_recording/2024/ChirpArray/Akitsu/20240725_0500.wav,0.68340176,0.021721631,0.027508248,0.98698866,-0.026031248
../TrueNAS/nies_audio_recording/2024/ChirpArray/Akitsu/20240725_0510.wav,0.6502939,0.5384841,0.99795556,0.9810918,0.019272141
../TrueNAS/nies_audio_recording/2024/ChirpArray/Akitsu/20240725_0600.wav,0.95419425,0.03297586,0.02510656,0.99153036,-0.022035457
../TrueNAS/nies_audio_recording/2024/ChirpArray/Akitsu/20240725_0610.wav,0.5642215,0.0043599308,0.10268451,0.99767345,-0.024449661
../TrueNAS/nies_audio_recording/2024/ChirpArray/Akitsu/20240725_0700.wav,0.74510473,0.040260427,0.023150269,0.987691,-0.028283844
../TrueNAS/nies_audio_recording/2024/ChirpArray/Akitsu/20240725_0710.wav,0.28107938,0.776758,0.020511594,0.97551477,0.011090696
../TrueNAS/nies_audio_recording/2024/ChirpArray/Akitsu/20240725_0800.wav,0.13958338,0.29284966,1.0120777,1.0294024,-0.007057775
../TrueNAS/nies_audio_recording/2024/ChirpArray/Akitsu/20240725_0810.wav,0.7268936,0.061483547,1.0355575,1.0223289,-0.0068707652
../TrueNAS/nies_audio_recording/2024/ChirpArray/Akitsu/20240725_0900.wav,0.36936328,0.6481014,1.0395222,1.0362177,0.001610741
../TrueNAS/nies_audio_recording/2024/ChirpArray/Akitsu/20240725_0910.wav,0.7781095,0.10374162,0.026547547,0.98481315,-0.0070412196
../TrueNAS/nies_audio_recording/2024/ChirpArray/Akitsu/20240725_1000.wav,0.49799478,0.15493803,0.031939525,0.9847091,-0.023635643
../TrueNAS/nies_audio_recording/2024/ChirpArray/Akitsu/20240725_1010.wav,0.40098828,0.0042041987,0.01867808,0.9894699,-0.0036573224
../TrueNAS/nies_audio_recording/2024/ChirpArray/Akitsu/20240725_1100.wav,0.17785221,0.031909034,0.28068393,0.9907809,-0.002435498
../TrueNAS/nies_audio_recording/2024/ChirpArray/Akitsu/20240725_1110.wav,1.0626212,0.017636843,1.031318,1.027485,0.0032388717
../TrueNAS/nies_audio_recording/2024/ChirpArray/Akitsu/20240725_1200.wav,0.1492641,0.32930404,0.023052987,0.99249023,0.00911513
../TrueNAS/nies_audio_recording/2024/ChirpArray/Akitsu/20240725_1210.wav,0.043235227,0.033283584,-0.0028420277,0.85551286,0.021598965
../TrueNAS/nies_audio_recording/2024/ChirpArray/Akitsu/20240725_1300.wav,1.052479,0.010826603,0.68850577,0.9887174,-0.01459232
../TrueNAS/nies_audio_recording/2024/ChirpArray/Akitsu/20240725_1310.wav,0.8675232,0.18787353,1.042559,1.0261289,0.04974906
../TrueNAS/nies_audio_recording/2024/ChirpArray/Akitsu/20240725_1400.wav,1.0611198,0.18619229,0.052697744,0.9849305,-0.0066627786
../TrueNAS/nies_audio_recording/2024/ChirpArray/Akitsu/20240725_1410.wav,1.054388,0.025910743,1.0579666,1.0056994,-0.025268586
../TrueNAS/nies_audio_recording/2024/ChirpArray/Akitsu/20240725_1500.wav,1.0474421,0.028493002,1.0630859,1.0274683,-0.00657697
../TrueNAS/nies_audio_recording/2024/ChirpArray/Akitsu/20240725_1510.wav,1.0571297,0.032309763,0.042442854,0.98545724,0.01709482
../TrueNAS/nies_audio_recording/2024/ChirpArray/Akitsu/20240725_1600.wav,1.0658342,0.0692531,0.06673916,0.97843164,-0.029189348
../TrueNAS/nies_audio_recording/2024/ChirpArray/Akitsu/20240725_1610.wav,1.0487565,0.05478795,0.051737662,0.9991209,-0.026382668
../TrueNAS/nies_audio_recording/2024/ChirpArray/Akitsu/20240725_1700.wav,1.0359398,0.016005613,1.0696806,1.0227706,-0.018481843
../TrueNAS/nies_audio_recording/2024/ChirpArray/Akitsu/20240725_1710.wav,1.0570554,0.03617534,1.0975043,1.0201261,-0.009625893
../TrueNAS/nies_audio_recording/2024/ChirpArray/Akitsu/20240725_1800.wav,1.0458515,0.44484395,0.24234371,0.9742213,-0.028955955
../TrueNAS/nies_audio_recording/2024/ChirpArray/Akitsu/20240725_1810.wav,1.0559431,0.023163281,0.34663546,0.9646992,-0.016715998
../TrueNAS/nies_audio_recording/2024/ChirpArray/Akitsu/20240725_1900.wav,0.07645617,0.3892299,0.04808772,0.97957724,0.026810035
../TrueNAS/nies_audio_recording/2024/ChirpArray/Akitsu/20240725_1910.wav,0.033398993,0.29057902,0.005915396,0.003952086,0.04351732
../TrueNAS/nies_audio_recording/2024/ChirpArray/Akitsu/20240725_2000.wav,0.024309218,0.049804375,0.006873451,0.006339431,0.039501026
../TrueNAS/nies_audio_recording/2024/ChirpArray/Akitsu/20240725_2010.wav,0.038651675,0.010561906,-0.005865708,0.0040035844,0.038788773
../TrueNAS/nies_audio_recording/2024/ChirpArray/Akitsu/20240725_2100.wav,0.020749867,-0.0019186661,-0.007839873,0.0065979064,0.014643297
../TrueNAS/nies_audio_recording/2024/ChirpArray/Akitsu/20240725_2110.wav,0.018254727,0.0007908698,-0.0068141147,0.0045528263,0.021928206
../TrueNAS/nies_audio_recording/2024/ChirpArray/Akitsu/20240725_2200.wav,0.016099483,0.0015761815,-0.00895318,0.0068289936,0.009902202
../TrueNAS/nies_audio_recording/2024/ChirpArray/Akitsu/20240725_2210.wav,0.017004415,0.00027264468,-0.0072852783,0.003923379,0.011678413
../TrueNAS/nies_audio_recording/2024/ChirpArray/Akitsu/20240725_2300.wav,0.016591288,-0.0011361092,-0.004760556,-0.00048083067,0.015701413
../TrueNAS/nies_audio_recording/2024/ChirpArray/Akitsu/20240725_2310.wav,0.031280223,-0.00034067966,-0.0015348643,0.0047478527,0.018883318
../TrueNAS/nies_audio_recording/2024/ChirpArray/Akitsu/20240726_0000.wav,0.016422726,-0.0027280375,-0.010387726,0.0038367212,0.011530854
../TrueNAS/nies_audio_recording/2024/ChirpArray/Akitsu/20240726_0100.wav,0.017479628,-0.0016021952,-0.009456895,0.0047939867,0.013937756
../TrueNAS/nies_audio_recording/2024/ChirpArray/Akitsu/20240726_0110.wav,0.01569862,0.0017344058,-0.0070469677,0.0054684877,0.008854046
../TrueNAS/nies_audio_recording/2024/ChirpArray/Akitsu/20240726_0200.wav,0.015524261,-0.0025928728,-0.006776314,0.0057458356,0.014194399
../TrueNAS/nies_audio_recording/2024/ChirpArray/Akitsu/20240726_0210.wav,0.01276049,0.0028625913,-0.0055111684,0.0061748773,0.006700944
../TrueNAS/nies_audio_recording/2024/ChirpArray/Akitsu/20240726_0300.wav,0.01299423,0.00061265193,-0.00822575,0.0038191527,0.006415315
../TrueNAS/nies_audio_recording/2024/ChirpArray/Akitsu/20240726_0310.wav,0.0104000345,-0.0021743737,-0.0075675324,0.007580757,0.00951083
../TrueNAS/nies_audio_recording/2024/ChirpArray/Akitsu/20240726_0400.wav,0.013933942,0.03317928,-0.0073178224,0.007800445,0.0076637343
../TrueNAS/nies_audio_recording/2024/ChirpArray/Akitsu/20240726_0410.wav,0.0190297,0.072090305,-0.008175727,0.006844364,0.01568617
../TrueNAS/nies_audio_recording/2024/ChirpArray/Akitsu/20240726_0500.wav,0.9111287,0.0062456354,0.073589295,0.98712325,-0.023142708
../TrueNAS/nies_audio_recording/2024/ChirpArray/Akitsu/20240726_0510.wav,0.34393805,0.023199283,0.13374941,0.9902488,-0.030992463
../TrueNAS/nies_audio_recording/2024/ChirpArray/Akitsu/20240726_0600.wav,0.8787017,0.95551306,0.03400385,0.98760724,-0.020153353
../TrueNAS/nies_audio_recording/2024/ChirpArray/Akitsu/20240726_0610.wav,0.82071763,0.35779953,0.11022727,0.9959674,-0.030232353
../TrueNAS/nies_audio_recording/2024/ChirpArray/Akitsu/20240726_0700.wav,0.9348755,0.11109435,1.0237077,1.0539668,0.0020156875
../TrueNAS/nies_audio_recording/2024/ChirpArray/Akitsu/20240726_0710.wav,0.44871584,0.0016091019,0.022750717,0.9946212,-0.023031883
../TrueNAS/nies_audio_recording/2024/ChirpArray/Akitsu/20240726_0800.wav,0.5541812,0.05998957,0.025859449,0.99038535,-0.033073984
../TrueNAS/nies_audio_recording/2024/ChirpArray/Akitsu/20240726_0810.wav,0.9270634,0.023263969,1.0448306,1.018793,-0.01511436
../TrueNAS/nies_audio_recording/2024/ChirpArray/Akitsu/20240726_0900.wav,0.3030414,0.004480146,0.95763564,1.0151079,-0.027082203
../TrueNAS/nies_audio_recording/2024/ChirpArray/Akitsu/20240726_0910.wav,0.87151927,0.12485246,0.024285879,0.9853923,-0.013046868
../TrueNAS/nies_audio_recording/2024/ChirpArray/Akitsu/20240726_1000.wav,0.13671805,0.05863639,1.0363072,1.0003968,-0.0042807907
../TrueNAS/nies_audio_recording/2024/ChirpArray/Akitsu/20240726_1010.wav,0.10168362,0.01699777,1.0209057,1.0103251,0.00079587847
../TrueNAS/nies_audio_recording/2024/ChirpArray/Akitsu/20240726_1100.wav,1.0420835,0.3060277,1.0868413,1.0278155,0.002968382
../TrueNAS/nies_audio_recording/2024/ChirpArray/Akitsu/20240726_1110.wav,1.0273713,0.03479565,1.0781034,1.0260986,-0.0023686215
../TrueNAS/nies_audio_recording/2024/ChirpArray/Akitsu/20240726_1200.wav,1.0611112,0.008666776,0.061782178,0.9839551,-0.024941802
../TrueNAS/nies_audio_recording/2024/ChirpArray/Akitsu/20240726_1210.wav,1.0620881,0.0076164976,0.06045268,0.9779365,-0.032733392
../TrueNAS/nies_audio_recording/2024/ChirpArray/Akitsu/20240726_1300.wav,1.0542916,0.015023552,0.91871333,1.0094848,-0.027540402
../TrueNAS/nies_audio_recording/2024/ChirpArray/Akitsu/20240726_1310.wav,1.067003,0.042590663,0.9139979,0.9865837,-0.023383295
../TrueNAS/nies_audio_recording/2024/ChirpArray/Akitsu/20240726_1400.wav,1.0546453,0.033505604,0.17376277,0.9808053,-0.019622039
../TrueNAS/nies_audio_recording/2024/ChirpArray/Akitsu/20240726_1410.wav,1.055752,0.0268173,0.07406227,0.9822842,-0.032148976
../TrueNAS/nies_audio_recording/2024/ChirpArray/Akitsu/20240726_1500.wav,1.0498047,0.04536937,0.07163417,0.9810623,-0.026626423
../TrueNAS/nies_audio_recording/2024/ChirpArray/Akitsu/20240726_1510.wav,1.0674615,0.01856979,0.8952054,0.97738975,-0.013270557
../TrueNAS/nies_audio_recording/2024/ChirpArray/Akitsu/20240726_1600.wav,1.0557929,0.0064658597,0.9140575,0.9711501,0.56136787
../TrueNAS/nies_audio_recording/2024/ChirpArray/Akitsu/20240726_1610.wav,1.0556158,0.07156256,1.0442448,0.9785819,-0.026780158
../TrueNAS/nies_audio_recording/2024/ChirpArray/Akitsu/20240726_1700.wav,1.0556155,0.021941654,0.51507604,0.9751532,-0.027514726
../TrueNAS/nies_audio_recording/2024/ChirpArray/Akitsu/20240726_1710.wav,1.0475168,0.01641459,0.21469034,0.98262924,-0.0195678
../TrueNAS/nies_audio_recording/2024/ChirpArray/Akitsu/20240726_1800.wav,1.0679288,0.22350618,0.105493024,0.977748,-0.024084972
../TrueNAS/nies_audio_recording/2024/ChirpArray/Akitsu/20240726_1810.wav,1.0453554,0.010181427,0.072522596,0.97566634,-0.03160339
../TrueNAS/nies_audio_recording/2024/ChirpArray/Akitsu/20240726_1900.wav,1.0649902,0.22868153,0.7318279,0.9852055,-0.026817035
../TrueNAS/nies_audio_recording/2024/ChirpArray/Akitsu/20240726_1910.wav,0.05468009,0.0176678,0.35543627,0.99853885,-0.028958276
../TrueNAS/nies_audio_recording/2024/ChirpArray/Akitsu/20240726_2000.wav,0.022914298,-0.0035523213,-0.008172959,0.016597934,0.013516329
../TrueNAS/nies_audio_recording/2024/ChirpArray/Akitsu/20240726_2010.wav,0.040991187,0.06491569,-0.0015009381,0.012682758,0.025910057
../TrueNAS/nies_audio_recording/2024/ChirpArray/Akitsu/20240726_2100.wav,0.021659538,-0.002041489,-0.009682119,0.0023381263,0.01400527
../TrueNAS/nies_audio_recording/2024/ChirpArray/Akitsu/20240726_2110.wav,0.03228685,0.091687016,-0.0060292594,0.014825188,0.022499137
../TrueNAS/nies_audio_recording/2024/ChirpArray/Akitsu/20240726_2200.wav,0.038416043,0.019526945,-0.004525151,0.009600386,0.02517967
../TrueNAS/nies_audio_recording/2024/ChirpArray/Akitsu/20240726_2210.wav,0.019330323,0.0057767015,-0.005929962,0.013484277,0.010376848
../TrueNAS/nies_audio_recording/2024/ChirpArray/Akitsu/20240726_2300.wav,0.017516889,-0.0024928153,-0.004070312,0.0049983487,0.017901525
../TrueNAS/nies_audio_recording/2024/ChirpArray/Akitsu/20240726_2310.wav,0.023986794,0.01316082,0.00090477243,0.004407704,0.030218095
../TrueNAS/nies_audio_recording/2024/ChirpArray/Akitsu/20240727_0000.wav,0.013374172,0.00011547655,-0.009013362,0.0045527145,0.005941566
../TrueNAS/nies_audio_recording/2024/ChirpArray/Akitsu/20240727_0100.wav,0.019702844,0.0011696611,-0.009225432,0.002200514,0.016703576
../TrueNAS/nies_audio_recording/2024/ChirpArray/Akitsu/20240727_0110.wav,0.02131677,0.0016064756,-0.0071425885,0.0040626675,0.016720876
../TrueNAS/nies_audio_recording/2024/ChirpArray/Akitsu/20240727_0200.wav,0.01843156,0.0005156435,-0.008489635,0.005681947,0.014602117
../TrueNAS/nies_audio_recording/2024/ChirpArray/Akitsu/20240727_0210.wav,0.017834902,0.00065791607,-0.009649742,0.007828228,0.01925829
../TrueNAS/nies_audio_recording/2024/ChirpArray/Akitsu/20240727_0300.wav,0.019681044,-0.0007177405,-0.006692264,0.003966853,0.014864236
../TrueNAS/nies_audio_recording/2024/ChirpArray/Akitsu/20240727_0310.wav,0.01773461,0.00019367225,-0.008679211,0.008833036,0.015233509
../TrueNAS/nies_audio_recording/2024/ChirpArray/Akitsu/20240727_0400.wav,0.0511929,0.9367525,-0.0035183989,0.0045886785,0.014907114
../TrueNAS/nies_audio_recording/2024/ChirpArray/Akitsu/20240727_0410.wav,0.015192263,-0.0034866408,-0.0066838525,0.0073271245,0.011660479
../TrueNAS/nies_audio_recording/2024/ChirpArray/Akitsu/20240727_0500.wav,0.9378652,0.10337339,0.021828916,0.9685306,0.0032527596
../TrueNAS/nies_audio_recording/2024/ChirpArray/Akitsu/20240727_0510.wav,1.0446174,0.03150008,0.037507992,0.99385685,-0.012237743
../TrueNAS/nies_audio_recording/2024/ChirpArray/Akitsu/20240727_0600.wav,0.85301536,0.014630377,1.0201595,1.0274079,-0.009593621
../TrueNAS/nies_audio_recording/2024/ChirpArray/Akitsu/20240727_0610.wav,0.9028973,0.3452719,1.018467,1.0447828,0.66617453
../TrueNAS/nies_audio_recording/2024/ChirpArray/Akitsu/20240727_0700.wav,0.41356936,0.03854607,1.0056223,1.0604486,-0.0005371012
../TrueNAS/nies_audio_recording/2024/ChirpArray/Akitsu/20240727_0710.wav,0.5907796,0.0082344115,1.0182116,1.0332087,-0.014107652
../TrueNAS/nies_audio_recording/2024/ChirpArray/Akitsu/20240727_0800.wav,0.23090935,0.04397565,1.0091025,1.025526,0.4123694
../TrueNAS/nies_audio_recording/2024/ChirpArray/Akitsu/20240727_0810.wav,0.9462435,0.016487315,1.0383534,1.016807,-0.009053759
../TrueNAS/nies_audio_recording/2024/ChirpArray/Akitsu/20240727_0900.wav,0.80887455,0.26880556,1.0391241,1.0303804,-0.0027842745
../TrueNAS/nies_audio_recording/2024/ChirpArray/Akitsu/20240727_0910.wav,0.6234958,0.11597298,1.0058223,1.042621,-0.005855061
../TrueNAS/nies_audio_recording/2024/ChirpArray/Akitsu/20240727_1000.wav,0.49329734,0.108139485,1.0140096,1.0290152,-0.009646803
../TrueNAS/nies_audio_recording/2024/ChirpArray/Akitsu/20240727_1010.wav,0.8330963,0.033785023,0.031163957,1.0038327,-0.014495626
../TrueNAS/nies_audio_recording/2024/ChirpArray/Akitsu/20240727_1100.wav,1.0586704,0.0072986037,0.23305194,0.98216766,-0.030830935
../TrueNAS/nies_audio_recording/2024/ChirpArray/Akitsu/20240727_1110.wav,1.0512263,0.11361847,1.0970681,1.0125321,-0.005172439
../TrueNAS/nies_audio_recording/2024/ChirpArray/Akitsu/20240727_1204.wav,1.0670953,0.012958527,0.05546237,0.987856,-0.019301118
../TrueNAS/nies_audio_recording/2024/ChirpArray/Akitsu/20240727_1210.wav,1.0577098,0.07589534,0.06744526,0.9811873,-0.021901792
../TrueNAS/nies_audio_recording/2024/ChirpArray/Akitsu/20240727_1300.wav,1.0393361,0.07332373,0.045468714,0.9838824,-0.029829372
../TrueNAS/nies_audio_recording/2024/ChirpArray/Akitsu/20240727_1310.wav,1.0768294,0.007604316,0.062222954,0.9757523,-0.021610087
../TrueNAS/nies_audio_recording/2024/ChirpArray/Akitsu/20240727_1400.wav,1.0544071,0.019405454,1.0626117,0.9849392,-0.031620536
../TrueNAS/nies_audio_recording/2024/ChirpArray/Akitsu/20240727_1411.wav,1.0622661,0.03805411,0.10171278,0.98562133,-0.02511701
../TrueNAS/nies_audio_recording/2024/ChirpArray/Akitsu/20240727_1500.wav,1.0590854,0.43010616,1.0146918,1.0524517,-0.0069496557
../TrueNAS/nies_audio_recording/2024/ChirpArray/Akitsu/20240727_1510.wav,1.0553004,0.014760539,0.14474128,0.98740786,-0.030496648
../TrueNAS/nies_audio_recording/2024/ChirpArray/Akitsu/20240727_1600.wav,1.0623726,0.031561024,0.11694603,0.99696356,-0.020308627
../TrueNAS/nies_audio_recording/2024/ChirpArray/Akitsu/20240727_1610.wav,1.0528803,0.17820357,1.0759673,0.99558514,-0.027994134
../TrueNAS/nies_audio_recording/2024/ChirpArray/Akitsu/20240727_1700.wav,1.0598422,0.0279935,0.11142023,0.97759664,-0.02740769
../TrueNAS/nies_audio_recording/2024/ChirpArray/Akitsu/20240727_1710.wav,1.0574725,0.0038595647,0.0497515,0.9963102,-0.029796127
../TrueNAS/nies_audio_recording/2024/ChirpArray/Akitsu/20240727_1800.wav,1.0523292,0.009342022,0.0656752,0.9727923,-0.030049682
../TrueNAS/nies_audio_recording/2024/ChirpArray/Akitsu/20240727_1810.wav,1.0540085,0.007458955,0.22812729,0.9805179,-0.028945666
../TrueNAS/nies_audio_recording/2024/ChirpArray/Akitsu/20240727_1900.wav,1.0523527,0.006825,0.052182984,0.9890337,-0.016598126
../TrueNAS/nies_audio_recording/2024/ChirpArray/Akitsu/20240727_1910.wav,0.11409864,0.04228881,0.0046994574,0.94533116,0.024382427
../TrueNAS/nies_audio_recording/2024/ChirpArray/Akitsu/20240727_2000.wav,0.06833105,0.980207,0.019651514,0.012977794,0.15002275
../TrueNAS/nies_audio_recording/2024/ChirpArray/Akitsu/20240727_2010.wav,0.025714532,0.011360016,0.009752337,0.012431204,0.018988907
../TrueNAS/nies_audio_recording/2024/ChirpArray/Akitsu/20240727_2100.wav,0.020007096,-0.00079543144,-0.005750373,0.013923615,0.01542604
../TrueNAS/nies_audio_recording/2024/ChirpArray/Akitsu/20240727_2110.wav,0.019404888,0.0012027472,-0.0074229576,0.007216066,0.015518002
../TrueNAS/nies_audio_recording/2024/ChirpArray/Akitsu/20240727_2200.wav,0.014247887,-0.003236711,-0.0036532953,0.014611036,0.008932587
../TrueNAS/nies_audio_recording/2024/ChirpArray/Akitsu/20240727_2210.wav,0.018723458,-0.0016534105,-0.006937992,0.016488537,0.014706537
../TrueNAS/nies_audio_recording/2024/ChirpArray/Akitsu/20240727_2300.wav,0.016942255,0.1494047,-0.0050435923,0.014248744,0.012756519
../TrueNAS/nies_audio_recording/2024/ChirpArray/Akitsu/20240727_2310.wav,0.016529568,-0.0033694506,-0.007674318,0.006249577,0.010035872
../TrueNAS/nies_audio_recording/2024/ChirpArray/Akitsu/20240728_0000.wav,0.014247052,0.000675153,-0.008874904,0.005055785,0.011714995
../TrueNAS/nies_audio_recording/2024/ChirpArray/Akitsu/20240728_0100.wav,0.013337307,0.0007047262,-0.0074958093,0.005589105,0.005820431
../TrueNAS/nies_audio_recording/2024/ChirpArray/Akitsu/20240728_0110.wav,0.016015902,-0.002137592,-0.005749803,0.009588376,0.00957698
../TrueNAS/nies_audio_recording/2024/ChirpArray/Akitsu/20240728_0200.wav,0.015444525,0.00313144,-0.00858428,0.006935708,0.008763183
../TrueNAS/nies_audio_recording/2024/ChirpArray/Akitsu/20240728_0210.wav,0.051389117,0.014433324,-0.0034824982,0.889497,0.033732854
../TrueNAS/nies_audio_recording/2024/ChirpArray/Akitsu/20240728_0303.wav,0.021560974,-0.004818987,-0.008642398,0.010252349,0.016382523
../TrueNAS/nies_audio_recording/2024/ChirpArray/Akitsu/20240728_0310.wav,0.019667625,-0.003274694,-0.010738108,0.008608803,0.013531435
../TrueNAS/nies_audio_recording/2024/ChirpArray/Akitsu/20240728_0400.wav,0.028439306,-0.0037229396,-0.009269904,0.0077518374,0.018055126
../TrueNAS/nies_audio_recording/2024/ChirpArray/Akitsu/20240728_0410.wav,0.020371579,-0.007015735,-0.0069737025,0.012474924,0.009636309
../TrueNAS/nies_audio_recording/2024/ChirpArray/Akitsu/20240728_0500.wav,0.24810028,0.037263036,0.009556178,0.9753997,-0.0074973926
../TrueNAS/nies_audio_recording/2024/ChirpArray/Akitsu/20240728_0513.wav,0.6504429,0.0315521,0.020839434,1.0066236,-0.027721595
../TrueNAS/nies_audio_recording/2024/ChirpArray/Akitsu/20240728_0600.wav,0.22691819,0.016426839,1.0187854,1.0526426,-0.004815027
../TrueNAS/nies_audio_recording/2024/ChirpArray/Akitsu/20240728_0610.wav,0.35581538,0.11190539,0.07642637,0.99529594,-0.026024543
../TrueNAS/nies_audio_recording/2024/ChirpArray/Akitsu/20240728_0700.wav,0.977228,0.009592392,0.1199709,0.99257505,-0.03144583
../TrueNAS/nies_audio_recording/2024/ChirpArray/Akitsu/20240728_0710.wav,0.93778586,0.03043589,1.0320634,1.0436788,-0.0051414147
../TrueNAS/nies_audio_recording/2024/ChirpArray/Akitsu/20240728_0800.wav,0.9132428,0.0069222674,0.033206087,1.0048013,-0.025512466
../TrueNAS/nies_audio_recording/2024/ChirpArray/Akitsu/20240728_0810.wav,0.84752613,0.32415128,1.0242151,1.0624192,0.0027956218
../TrueNAS/nies_audio_recording/2024/ChirpArray/Akitsu/20240728_0900.wav,0.27300793,0.6025273,0.05164882,1.0126997,0.83561957
../TrueNAS/nies_audio_recording/2024/ChirpArray/Akitsu/20240728_0910.wav,0.44334546,0.10087137,0.9983115,1.0565199,0.00042275712
../TrueNAS/nies_audio_recording/2024/ChirpArray/Akitsu/20240728_1000.wav,1.0220184,0.6378774,1.0611037,1.0205781,-0.007932402
../TrueNAS/nies_audio_recording/2024/ChirpArray/Akitsu/20240728_1010.wav,0.7800448,0.014292017,0.031005088,0.9988593,-0.024180187
../TrueNAS/nies_audio_recording/2024/ChirpArray/Akitsu/20240728_1100.wav,1.0614902,0.010442302,0.26721695,0.9851399,-0.018365897
../TrueNAS/nies_audio_recording/2024/ChirpArray/Akitsu/20240728_1110.wav,1.055045,0.04268001,1.0039475,0.9880746,-0.023034187
../TrueNAS/nies_audio_recording/2024/ChirpArray/Akitsu/20240728_1200.wav,1.057514,0.011471018,0.20069395,0.971195,-0.022022009
../TrueNAS/nies_audio_recording/2024/ChirpArray/Akitsu/20240728_1212.wav,1.0584584,0.035179473,0.12120676,0.96788543,-0.030264655
../TrueNAS/nies_audio_recording/2024/ChirpArray/Akitsu/20240728_1300.wav,1.0542583,0.14391771,1.0888176,0.99982804,-0.025987044
../TrueNAS/nies_audio_recording/2024/ChirpArray/Akitsu/20240728_1314.wav,1.0635597,0.087168455,0.2796401,0.9645604,-0.030041233
../TrueNAS/nies_audio_recording/2024/ChirpArray/Akitsu/20240728_1400.wav,1.0575436,0.5966862,0.38929105,0.9785007,-0.019738965
../TrueNAS/nies_audio_recording/2024/ChirpArray/Akitsu/20240728_1410.wav,1.0550795,0.398463,1.0927024,1.0024714,-0.015879482
../TrueNAS/nies_audio_recording/2024/ChirpArray/Akitsu/20240728_1500.wav,1.0616031,0.023290552,0.46358338,0.9892153,-0.017142415
../TrueNAS/nies_audio_recording/2024/ChirpArray/Akitsu/20240728_1510.wav,1.0582308,0.006885253,0.094989106,0.9669371,-0.010587573
../TrueNAS/nies_audio_recording/2024/ChirpArray/Akitsu/20240728_1600.wav,1.067098,0.014534481,1.0884056,0.97212607,-0.015196577
../TrueNAS/nies_audio_recording/2024/ChirpArray/Akitsu/20240728_1610.wav,1.0527726,0.18460676,0.059118446,0.9937272,0.9859252
../TrueNAS/nies_audio_recording/2024/ChirpArray/Akitsu/20240728_1700.wav,1.0632092,0.009822048,1.0774934,1.0053514,-0.011807997
../TrueNAS/nies_audio_recording/2024/ChirpArray/Akitsu/20240728_1710.wav,1.0559827,0.0045760125,1.055971,0.98654276,-0.033410035
../TrueNAS/nies_audio_recording/2024/ChirpArray/Akitsu/20240728_1800.wav,1.0584017,0.007672213,0.3171364,0.9725173,-0.028412461
../TrueNAS/nies_audio_recording/2024/ChirpArray/Akitsu/20240728_1810.wav,1.0586679,0.009765416,0.53099483,0.94084615,-0.026685312
../TrueNAS/nies_audio_recording/2024/ChirpArray/Akitsu/20240728_1900.wav,1.0487977,-0.0004489571,0.3889577,0.9726179,-0.023822308
../TrueNAS/nies_audio_recording/2024/ChirpArray/Akitsu/20240728_1910.wav,0.8514625,0.13194036,0.085769296,1.0023412,-0.022904173
../TrueNAS/nies_audio_recording/2024/ChirpArray/Akitsu/20240728_2000.wav,0.025553972,-0.0011959076,-0.0030184574,0.008854061,0.024852596
../TrueNAS/nies_audio_recording/2024/ChirpArray/Akitsu/20240728_2010.wav,0.02316809,-0.0017258152,-0.0081268735,0.015085436,0.023467131
../TrueNAS/nies_audio_recording/2024/ChirpArray/Akitsu/20240728_2100.wav,0.06458786,0.009943664,-0.0022260807,0.889996,0.027225181
../TrueNAS/nies_audio_recording/2024/ChirpArray/Akitsu/20240728_2110.wav,0.0157817,-0.00020270422,-0.0077095665,0.009615555,0.016858801
../TrueNAS/nies_audio_recording/2024/ChirpArray/Akitsu/20240728_2200.wav,0.02486153,0.034724843,-0.007207088,0.009454377,0.020694137
../TrueNAS/nies_audio_recording/2024/ChirpArray/Akitsu/20240728_2210.wav,0.067206055,0.09538679,0.0123619735,0.9415146,0.034060568
../TrueNAS/nies_audio_recording/2024/ChirpArray/Akitsu/20240728_2300.wav,0.078162156,0.01255776,-0.007317003,0.8839099,0.025963694
../TrueNAS/nies_audio_recording/2024/ChirpArray/Akitsu/20240728_2310.wav,0.041440155,0.035386022,-0.0024968795,0.7955444,0.024205446
../TrueNAS/nies_audio_recording/2024/ChirpArray/Akitsu/20240729_0000.wav,0.028072149,0.0015140884,-0.004047986,0.04091107,0.025894418
../TrueNAS/nies_audio_recording/2024/ChirpArray/Akitsu/20240729_0100.wav,0.027487837,0.0021053143,-0.009082627,0.032898374,0.025870107
../TrueNAS/nies_audio_recording/2024/ChirpArray/Akitsu/20240729_0110.wav,0.026171956,0.002427645,-0.007052336,0.044531465,0.020030685
../TrueNAS/nies_audio_recording/2024/ChirpArray/Akitsu/20240729_0200.wav,0.021515347,-0.00015399419,-0.007506516,0.010571338,0.014222771
../TrueNAS/nies_audio_recording/2024/ChirpArray/Akitsu/20240729_0210.wav,0.02364567,0.0022994224,-0.005751163,0.15354711,0.024319254
../TrueNAS/nies_audio_recording/2024/ChirpArray/Akitsu/20240729_0300.wav,0.023994982,-0.0011415593,-0.0027613528,0.036642477,0.01218399
../TrueNAS/nies_audio_recording/2024/ChirpArray/Akitsu/20240729_0310.wav,0.039128758,0.19870476,-0.003585562,0.0144525245,0.02543807
../TrueNAS/nies_audio_recording/2024/ChirpArray/Akitsu/20240729_0400.wav,0.019940339,-0.0035852417,-0.007855736,0.013478555,0.01669456
../TrueNAS/nies_audio_recording/2024/ChirpArray/Akitsu/20240729_0410.wav,0.025654472,-0.0029859543,-0.0048672743,0.017451227,0.0168536
../TrueNAS/nies_audio_recording/2024/ChirpArray/Akitsu/20240729_0500.wav,0.58569145,0.107401945,1.0100435,1.0375013,-0.002249226
../TrueNAS/nies_audio_recording/2024/ChirpArray/Akitsu/20240729_0510.wav,0.73895365,0.030487783,0.050098743,0.9902785,0.9263953
../TrueNAS/nies_audio_recording/2024/ChirpArray/Akitsu/20240729_0600.wav,0.58298916,0.16061626,1.0028616,1.0615435,0.69147503
../TrueNAS/nies_audio_recording/2024/ChirpArray/Akitsu/20240729_0610.wav,0.98357147,0.05013352,1.0513633,1.0157939,-0.007899459
../TrueNAS/nies_audio_recording/2024/ChirpArray/Akitsu/20240729_0701.wav,0.97020876,0.039026104,0.03574049,0.99510115,-0.00839911
../TrueNAS/nies_audio_recording/2024/ChirpArray/Akitsu/20240729_0710.wav,0.8210191,0.70328206,1.0102292,1.0583037,0.0068664625
../TrueNAS/nies_audio_recording/2024/ChirpArray/Akitsu/20240729_0800.wav,0.50027454,0.04651861,1.0204399,1.0098168,-0.0041191205
../TrueNAS/nies_audio_recording/2024/ChirpArray/Akitsu/20240729_0810.wav,0.13903588,0.06601894,0.17312215,0.9922636,-0.026346376
../TrueNAS/nies_audio_recording/2024/ChirpArray/Akitsu/20240729_0900.wav,0.2737068,0.013552427,0.96856034,1.0075697,-0.023911407
../TrueNAS/nies_audio_recording/2024/ChirpArray/Akitsu/20240729_0910.wav,0.53488845,0.12994984,1.0332258,1.0177048,-0.007219292
../TrueNAS/nies_audio_recording/2024/ChirpArray/Akitsu/20240729_1000.wav,0.36313495,0.2521811,0.41983986,0.9765006,-0.00754185
../TrueNAS/nies_audio_recording/2024/ChirpArray/Akitsu/20240729_1010.wav,0.13801654,0.8198379,0.018992413,0.998103,-0.016803306
../TrueNAS/nies_audio_recording/2024/ChirpArray/Akitsu/20240729_1100.wav,1.0637408,0.029414639,1.1000558,1.0284054,-0.011874132
../TrueNAS/nies_audio_recording/2024/ChirpArray/Akitsu/20240729_1110.wav,1.0735321,0.026642703,1.0274332,1.0191816,-0.020778418
../TrueNAS/nies_audio_recording/2024/ChirpArray/Akitsu/20240729_1200.wav,1.0602298,0.012788072,1.0624386,0.98744464,-0.021066278
../TrueNAS/nies_audio_recording/2024/ChirpArray/Akitsu/20240729_1210.wav,1.0541556,0.026089653,0.122874215,0.9724477,0.87523973
../TrueNAS/nies_audio_recording/2024/ChirpArray/Akitsu/20240729_1300.wav,1.0528928,0.042833343,1.0793265,1.0164734,-0.02125286
../TrueNAS/nies_audio_recording/2024/ChirpArray/Akitsu/20240729_1310.wav,1.0618827,0.01445777,0.36516806,0.9854119,-0.016720764
../TrueNAS/nies_audio_recording/2024/ChirpArray/Akitsu/20240729_1400.wav,1.0542122,0.006750852,0.16480155,0.98005587,0.06441045
../TrueNAS/nies_audio_recording/2024/ChirpArray/Akitsu/20240729_1410.wav,1.0599381,0.0066408515,1.0567638,0.9744208,-0.034109443
../TrueNAS/nies_audio_recording/2024/ChirpArray/Akitsu/20240729_1500.wav,1.0585239,0.04463958,0.16325669,0.97750217,-0.02850224
../TrueNAS/nies_audio_recording/2024/ChirpArray/Akitsu/20240729_1510.wav,1.0576125,0.021116652,1.0734146,0.9698053,-0.028700754
../TrueNAS/nies_audio_recording/2024/ChirpArray/Akitsu/20240729_1600.wav,1.0554838,0.023276255,0.7697989,0.9375962,-0.020842716
../TrueNAS/nies_audio_recording/2024/ChirpArray/Akitsu/20240729_1610.wav,1.0567827,0.02827102,0.6052933,0.95438296,-0.02444607
../TrueNAS/nies_audio_recording/2024/ChirpArray/Akitsu/20240729_1700.wav,1.0540322,0.012973741,0.076545,0.96146303,-0.02753219
../TrueNAS/nies_audio_recording/2024/ChirpArray/Akitsu/20240729_1710.wav,1.0557717,0.044013374,1.0864502,0.9859863,-0.028012484
../TrueNAS/nies_audio_recording/2024/ChirpArray/Akitsu/20240729_1800.wav,1.050712,0.01246421,0.13398673,0.955692,-0.026593164
../TrueNAS/nies_audio_recording/2024/ChirpArray/Akitsu/20240729_1813.wav,1.0519838,0.03973154,0.8561901,0.95212835,-0.032184184
../TrueNAS/nies_audio_recording/2024/ChirpArray/Akitsu/20240729_1900.wav,1.0604485,0.017864339,0.16318081,0.9672285,0.9849359
../TrueNAS/nies_audio_recording/2024/ChirpArray/Akitsu/20240729_1910.wav,1.0538601,0.0043323413,0.052679073,0.9892581,-0.02231509
../TrueNAS/nies_audio_recording/2024/ChirpArray/Akitsu/20240729_2000.wav,0.023471344,-0.0025241114,-0.005306918,0.010489926,0.019014686
../TrueNAS/nies_audio_recording/2024/ChirpArray/Akitsu/20240729_2010.wav,0.022682436,-0.00017153099,-0.006015308,0.009111658,0.015814833
../TrueNAS/nies_audio_recording/2024/ChirpArray/Akitsu/20240729_2100.wav,0.017044015,-0.0032641292,-0.0048817955,0.0130491555,0.016950421
../TrueNAS/nies_audio_recording/2024/ChirpArray/Akitsu/20240729_2110.wav,0.013724409,-0.003339488,-0.0076565854,0.010606945,0.010808945
../TrueNAS/nies_audio_recording/2024/ChirpArray/Akitsu/20240729_2200.wav,0.02842354,0.0029659253,-0.0044390745,0.014760606,0.03487359
../TrueNAS/nies_audio_recording/2024/ChirpArray/Akitsu/20240729_2210.wav,0.025013838,-0.0009988695,-0.007453572,0.010485791,0.015273027
../TrueNAS/nies_audio_recording/2024/ChirpArray/Akitsu/20240729_2300.wav,0.016970664,0.00033958256,-0.0074609257,0.009894952,0.014481299
../TrueNAS/nies_audio_recording/2024/ChirpArray/Akitsu/20240729_2310.wav,0.018856324,-5.0915405e-05,-0.007408034,0.012953401,0.016868606
../TrueNAS/nies_audio_recording/2024/ChirpArray/Akitsu/20240730_0000.wav,0.022933438,-0.0005519651,-0.0090742335,0.007709898,0.017504975
../TrueNAS/nies_audio_recording/2024/ChirpArray/Akitsu/20240730_0100.wav,0.017162472,0.1530444,-0.007662058,0.009253219,0.0111852065
../TrueNAS/nies_audio_recording/2024/ChirpArray/Akitsu/20240730_0110.wav,0.014669113,0.022089126,-0.0059367158,0.008737683,0.010896493
../TrueNAS/nies_audio_recording/2024/ChirpArray/Akitsu/20240730_0200.wav,0.0149673745,-0.0021730699,-0.010002982,0.0060065985,0.011147533
../TrueNAS/nies_audio_recording/2024/ChirpArray/Akitsu/20240730_0210.wav,0.018389128,-0.0036620647,-0.005181093,0.012035929,0.016899168
../TrueNAS/nies_audio_recording/2024/ChirpArray/Akitsu/20240730_0300.wav,0.027835682,0.05395905,-0.0070710443,0.019956455,0.015291974
../TrueNAS/nies_audio_recording/2024/ChirpArray/Akitsu/20240730_0310.wav,0.029605575,0.0035494454,-0.010377146,0.010384269,0.022669733
../TrueNAS/nies_audio_recording/2024/ChirpArray/Akitsu/20240730_0400.wav,0.02554819,0.006884929,-0.008266773,0.012059212,0.02179274
../TrueNAS/nies_audio_recording/2024/ChirpArray/Akitsu/20240730_0410.wav,0.020590592,0.0101626925,0.00022374466,0.03389108,0.011282012
../TrueNAS/nies_audio_recording/2024/ChirpArray/Akitsu/20240730_0500.wav,0.73800045,0.06780232,0.99985313,1.0123817,-0.0057649873
../TrueNAS/nies_audio_recording/2024/ChirpArray/Akitsu/20240730_0510.wav,0.8074649,0.019621953,0.025774103,0.98172194,-0.020946357
../TrueNAS/nies_audio_recording/2024/ChirpArray/Akitsu/20240730_0600.wav,0.29899913,0.10578237,1.017733,1.0368923,-0.0035987347
../TrueNAS/nies_audio_recording/2024/ChirpArray/Akitsu/20240730_0610.wav,0.45133528,0.018420719,1.0278966,1.0337567,-0.0051917955
../TrueNAS/nies_audio_recording/2024/ChirpArray/Akitsu/20240730_0700.wav,0.4640219,0.016850978,0.9838196,1.0150284,-0.013124123
../TrueNAS/nies_audio_recording/2024/ChirpArray/Akitsu/20240730_0710.wav,0.69248766,0.29445547,0.039154734,0.9749422,-0.013184905
../TrueNAS/nies_audio_recording/2024/ChirpArray/Akitsu/20240730_0800.wav,0.07649648,0.04545319,1.0182229,1.0329585,-0.013045896
../TrueNAS/nies_audio_recording/2024/ChirpArray/Akitsu/20240730_0810.wav,0.23238286,0.018774003,0.9894234,1.0054767,0.0017847456
../TrueNAS/nies_audio_recording/2024/ChirpArray/Akitsu/20240730_0900.wav,0.10405076,0.7938809,1.006073,1.024769,-0.0047324076
../TrueNAS/nies_audio_recording/2024/ChirpArray/Akitsu/20240730_0910.wav,0.12353019,0.50431913,0.026001777,0.9890534,-0.00922931
../TrueNAS/nies_audio_recording/2024/ChirpArray/Akitsu/20240730_1000.wav,0.099572435,0.07358746,0.08728452,0.9999303,0.66643703
../TrueNAS/nies_audio_recording/2024/ChirpArray/Akitsu/20240730_1010.wav,0.6537877,0.08936253,1.0461621,1.0110657,-0.012917325
../TrueNAS/nies_audio_recording/2024/ChirpArray/Akitsu/20240730_1100.wav,1.0165538,0.9982746,1.049481,1.0501636,0.6534934
../TrueNAS/nies_audio_recording/2024/ChirpArray/Akitsu/20240730_1110.wav,1.0440447,0.99550873,0.13001718,1.023811,0.049274504
../TrueNAS/nies_audio_recording/2024/ChirpArray/Akitsu/20240730_1200.wav,1.0552756,0.03820689,1.112845,1.0075598,-0.011051297
../TrueNAS/nies_audio_recording/2024/ChirpArray/Akitsu/20240730_1210.wav,1.0691655,0.67363566,1.0833769,1.0111676,0.9990699
../TrueNAS/nies_audio_recording/2024/ChirpArray/Akitsu/20240730_1300.wav,1.0497054,0.024106666,0.11509383,0.96976405,-0.025969457
../TrueNAS/nies_audio_recording/2024/ChirpArray/Akitsu/20240730_1310.wav,1.0555843,0.17237829,1.1251976,1.0049416,0.003773991
../TrueNAS/nies_audio_recording/2024/ChirpArray/Akitsu/20240730_1400.wav,1.0556167,0.20913376,1.0725967,1.0062844,-0.021295696
../TrueNAS/nies_audio_recording/2024/ChirpArray/Akitsu/20240730_1410.wav,1.0532763,0.041039266,0.3752925,0.9615287,-0.03211032
../TrueNAS/nies_audio_recording/2024/ChirpArray/Akitsu/20240730_1500.wav,1.054485,0.00703761,1.0633518,0.9743421,-0.027065575
../TrueNAS/nies_audio_recording/2024/ChirpArray/Akitsu/20240730_1510.wav,1.0609269,0.004492186,1.0784253,0.9881961,-0.020336956
../TrueNAS/nies_audio_recording/2024/ChirpArray/Akitsu/20240730_1600.wav,1.0545849,0.018969461,0.21462174,0.92873794,-0.025480896
../TrueNAS/nies_audio_recording/2024/ChirpArray/Akitsu/20240730_1616.wav,1.0742425,0.27144778,0.92344403,0.9885301,0.807606
../TrueNAS/nies_audio_recording/2024/ChirpArray/Akitsu/20240730_1700.wav,1.0530778,0.35464567,0.27139366,0.95721143,-0.028444663
../TrueNAS/nies_audio_recording/2024/ChirpArray/Akitsu/20240730_1713.wav,1.0510324,0.010262236,0.9050659,0.9272751,-0.021109357
../TrueNAS/nies_audio_recording/2024/ChirpArray/Akitsu/20240730_1800.wav,1.0460715,0.09736894,1.0834404,0.9849976,-0.025237039
../TrueNAS/nies_audio_recording/2024/ChirpArray/Akitsu/20240730_1810.wav,1.0532714,0.01772052,1.0058535,0.94064623,-0.023176804
../TrueNAS/nies_audio_recording/2024/ChirpArray/Akitsu/20240730_1904.wav,1.0537549,0.074810036,0.7769712,0.9663811,-0.02364397
../TrueNAS/nies_audio_recording/2024/ChirpArray/Akitsu/20240730_1910.wav,1.0446378,0.09401799,0.5058186,0.97771543,-0.0041288845
../TrueNAS/nies_audio_recording/2024/ChirpArray/Akitsu/20240730_2000.wav,0.022506677,-0.0014168676,-0.004700821,0.013556078,0.02054447
../TrueNAS/nies_audio_recording/2024/ChirpArray/Akitsu/20240730_2010.wav,0.017021105,-0.0007013567,-0.00073072314,0.016060561,0.015731618
../TrueNAS/nies_audio_recording/2024/ChirpArray/Akitsu/20240730_2100.wav,0.025137179,0.04384421,-0.007779386,0.01426509,0.015598878
../TrueNAS/nies_audio_recording/2024/ChirpArray/Akitsu/20240730_2110.wav,0.018793337,-0.00085708126,-0.0065301284,0.020609312,0.014524527
../TrueNAS/nies_audio_recording/2024/ChirpArray/Akitsu/20240730_2200.wav,0.01669199,0.00042445958,-0.007941082,0.005563058,0.015128747
../TrueNAS/nies_audio_recording/2024/ChirpArray/Akitsu/20240730_2210.wav,0.013980612,-0.00096383505,-0.007930566,0.0074920356,0.011496484
../TrueNAS/nies_audio_recording/2024/ChirpArray/Akitsu/20240730_2300.wav,0.023919888,0.00076202303,-0.013068549,0.015639007,0.012315553
../TrueNAS/nies_audio_recording/2024/ChirpArray/Akitsu/20240730_2312.wav,0.01874993,0.08572895,-0.00837291,0.012307487,0.01347556
../TrueNAS/nies_audio_recording/2024/ChirpArray/Akitsu/20240731_0000.wav,0.03490867,0.035187267,-0.0096206255,0.014666133,0.024721138
../TrueNAS/nies_audio_recording/2024/ChirpArray/Akitsu/20240731_0100.wav,0.016995601,-0.004570987,-0.009519726,0.009736702,0.015775502
../TrueNAS/nies_audio_recording/2024/ChirpArray/Akitsu/20240731_0110.wav,0.019266851,-0.0018175468,-0.0033022277,0.012720242,0.02127102
../TrueNAS/nies_audio_recording/2024/ChirpArray/Akitsu/20240731_0200.wav,0.020958021,0.034961287,-0.011176437,0.014906675,0.012399126
../TrueNAS/nies_audio_recording/2024/ChirpArray/Akitsu/20240731_0210.wav,0.018373244,0.010741152,-0.00613508,0.018138468,0.0129446015
../TrueNAS/nies_audio_recording/2024/ChirpArray/Akitsu/20240731_0300.wav,0.021663457,0.029453129,0.0025130548,0.023210734,0.016732186
../TrueNAS/nies_audio_recording/2024/ChirpArray/Akitsu/20240731_0310.wav,0.018256292,0.13719323,-0.0037313066,0.016983025,0.013515331
../TrueNAS/nies_audio_recording/2024/ChirpArray/Akitsu/20240731_0400.wav,0.011013858,0.0025010537,-0.005406093,0.04055225,0.0028248578
../TrueNAS/nies_audio_recording/2024/ChirpArray/Akitsu/20240731_0410.wav,0.01165735,0.06093557,-0.0059806667,0.048393406,0.0013310574
../TrueNAS/nies_audio_recording/2024/ChirpArray/Akitsu/20240731_0500.wav,0.7580492,0.017272934,1.0955098,1.0488012,1.0377761
../TrueNAS/nies_audio_recording/2024/ChirpArray/Akitsu/20240731_0510.wav,0.83924204,0.11849764,1.0411296,1.046113,0.021270752
../TrueNAS/nies_audio_recording/2024/ChirpArray/Akitsu/20240731_0600.wav,0.9962542,0.04162202,0.16807579,1.0022227,-0.0250048
../TrueNAS/nies_audio_recording/2024/ChirpArray/Akitsu/20240731_0610.wav,0.78842825,0.010214783,0.9993516,1.0248011,-0.0102014765
../TrueNAS/nies_audio_recording/2024/ChirpArray/Akitsu/20240731_0700.wav,0.44348264,0.40125543,1.0144087,1.0444368,0.0013843551
../TrueNAS/nies_audio_recording/2024/ChirpArray/Akitsu/20240731_0710.wav,0.20413522,0.14340726,1.006751,1.0412811,0.84461486
../TrueNAS/nies_audio_recording/2024/ChirpArray/Akitsu/20240731_0800.wav,0.8628175,0.43700552,1.0391532,1.043737,-0.0049929656
../TrueNAS/nies_audio_recording/2024/ChirpArray/Akitsu/20240731_0810.wav,0.15180612,0.4418254,1.1010655,1.0442197,1.04199
../TrueNAS/nies_audio_recording/2024/ChirpArray/Akitsu/20240731_0900.wav,0.2900464,0.2210811,1.0268404,1.0167958,0.029847354
../TrueNAS/nies_audio_recording/2024/ChirpArray/Akitsu/20240731_0913.wav,0.44368592,0.3729695,1.0573779,1.0303856,-0.0016251542
../TrueNAS/nies_audio_recording/2024/ChirpArray/Akitsu/20240731_1000.wav,0.3955195,0.08879978,1.0581242,1.022403,0.0043267794
../TrueNAS/nies_audio_recording/2024/ChirpArray/Akitsu/20240731_1015.wav,0.05512853,0.14309973,0.058795493,0.9966809,0.96194744
../TrueNAS/nies_audio_recording/2024/ChirpArray/Akitsu/20240731_1100.wav,1.0687399,0.026481815,0.19549559,0.9651394,-0.022396252
../TrueNAS/nies_audio_recording/2024/ChirpArray/Akitsu/20240731_1110.wav,1.0605782,0.8481987,0.079269424,0.9733479,0.37193462
../TrueNAS/nies_audio_recording/2024/ChirpArray/Akitsu/20240731_1200.wav,1.0457468,0.006508574,1.0833843,0.992009,-0.033646137
../TrueNAS/nies_audio_recording/2024/ChirpArray/Akitsu/20240731_1210.wav,1.0504261,0.14253683,1.0901793,0.9730025,-0.024471626
../TrueNAS/nies_audio_recording/2024/ChirpArray/Akitsu/20240731_1300.wav,1.0564351,0.009454951,0.33216512,0.952784,0.6056684
../TrueNAS/nies_audio_recording/2024/ChirpArray/Akitsu/20240731_1310.wav,1.0503815,0.17521067,1.0919366,0.9865206,-0.024004802
../TrueNAS/nies_audio_recording/2024/ChirpArray/Akitsu/20240731_1400.wav,1.0577332,0.028384209,1.0865155,0.9892808,-0.023857668
../TrueNAS/nies_audio_recording/2024/ChirpArray/Akitsu/20240731_1410.wav,1.0577996,0.016525663,1.093262,0.9932932,0.01908797
../TrueNAS/nies_audio_recording/2024/ChirpArray/Akitsu/20240731_1500.wav,1.0529016,0.002562061,1.0860685,0.9861055,-0.025776163
../TrueNAS/nies_audio_recording/2024/ChirpArray/Akitsu/20240731_1510.wav,1.0545965,0.07376947,1.0761119,0.9835054,0.9296539
../TrueNAS/nies_audio_recording/2024/ChirpArray/Akitsu/20240731_1600.wav,1.0598235,0.025606044,0.75794965,0.9406827,-0.030216083
../TrueNAS/nies_audio_recording/2024/ChirpArray/Akitsu/20240731_1611.wav,1.0552475,0.054964356,0.36054382,0.9669707,-0.027216047
../TrueNAS/nies_audio_recording/2024/ChirpArray/Akitsu/20240731_1700.wav,1.0613354,0.21055116,0.70914316,0.954946,-0.0064978004
../TrueNAS/nies_audio_recording/2024/ChirpArray/Akitsu/20240731_1710.wav,0.88797814,0.4997719,0.85716474,1.0340883,0.86359584
../TrueNAS/nies_audio_recording/2024/ChirpArray/Akitsu/20240731_1715.wav,0.7831173,0.43092757,0.057032254,0.5903129,0.7661549
../TrueNAS/nies_audio_recording/2024/ChirpArray/Akitsu/20240731_1800.wav,1.0607127,0.015362427,0.19433726,0.92122537,-0.021634713
../TrueNAS/nies_audio_recording/2024/ChirpArray/Akitsu/20240731_1810.wav,1.0489697,0.038747214,0.5938976,0.92756045,-0.013310894
../TrueNAS/nies_audio_recording/2024/ChirpArray/Akitsu/20240731_1900.wav,1.0540893,0.014646865,0.8932836,0.94122493,-0.020241842
../TrueNAS/nies_audio_recording/2024/ChirpArray/Akitsu/20240731_1910.wav,1.0545734,0.19608833,0.5433805,0.9796655,-0.021193994
../TrueNAS/nies_audio_recording/2024/ChirpArray/Akitsu/20240731_2000.wav,0.022509228,0.0006881412,-0.010651287,0.008098125,0.016704507
../TrueNAS/nies_audio_recording/2024/ChirpArray/Akitsu/20240731_2010.wav,0.025695506,0.0014172643,-0.009325493,0.0064834356,0.014643159
../TrueNAS/nies_audio_recording/2024/ChirpArray/Akitsu/20240731_2100.wav,0.032313183,0.0030347072,-0.010090571,0.002283126,0.027733624
../TrueNAS/nies_audio_recording/2024/ChirpArray/Akitsu/20240731_2110.wav,0.02270785,-0.0001029931,-0.00994825,0.0040395856,0.013894942
../TrueNAS/nies_audio_recording/2024/ChirpArray/Akitsu/20240731_2200.wav,0.039560955,0.004673399,-0.004858192,0.012819804,0.018537864
../TrueNAS/nies_audio_recording/2024/ChirpArray/Akitsu/20240731_2210.wav,0.027802847,0.0011142194,-0.0076028816,0.014033236,0.023661017
../TrueNAS/nies_audio_recording/2024/ChirpArray/Akitsu/20240731_2300.wav,0.027718231,0.0010123141,-0.0056546405,0.011035174,0.020292923
../TrueNAS/nies_audio_recording/2024/ChirpArray/Akitsu/20240731_2310.wav,0.023257356,0.0019392092,-0.010293353,0.0025438517,0.017197296
../TrueNAS/nies_audio_recording/2024/ChirpArray/Akitsu/20240801_0000.wav,0.036179405,0.0038131587,-0.010472901,0.006404549,0.026626386
../TrueNAS/nies_audio_recording/2024/ChirpArray/Akitsu/20240801_0100.wav,0.017879352,-0.0011968091,-0.011340253,0.005397171,0.01507245
../TrueNAS/nies_audio_recording/2024/ChirpArray/Akitsu/20240801_0110.wav,0.026413016,-0.00069259666,-0.0075820684,0.008984812,0.018222228
../TrueNAS/nies_audio_recording/2024/ChirpArray/Akitsu/20240801_0200.wav,0.014983088,-0.0014686212,-0.0088381395,0.004393965,0.00789509
../TrueNAS/nies_audio_recording/2024/ChirpArray/Akitsu/20240801_0210.wav,0.01795692,-0.0005778335,-0.009088878,0.008787863,0.0126749575
../TrueNAS/nies_audio_recording/2024/ChirpArray/Akitsu/20240801_0300.wav,0.016019113,-0.0014193803,-0.007272441,0.007109262,0.011156201
../TrueNAS/nies_audio_recording/2024/ChirpArray/Akitsu/20240801_0310.wav,0.10833775,-0.0018808283,-0.0050842874,0.009748206,0.011501085
../TrueNAS/nies_audio_recording/2024/ChirpArray/Akitsu/20240801_0400.wav,0.013227031,-0.003705781,-0.0049062334,0.01041913,0.0059825033
../TrueNAS/nies_audio_recording/2024/ChirpArray/Akitsu/20240801_0410.wav,0.021015815,0.00018061325,-0.0069050416,0.011501841,0.014070183
../TrueNAS/nies_audio_recording/2024/ChirpArray/Akitsu/20240801_0500.wav,0.21721235,0.09109145,0.027280193,0.9930738,-0.026099829
../TrueNAS/nies_audio_recording/2024/ChirpArray/Akitsu/20240801_0510.wav,0.90190154,0.03438808,0.024637114,0.9817264,-0.0104795955
../TrueNAS/nies_audio_recording/2024/ChirpArray/Akitsu/20240801_0600.wav,0.8205718,0.03330802,0.023616355,0.9849802,-0.025010914
../TrueNAS/nies_audio_recording/2024/ChirpArray/Akitsu/20240801_0610.wav,0.7413993,0.008870482,1.0201877,1.0338086,-0.0055705346
../TrueNAS/nies_audio_recording/2024/ChirpArray/Akitsu/20240801_0700.wav,0.20293336,0.2641849,0.052344646,0.9972362,0.97299194
../TrueNAS/nies_audio_recording/2024/ChirpArray/Akitsu/20240801_0710.wav,0.80488086,0.37783074,1.0332062,1.0336475,-0.0073464885
../TrueNAS/nies_audio_recording/2024/ChirpArray/Akitsu/20240801_0800.wav,1.0473117,0.0143694505,1.0738564,1.0394248,-0.009578932
../TrueNAS/nies_audio_recording/2024/ChirpArray/Akitsu/20240801_0810.wav,1.0577446,0.14761591,1.0724102,1.024302,-0.012783755
../TrueNAS/nies_audio_recording/2024/ChirpArray/Akitsu/20240801_0900.wav,1.0207964,0.08704734,1.1166135,1.0333834,-0.00076666474
../TrueNAS/nies_audio_recording/2024/ChirpArray/Akitsu/20240801_0910.wav,1.0464019,0.077102736,1.0536371,1.014964,-0.014521375
../TrueNAS/nies_audio_recording/2024/ChirpArray/Akitsu/20240801_1000.wav,1.050964,0.31466252,1.0988734,1.0261358,-0.013643898
../TrueNAS/nies_audio_recording/2024/ChirpArray/Akitsu/20240801_1010.wav,1.0519575,0.024350338,0.25120866,0.9833582,-0.015396342
../TrueNAS/nies_audio_recording/2024/ChirpArray/Akitsu/20240801_1100.wav,1.0528388,0.007731542,1.0937338,0.97798985,-0.01940319
../TrueNAS/nies_audio_recording/2024/ChirpArray/Akitsu/20240801_1110.wav,1.0587081,0.010620154,0.4588419,0.93560183,-0.025428504
../TrueNAS/nies_audio_recording/2024/ChirpArray/Akitsu/20240801_1200.wav,1.0544363,0.0332613,1.0781994,0.9651461,-0.0283373
../TrueNAS/nies_audio_recording/2024/ChirpArray/Akitsu/20240801_1210.wav,1.0606391,0.017032549,0.5320512,0.9472683,-0.007162735
../TrueNAS/nies_audio_recording/2024/ChirpArray/Akitsu/20240801_1300.wav,1.0640913,0.020736456,0.09023529,0.9410229,0.00029467046
../TrueNAS/nies_audio_recording/2024/ChirpArray/Akitsu/20240801_1310.wav,1.0585984,0.021068946,1.0837504,0.9867911,-0.02105707
../TrueNAS/nies_audio_recording/2024/ChirpArray/Akitsu/20240801_1400.wav,1.0551289,0.14418973,1.0813438,0.9763058,-0.025116444
../TrueNAS/nies_audio_recording/2024/ChirpArray/Akitsu/20240801_1410.wav,1.0648443,0.07793494,0.6809041,0.93131703,-0.010258168
../TrueNAS/nies_audio_recording/2024/ChirpArray/Akitsu/20240801_1500.wav,1.0541914,0.014140964,0.47707143,0.94978726,-0.014457166
../TrueNAS/nies_audio_recording/2024/ChirpArray/Akitsu/20240801_1510.wav,1.0581083,0.033776365,1.0853659,0.98437905,-0.020841211
../TrueNAS/nies_audio_recording/2024/ChirpArray/Akitsu/20240801_1600.wav,1.0564682,0.010632798,0.23126604,0.9330624,-0.0134372115
../TrueNAS/nies_audio_recording/2024/ChirpArray/Akitsu/20240801_1610.wav,1.0661857,0.02491539,0.23760875,0.9392762,-0.012432054
../TrueNAS/nies_audio_recording/2024/ChirpArray/Akitsu/20240801_1700.wav,1.0602707,0.022503644,1.061869,0.9541707,-0.0136002
../TrueNAS/nies_audio_recording/2024/ChirpArray/Akitsu/20240801_1710.wav,1.0599436,0.1307369,1.0906559,0.9959801,-0.02095291
../TrueNAS/nies_audio_recording/2024/ChirpArray/Akitsu/20240801_1800.wav,1.0627532,0.019810013,0.9426621,0.93540794,-0.01818733
../TrueNAS/nies_audio_recording/2024/ChirpArray/Akitsu/20240801_1810.wav,1.0581397,0.029013008,1.0114828,0.9180204,-0.021219894
../TrueNAS/nies_audio_recording/2024/ChirpArray/Akitsu/20240801_1900.wav,1.063286,0.0692737,0.38558242,0.94348085,-0.020348966
../TrueNAS/nies_audio_recording/2024/ChirpArray/Akitsu/20240801_1910.wav,0.17124951,0.019772977,0.021424215,0.9801206,-0.011610568
../TrueNAS/nies_audio_recording/2024/ChirpArray/Akitsu/20240801_2000.wav,0.018649437,0.015698757,-0.0067911074,0.006174773,0.010596529
../TrueNAS/nies_audio_recording/2024/ChirpArray/Akitsu/20240801_2010.wav,0.024335727,0.002217779,-0.0075015686,0.0016430169,0.026480094
../TrueNAS/nies_audio_recording/2024/ChirpArray/Akitsu/20240801_2100.wav,0.023988836,0.002111936,-0.006667603,0.0090479255,0.016694292
../TrueNAS/nies_audio_recording/2024/ChirpArray/Akitsu/20240801_2110.wav,0.024003476,-0.0023093931,-0.0059167035,0.00299,0.013867453
../TrueNAS/nies_audio_recording/2024/ChirpArray/Akitsu/20240801_2200.wav,0.028949156,0.002228029,-0.0031017326,0.012318611,0.027065977
../TrueNAS/nies_audio_recording/2024/ChirpArray/Akitsu/20240801_2210.wav,0.031676203,0.0037094876,-0.005957987,0.0012905896,0.02679579
../TrueNAS/nies_audio_recording/2024/ChirpArray/Akitsu/20240801_2300.wav,0.07934146,0.00858777,-0.0041044243,0.008692056,0.016372293
../TrueNAS/nies_audio_recording/2024/ChirpArray/Akitsu/20240801_2310.wav,0.038918942,0.0034919996,-0.006961588,0.0050006732,0.02776926
../TrueNAS/nies_audio_recording/2024/ChirpArray/Akitsu/20240802_0000.wav,0.028698854,-0.0016887281,-0.0023324005,0.021693543,0.023286164
../TrueNAS/nies_audio_recording/2024/ChirpArray/Akitsu/20240802_0100.wav,0.383782,0.0020083487,0.0045583956,0.004575968,0.009587459
../TrueNAS/nies_audio_recording/2024/ChirpArray/Akitsu/20240802_0110.wav,0.27246684,0.0024696346,0.007874094,0.013373882,0.015629634
../TrueNAS/nies_audio_recording/2024/ChirpArray/Akitsu/20240802_0200.wav,0.1345344,0.007372707,-0.0028882734,0.0055959374,0.023896657
../TrueNAS/nies_audio_recording/2024/ChirpArray/Akitsu/20240802_0210.wav,0.1999077,-0.0007511191,0.0013671294,-0.00014293939,0.013985969
../TrueNAS/nies_audio_recording/2024/ChirpArray/Akitsu/20240802_0300.wav,0.020866595,-0.00057436153,-0.006258052,0.013198473,0.010490309
../TrueNAS/nies_audio_recording/2024/ChirpArray/Akitsu/20240802_0310.wav,0.12504733,-0.0006615296,-0.0065026507,0.0057021976,0.024354964
../TrueNAS/nies_audio_recording/2024/ChirpArray/Akitsu/20240802_0400.wav,0.03327463,0.0009424314,0.009796098,0.0036859512,0.0238055
../TrueNAS/nies_audio_recording/2024/ChirpArray/Akitsu/20240802_0410.wav,0.03431201,0.0016966145,-0.0019502826,0.007989459,0.03017684
../TrueNAS/nies_audio_recording/2024/ChirpArray/Akitsu/20240802_0500.wav,0.92031336,0.09658057,1.0341088,1.0402254,3.2953918e-05
../TrueNAS/nies_audio_recording/2024/ChirpArray/Akitsu/20240802_0510.wav,0.95047414,0.054350518,0.028423723,0.981847,0.0126196
../TrueNAS/nies_audio_recording/2024/ChirpArray/Akitsu/20240802_0600.wav,0.7095341,0.34518522,1.0120734,1.0316666,0.0012929216
../TrueNAS/nies_audio_recording/2024/ChirpArray/Akitsu/20240802_0610.wav,0.8977422,0.060501426,1.0169045,1.0418894,-0.0004061386
../TrueNAS/nies_audio_recording/2024/ChirpArray/Akitsu/20240802_0700.wav,0.9582089,0.008414842,0.032667067,0.9899948,-0.027244095
../TrueNAS/nies_audio_recording/2024/ChirpArray/Akitsu/20240802_0710.wav,0.56666946,0.013182089,1.0339833,1.0487846,0.0007022992
../TrueNAS/nies_audio_recording/2024/ChirpArray/Akitsu/20240802_0800.wav,0.6783155,0.13168727,0.02843019,0.9754976,-0.028926373
../TrueNAS/nies_audio_recording/2024/ChirpArray/Akitsu/20240802_0810.wav,0.9985228,0.121065065,1.0710261,1.0323896,-0.0075800084
../TrueNAS/nies_audio_recording/2024/ChirpArray/Akitsu/20240802_0900.wav,1.0538627,0.3697703,1.0936327,1.0283926,-0.0065790303
../TrueNAS/nies_audio_recording/2024/ChirpArray/Akitsu/20240802_0910.wav,1.042164,0.37872398,1.0910755,1.0332124,0.00924442
../TrueNAS/nies_audio_recording/2024/ChirpArray/Akitsu/20240802_1000.wav,0.46680254,0.022133626,0.15202515,0.9859432,-0.009820864
../TrueNAS/nies_audio_recording/2024/ChirpArray/Akitsu/20240802_1010.wav,0.7401747,0.015830584,0.06256388,1.0025092,0.999063
../TrueNAS/nies_audio_recording/2024/ChirpArray/Akitsu/20240802_1100.wav,1.054201,0.17918427,1.0900756,1.0145829,-0.0185813
../TrueNAS/nies_audio_recording/2024/ChirpArray/Akitsu/20240802_1112.wav,1.06123,0.1444565,1.1023295,1.006949,-0.0028715245
../TrueNAS/nies_audio_recording/2024/ChirpArray/Akitsu/20240802_1200.wav,1.0600126,0.08262612,1.0911642,1.0057558,-0.020401984
../TrueNAS/nies_audio_recording/2024/ChirpArray/Akitsu/20240802_1210.wav,1.0573249,0.017409787,1.0879784,0.94933283,-0.025389865
../TrueNAS/nies_audio_recording/2024/ChirpArray/Akitsu/20240802_1300.wav,1.0652778,0.018575937,0.08651471,0.9481039,0.9893867
../TrueNAS/nies_audio_recording/2024/ChirpArray/Akitsu/20240802_1310.wav,1.0631764,0.056132525,0.3244861,0.9299927,-0.0056449324
../TrueNAS/nies_audio_recording/2024/ChirpArray/Akitsu/20240802_1400.wav,1.0483805,0.011273429,1.0916696,0.98634386,-0.027344167
../TrueNAS/nies_audio_recording/2024/ChirpArray/Akitsu/20240802_1410.wav,1.0506294,0.038505167,1.1046292,0.9908733,-0.024749398
../TrueNAS/nies_audio_recording/2024/ChirpArray/Akitsu/20240802_1500.wav,1.0575172,0.008525543,1.090036,0.9870346,-0.0037180483
../TrueNAS/nies_audio_recording/2024/ChirpArray/Akitsu/20240802_1510.wav,1.0584383,0.021978833,0.45373294,0.9217298,-0.020910382
../TrueNAS/nies_audio_recording/2024/ChirpArray/Akitsu/20240802_1600.wav,1.0531693,0.15873642,1.0991353,0.9962318,-0.023664683
../TrueNAS/nies_audio_recording/2024/ChirpArray/Akitsu/20240802_1610.wav,1.0564603,0.021063998,1.0854934,0.98505634,-0.018151999
../TrueNAS/nies_audio_recording/2024/ChirpArray/Akitsu/20240802_1700.wav,1.0524977,0.008118525,1.0953202,0.99153525,0.9538716
../TrueNAS/nies_audio_recording/2024/ChirpArray/Akitsu/20240802_1710.wav,1.0528872,0.053374626,1.0920514,0.98609805,-0.026178434
../TrueNAS/nies_audio_recording/2024/ChirpArray/Akitsu/20240802_1800.wav,1.0469247,0.033702105,1.092332,0.983773,-0.02350685
../TrueNAS/nies_audio_recording/2024/ChirpArray/Akitsu/20240802_1810.wav,1.0571915,0.025862493,0.8621695,0.9435056,0.9090699
../TrueNAS/nies_audio_recording/2024/ChirpArray/Akitsu/20240802_1900.wav,1.0488456,0.18550079,0.35579357,0.9796618,-0.022660851
../TrueNAS/nies_audio_recording/2024/ChirpArray/Akitsu/20240802_1910.wav,1.0474228,0.02196294,0.0595262,0.97423023,0.0020801015
../TrueNAS/nies_audio_recording/2024/ChirpArray/Akitsu/20240802_2000.wav,0.022025615,0.008682426,-0.0014141239,0.011910364,0.02057597
../TrueNAS/nies_audio_recording/2024/ChirpArray/Akitsu/20240802_2010.wav,0.027720697,0.018874507,-0.003073942,0.013497032,0.021022245
../TrueNAS/nies_audio_recording/2024/ChirpArray/Akitsu/20240802_2100.wav,0.025092244,0.013283026,0.0002498813,0.02147758,0.01720041
../TrueNAS/nies_audio_recording/2024/ChirpArray/Akitsu/20240802_2110.wav,0.019985244,0.0032559633,0.006370716,0.026046008,0.019859359
../TrueNAS/nies_audio_recording/2024/ChirpArray/Akitsu/20240802_2200.wav,0.018675618,0.04477805,0.0013327859,0.013088837,0.018222004
../TrueNAS/nies_audio_recording/2024/ChirpArray/Akitsu/20240802_2210.wav,0.02503483,0.052151132,-0.00037870184,0.017407402,0.023353226
../TrueNAS/nies_audio_recording/2024/ChirpArray/Akitsu/20240802_2300.wav,0.03117574,0.0016189534,0.0020273253,0.02141247,0.032277048
../TrueNAS/nies_audio_recording/2024/ChirpArray/Akitsu/20240802_2310.wav,0.033092093,-0.00026837178,-0.006716948,0.009734593,0.032450713
../TrueNAS/nies_audio_recording/2024/ChirpArray/Akitsu/20240803_0000.wav,0.023966238,0.00325739,-0.003251627,0.0145804435,0.020863265
../TrueNAS/nies_audio_recording/2024/ChirpArray/Akitsu/20240803_0100.wav,0.016746312,-0.0013708249,-0.0042768493,0.008315124,0.012437373
../TrueNAS/nies_audio_recording/2024/ChirpArray/Akitsu/20240803_0110.wav,0.22286189,-0.0016044918,0.0015032776,0.014285184,0.01662746
../TrueNAS/nies_audio_recording/2024/ChirpArray/Akitsu/20240803_0200.wav,0.02011764,0.051597588,-0.0063529722,0.0064476207,0.014623694
../TrueNAS/nies_audio_recording/2024/ChirpArray/Akitsu/20240803_0213.wav,0.014337413,0.014300721,-0.0015094429,0.007597342,0.015281536
../TrueNAS/nies_audio_recording/2024/ChirpArray/Akitsu/20240803_0300.wav,0.03728464,0.0151285045,-0.0020345673,0.010510147,0.033291474
../TrueNAS/nies_audio_recording/2024/ChirpArray/Akitsu/20240803_0310.wav,0.03865572,0.04609575,0.00039010867,0.0052063763,0.0322363
../TrueNAS/nies_audio_recording/2024/ChirpArray/Akitsu/20240803_0400.wav,0.103132606,-0.0009596832,0.0065225624,0.011557564,0.026061118
../TrueNAS/nies_audio_recording/2024/ChirpArray/Akitsu/20240803_0410.wav,0.04129006,-0.0011821017,0.0028814115,0.0057798326,0.018315993
../TrueNAS/nies_audio_recording/2024/ChirpArray/Akitsu/20240803_0500.wav,0.9932563,0.07316317,0.059502434,0.97911584,-0.0026273616
../TrueNAS/nies_audio_recording/2024/ChirpArray/Akitsu/20240803_0510.wav,0.23081335,0.14762536,0.016663771,0.98424715,-0.0011445582
../TrueNAS/nies_audio_recording/2024/ChirpArray/Akitsu/20240803_0600.wav,0.94906193,0.14911574,1.0423636,1.0478957,0.0037975945
../TrueNAS/nies_audio_recording/2024/ChirpArray/Akitsu/20240803_0614.wav,1.0165157,0.0017175227,1.0565594,1.0330151,0.001459375
../TrueNAS/nies_audio_recording/2024/ChirpArray/Akitsu/20240803_0700.wav,0.65140283,0.72272116,1.0302032,1.0339987,0.0047866628
../TrueNAS/nies_audio_recording/2024/ChirpArray/Akitsu/20240803_0710.wav,1.0198612,0.037837,1.0231851,1.0387605,-0.0069991574
../TrueNAS/nies_audio_recording/2024/ChirpArray/Akitsu/20240803_0800.wav,0.41017246,0.6394886,1.0176406,1.0401685,-0.0005950704
../TrueNAS/nies_audio_recording/2024/ChirpArray/Akitsu/20240803_0810.wav,0.44495595,0.01144845,1.0163578,1.0391052,-0.000805147
../TrueNAS/nies_audio_recording/2024/ChirpArray/Akitsu/20240803_0904.wav,1.0063479,0.067943454,1.0805875,1.0289927,-0.009582989
../TrueNAS/nies_audio_recording/2024/ChirpArray/Akitsu/20240803_0910.wav,1.0313991,0.2637239,1.0948484,1.0174794,-0.017886221
../TrueNAS/nies_audio_recording/2024/ChirpArray/Akitsu/20240803_1000.wav,0.98281276,0.36836147,0.06205349,0.9871193,1.0016158
../TrueNAS/nies_audio_recording/2024/ChirpArray/Akitsu/20240803_1014.wav,1.035619,0.09167628,1.0691237,1.0289457,-0.010162681
../TrueNAS/nies_audio_recording/2024/ChirpArray/Akitsu/20240803_1100.wav,1.0539047,0.5614978,0.12432973,0.96557295,-0.0065202564
../TrueNAS/nies_audio_recording/2024/ChirpArray/Akitsu/20240803_1110.wav,1.0621158,0.073082626,0.3145829,0.97430956,-0.025285816
../TrueNAS/nies_audio_recording/2024/ChirpArray/Akitsu/20240803_1200.wav,1.0519565,0.0031208247,1.0907354,0.9854507,1.0150926
../TrueNAS/nies_audio_recording/2024/ChirpArray/Akitsu/20240803_1210.wav,1.0565964,0.0141206905,0.6832833,0.9306945,-0.009377241
../TrueNAS/nies_audio_recording/2024/ChirpArray/Akitsu/20240803_1300.wav,1.0488441,0.022867791,1.0960778,1.0264475,-0.024957545
../TrueNAS/nies_audio_recording/2024/ChirpArray/Akitsu/20240803_1310.wav,1.0530279,0.10812887,1.0979642,1.0077964,1.0010079
../TrueNAS/nies_audio_recording/2024/ChirpArray/Akitsu/20240803_1402.wav,1.0670397,0.054726638,0.22246547,0.94603896,0.0019101948
../TrueNAS/nies_audio_recording/2024/ChirpArray/Akitsu/20240803_1410.wav,1.0546008,0.3816461,1.0872802,0.9919871,-0.028809443
../TrueNAS/nies_audio_recording/2024/ChirpArray/Akitsu/20240803_1500.wav,1.0641775,0.008720443,1.0727084,0.97251046,-0.015478924
../TrueNAS/nies_audio_recording/2024/ChirpArray/Akitsu/20240803_1510.wav,1.0591202,0.0069668964,1.0819097,0.9819382,-0.015240043
../TrueNAS/nies_audio_recording/2024/ChirpArray/Akitsu/20240803_1600.wav,1.0531793,0.022568978,1.0741752,0.96767074,-0.018131763
../TrueNAS/nies_audio_recording/2024/ChirpArray/Akitsu/20240803_1610.wav,1.0533378,0.015277371,1.0851126,0.9776959,-0.03076984
../TrueNAS/nies_audio_recording/2024/ChirpArray/Akitsu/20240803_1700.wav,1.0612929,0.024972811,0.31883004,0.92665744,-0.022871122
../TrueNAS/nies_audio_recording/2024/ChirpArray/Akitsu/20240803_1710.wav,1.0538762,0.035747886,1.0834323,0.96662897,-0.023767367
../TrueNAS/nies_audio_recording/2024/ChirpArray/Akitsu/20240803_1800.wav,1.0522169,0.67796063,0.72517085,0.98871523,0.84627986
../TrueNAS/nies_audio_recording/2024/ChirpArray/Akitsu/20240803_1810.wav,1.0618725,0.027324438,0.7932608,0.93560207,-0.02781026
../TrueNAS/nies_audio_recording/2024/ChirpArray/Akitsu/20240803_1900.wav,1.0549594,0.01060383,0.8539039,0.9371842,-0.018348232
../TrueNAS/nies_audio_recording/2024/ChirpArray/Akitsu/20240803_1910.wav,1.0421871,0.051928997,0.060695898,0.97424775,0.022732958
../TrueNAS/nies_audio_recording/2024/ChirpArray/Akitsu/20240803_2000.wav,0.027244661,-0.0019090287,-0.008521158,0.010830924,0.027650692
../TrueNAS/nies_audio_recording/2024/ChirpArray/Akitsu/20240803_2011.wav,0.014035098,0.001075495,-0.0074975416,0.007733017,0.011106744
../TrueNAS/nies_audio_recording/2024/ChirpArray/Akitsu/20240803_2100.wav,0.016563818,0.00033987686,-0.006498713,0.009821743,0.014258299
../TrueNAS/nies_audio_recording/2024/ChirpArray/Akitsu/20240803_2110.wav,0.02963186,0.002121238,-0.0050128475,0.011680767,0.02732668
../TrueNAS/nies_audio_recording/2024/ChirpArray/Akitsu/20240803_2200.wav,0.022280816,0.0029215328,-0.009098474,0.010137089,0.013453662
../TrueNAS/nies_audio_recording/2024/ChirpArray/Akitsu/20240803_2210.wav,0.01479958,-0.0011902303,-0.006339699,0.010291785,0.010010514
../TrueNAS/nies_audio_recording/2024/ChirpArray/Akitsu/20240803_2300.wav,0.016983882,0.0018559378,-0.00751099,0.008842833,0.015315607
../TrueNAS/nies_audio_recording/2024/ChirpArray/Akitsu/20240803_2310.wav,0.022553049,-0.000217041,-0.0077115335,0.007680796,0.01118879
../TrueNAS/nies_audio_recording/2024/ChirpArray/Akitsu/20240804_0000.wav,0.015342049,-0.0015103146,-0.0066489764,0.011826821,0.008933023
../TrueNAS/nies_audio_recording/2024/ChirpArray/Akitsu/20240804_0101.wav,0.028165784,-0.0040549524,-0.0061622076,0.010234281,0.022725679
../TrueNAS/nies_audio_recording/2024/ChirpArray/Akitsu/20240804_0110.wav,0.020258058,-0.0025467128,-0.005396202,0.015947446,0.013341684
../TrueNAS/nies_audio_recording/2024/ChirpArray/Akitsu/20240804_0200.wav,0.014979355,-0.003111072,-0.0072036274,0.00553523,0.011391867
../TrueNAS/nies_audio_recording/2024/ChirpArray/Akitsu/20240804_0210.wav,0.015417002,-0.0032200627,-0.0073400512,0.0065777227,0.010792084
../TrueNAS/nies_audio_recording/2024/ChirpArray/Akitsu/20240804_0300.wav,0.031191431,0.004120365,-0.005764637,0.0062734634,0.024648651
../TrueNAS/nies_audio_recording/2024/ChirpArray/Akitsu/20240804_0310.wav,0.09483007,0.0023534,-0.005871106,0.0032256395,0.02076152
../TrueNAS/nies_audio_recording/2024/ChirpArray/Akitsu/20240804_0400.wav,0.015452765,0.0031907111,-0.009330269,0.012993939,0.0068228208
../TrueNAS/nies_audio_recording/2024/ChirpArray/Akitsu/20240804_0410.wav,0.017395578,0.00024886616,-0.007179912,0.006402105,0.0074149966
../TrueNAS/nies_audio_recording/2024/ChirpArray/Akitsu/20240804_0500.wav,0.8538221,0.042490102,1.0129266,1.0461043,-0.0025679395
../TrueNAS/nies_audio_recording/2024/ChirpArray/Akitsu/20240804_0510.wav,0.5642708,0.37172186,1.0283785,1.0302469,0.014276389
../TrueNAS/nies_audio_recording/2024/ChirpArray/Akitsu/20240804_0600.wav,0.8803566,0.04458843,1.0275022,1.0226578,0.0005044341
../TrueNAS/nies_audio_recording/2024/ChirpArray/Akitsu/20240804_0610.wav,0.56176203,0.6710998,1.023237,1.0229766,0.0030806065
../TrueNAS/nies_audio_recording/2024/ChirpArray/Akitsu/20240804_0700.wav,0.35034424,0.10231539,1.0230547,1.0243628,-0.0013037324
../TrueNAS/nies_audio_recording/2024/ChirpArray/Akitsu/20240804_0706.wav,1.0198685,0.015530348,0.039695498,0.98773414,-0.023386365
../TrueNAS/nies_audio_recording/2024/ChirpArray/Akitsu/20240804_0715.wav,0.55890363,0.11282419,1.0207846,1.0073031,-0.00045531616
../TrueNAS/nies_audio_recording/2024/ChirpArray/Akitsu/20240804_0800.wav,1.0481566,0.20373766,1.0123523,1.0293583,0.9739231
../TrueNAS/nies_audio_recording/2024/ChirpArray/Akitsu/20240804_0810.wav,1.051029,0.016236417,0.9743805,1.0186139,0.005490843
../TrueNAS/nies_audio_recording/2024/ChirpArray/Akitsu/20240804_0900.wav,1.0606486,0.18459067,0.04908097,0.98648554,-0.026028952
../TrueNAS/nies_audio_recording/2024/ChirpArray/Akitsu/20240804_0910.wav,1.0217985,0.054457,1.063101,1.0232295,-0.00983692
../TrueNAS/nies_audio_recording/2024/ChirpArray/Akitsu/20240804_1000.wav,1.0601742,0.029762954,1.0955299,1.0048887,-0.008975938
../TrueNAS/nies_audio_recording/2024/ChirpArray/Akitsu/20240804_1010.wav,1.0671667,0.19672763,1.052897,0.97234535,0.98925984
../TrueNAS/nies_audio_recording/2024/ChirpArray/Akitsu/20240804_1100.wav,1.0344847,0.08282526,0.037116494,0.9784413,-0.01283785
../TrueNAS/nies_audio_recording/2024/ChirpArray/Akitsu/20240804_1110.wav,1.0538168,0.045312837,0.053593155,0.9616206,-0.009044021
../TrueNAS/nies_audio_recording/2024/ChirpArray/Akitsu/20240804_1200.wav,1.0598092,0.032825336,1.0774966,0.9631577,-0.024052858
../TrueNAS/nies_audio_recording/2024/ChirpArray/Akitsu/20240804_1210.wav,1.0570505,0.030217148,1.0884126,0.97344023,-0.02941148
../TrueNAS/nies_audio_recording/2024/ChirpArray/Akitsu/20240804_1300.wav,1.0531526,0.24221615,1.0907243,0.9744708,-0.023067549
../TrueNAS/nies_audio_recording/2024/ChirpArray/Akitsu/20240804_1310.wav,1.0557084,0.035050318,0.100027695,0.92153484,-0.02280505
../TrueNAS/nies_audio_recording/2024/ChirpArray/Akitsu/20240804_1400.wav,1.0692044,0.009182878,0.27731788,0.922941,-0.029827684
../TrueNAS/nies_audio_recording/2024/ChirpArray/Akitsu/20240804_1410.wav,1.0605065,0.004272364,0.08422403,0.94244903,-0.012565777
../TrueNAS/nies_audio_recording/2024/ChirpArray/Akitsu/20240804_1500.wav,1.0630285,0.60252994,0.07674287,0.9140239,0.4348884
../TrueNAS/nies_audio_recording/2024/ChirpArray/Akitsu/20240804_1510.wav,1.0554432,0.011552565,0.24059261,0.92023,-0.025198728
../TrueNAS/nies_audio_recording/2024/ChirpArray/Akitsu/20240804_1600.wav,1.0665215,0.03409054,1.0572007,0.96389383,0.010981679
../TrueNAS/nies_audio_recording/2024/ChirpArray/Akitsu/20240804_1610.wav,1.0490525,0.16110475,1.0074352,0.9178691,0.005725011
../TrueNAS/nies_audio_recording/2024/ChirpArray/Akitsu/20240804_1700.wav,1.0588367,0.023051709,0.1669791,0.9243589,-0.012788042
../TrueNAS/nies_audio_recording/2024/ChirpArray/Akitsu/20240804_1710.wav,1.0556513,0.0028650388,0.3744784,0.9362599,-0.009682283
../TrueNAS/nies_audio_recording/2024/ChirpArray/Akitsu/20240804_1800.wav,1.0576193,0.047499083,0.38287985,0.9200451,-0.025545225
../TrueNAS/nies_audio_recording/2024/ChirpArray/Akitsu/20240804_1810.wav,1.057555,0.005931236,0.6589347,0.9239455,-0.021619335
../TrueNAS/nies_audio_recording/2024/ChirpArray/Akitsu/20240804_1900.wav,1.0635133,0.10156554,0.10881981,0.95345765,-0.023131039
../TrueNAS/nies_audio_recording/2024/ChirpArray/Akitsu/20240804_1910.wav,1.0462115,0.072519235,0.06756976,0.9252944,0.023195997
../TrueNAS/nies_audio_recording/2024/ChirpArray/Akitsu/20240804_2000.wav,0.028575048,0.0017385893,-0.006914418,0.0092405155,0.02467978
../TrueNAS/nies_audio_recording/2024/ChirpArray/Akitsu/20240804_2010.wav,0.027916595,0.004178269,-0.0068001784,0.01112099,0.021888956
../TrueNAS/nies_audio_recording/2024/ChirpArray/Akitsu/20240804_2100.wav,0.020138629,-0.0029544085,-0.0068446174,0.0023917109,0.022281691
../TrueNAS/nies_audio_recording/2024/ChirpArray/Akitsu/20240804_2110.wav,0.015373521,-0.0037110075,-0.0068029054,0.009915873,0.016602725
../TrueNAS/nies_audio_recording/2024/ChirpArray/Akitsu/20240804_2200.wav,0.018146165,-7.597916e-05,-0.0071057267,0.014144018,0.016526468
../TrueNAS/nies_audio_recording/2024/ChirpArray/Akitsu/20240804_2210.wav,0.018415138,-0.0001786612,-0.0028590001,0.009804159,0.015075013
../TrueNAS/nies_audio_recording/2024/ChirpArray/Akitsu/20240804_2301.wav,0.028368883,0.0065652896,-0.00015445054,0.0247491,0.022977687
../TrueNAS/nies_audio_recording/2024/ChirpArray/Akitsu/20240804_2310.wav,0.022826586,-0.00032585673,-0.0046747886,0.010296062,0.016118705
../TrueNAS/nies_audio_recording/2024/ChirpArray/Akitsu/20240805_0000.wav,0.017383546,0.028707983,-0.0061235502,0.0074110776,0.019614726
../TrueNAS/nies_audio_recording/2024/ChirpArray/Akitsu/20240805_0100.wav,0.023379304,-0.00030146167,-0.0068363957,0.0027308837,0.0242683
../TrueNAS/nies_audio_recording/2024/ChirpArray/Akitsu/20240805_0110.wav,0.107152075,0.0035189688,-0.0038111582,0.0033211485,0.023724131
../TrueNAS/nies_audio_recording/2024/ChirpArray/Akitsu/20240805_0200.wav,0.054923445,0.0027247556,-0.0051995255,-0.0025964528,0.027452618
../TrueNAS/nies_audio_recording/2024/ChirpArray/Akitsu/20240805_0210.wav,0.2630669,0.0033439714,0.0068859495,0.068218715,0.026240975
../TrueNAS/nies_audio_recording/2024/ChirpArray/Akitsu/20240805_0300.wav,0.33378673,0.0006891303,0.015033226,0.08606324,0.028756365
../TrueNAS/nies_audio_recording/2024/ChirpArray/Akitsu/20240805_0310.wav,0.17278787,0.0047388524,0.008792311,0.07911761,0.03125892
../TrueNAS/nies_audio_recording/2024/ChirpArray/Akitsu/20240805_0400.wav,0.040240277,0.0020010397,-0.0025703572,0.00829646,0.01977799
../TrueNAS/nies_audio_recording/2024/ChirpArray/Akitsu/20240805_0410.wav,0.16991061,0.0002876483,0.0007797852,0.008556426,0.012928218
../TrueNAS/nies_audio_recording/2024/ChirpArray/Akitsu/20240805_0500.wav,1.0135709,0.07999164,1.0610361,1.022954,0.012036044
../TrueNAS/nies_audio_recording/2024/ChirpArray/Akitsu/20240805_0510.wav,0.94524896,0.027842939,1.0516398,1.0432138,0.013439253
../TrueNAS/nies_audio_recording/2024/ChirpArray/Akitsu/20240805_0600.wav,0.75935423,0.051047057,0.016473632,0.97971004,-0.0150225535
../TrueNAS/nies_audio_recording/2024/ChirpArray/Akitsu/20240805_0610.wav,0.986273,0.015341997,0.035207298,0.9750113,-0.017205937
../TrueNAS/nies_audio_recording/2024/ChirpArray/Akitsu/20240805_0700.wav,0.7529005,0.11938758,1.0277532,1.0244236,-0.0039100274
../TrueNAS/nies_audio_recording/2024/ChirpArray/Akitsu/20240805_0710.wav,0.8827283,0.024367236,1.0325083,1.021679,-0.005759798
../TrueNAS/nies_audio_recording/2024/ChirpArray/Akitsu/20240805_0800.wav,0.5032054,0.058061197,1.0265418,1.0130546,0.9878888
../TrueNAS/nies_audio_recording/2024/ChirpArray/Akitsu/20240805_0810.wav,0.3843186,0.103505194,1.0150017,1.005895,1.0121942
../TrueNAS/nies_audio_recording/2024/ChirpArray/Akitsu/20240805_0900.wav,1.0488694,0.03097248,1.0244714,1.0109372,1.030213
../TrueNAS/nies_audio_recording/2024/ChirpArray/Akitsu/20240805_0910.wav,1.0483266,0.06981529,0.059394013,0.9743719,-0.006249748
../TrueNAS/nies_audio_recording/2024/ChirpArray/Akitsu/20240805_1003.wav,1.053188,0.09399287,1.043324,1.0046402,1.0101343
../TrueNAS/nies_audio_recording/2024/ChirpArray/Akitsu/20240805_1010.wav,1.0624272,0.191609,1.1118232,1.0020803,-0.02186611
../TrueNAS/nies_audio_recording/2024/ChirpArray/Akitsu/20240805_1100.wav,1.052488,0.013627529,1.0823667,1.0083046,-0.015340194
../TrueNAS/nies_audio_recording/2024/ChirpArray/Akitsu/20240805_1110.wav,1.054386,0.041608453,1.0865614,0.969216,-0.025774553
../TrueNAS/nies_audio_recording/2024/ChirpArray/Akitsu/20240805_1200.wav,1.0562395,0.011152998,1.0770069,0.97062653,-0.022072569
../TrueNAS/nies_audio_recording/2024/ChirpArray/Akitsu/20240805_1210.wav,1.0536054,0.026053071,1.0896568,0.98896706,-0.031205311
../TrueNAS/nies_audio_recording/2024/ChirpArray/Akitsu/20240805_1300.wav,1.0512376,0.33238643,1.0986203,0.9886185,-0.022125706
../TrueNAS/nies_audio_recording/2024/ChirpArray/Akitsu/20240805_1310.wav,1.0571699,0.1257469,1.0719393,0.97229797,0.74606025
../TrueNAS/nies_audio_recording/2024/ChirpArray/Akitsu/20240805_1400.wav,1.0630493,0.008531235,0.5636096,0.9297074,-0.014204562
../TrueNAS/nies_audio_recording/2024/ChirpArray/Akitsu/20240805_1410.wav,1.0586874,0.48134434,0.20283784,0.92220384,-0.013143137
../TrueNAS/nies_audio_recording/2024/ChirpArray/Akitsu/20240805_1500.wav,1.052005,0.03721238,1.0775673,0.9802236,0.0041270107
../TrueNAS/nies_audio_recording/2024/ChirpArray/Akitsu/20240805_1510.wav,1.051675,0.1315341,1.0196818,0.9566287,-0.023775876
../TrueNAS/nies_audio_recording/2024/ChirpArray/Akitsu/20240805_1600.wav,1.0486896,0.011384651,0.19046985,0.9341718,-0.025816292
../TrueNAS/nies_audio_recording/2024/ChirpArray/Akitsu/20240805_1610.wav,1.061556,0.27267462,1.0720226,0.9683262,-0.021031648
../TrueNAS/nies_audio_recording/2024/ChirpArray/Akitsu/20240805_1700.wav,1.0496464,0.017205715,0.1962168,0.93575245,-0.018649518
../TrueNAS/nies_audio_recording/2024/ChirpArray/Akitsu/20240805_1710.wav,1.0535641,0.031796224,1.0820957,0.99192655,-0.021708027
../TrueNAS/nies_audio_recording/2024/ChirpArray/Akitsu/20240805_1800.wav,1.0505853,0.0067466125,0.8973143,0.9367065,0.81061304
../TrueNAS/nies_audio_recording/2024/ChirpArray/Akitsu/20240805_1810.wav,1.0546091,0.11508264,0.6970476,0.9139095,-0.021360412
../TrueNAS/nies_audio_recording/2024/ChirpArray/Akitsu/20240805_1900.wav,1.0634128,0.01690656,0.3082116,0.9201934,-0.013417453
../TrueNAS/nies_audio_recording/2024/ChirpArray/Akitsu/20240805_1910.wav,0.05536984,0.012143649,-0.0042894557,0.7780592,0.0204295
../TrueNAS/nies_audio_recording/2024/ChirpArray/Akitsu/20240805_2002.wav,0.018225275,0.003982898,-0.001711566,0.03766109,0.0024182424
../TrueNAS/nies_audio_recording/2024/ChirpArray/Akitsu/20240805_2010.wav,0.028953075,0.020731192,-0.001887586,0.03285782,0.011828214
../TrueNAS/nies_audio_recording/2024/ChirpArray/Akitsu/20240805_2100.wav,0.019620337,-0.0010954272,-0.0031737685,0.0019505322,0.02275341
../TrueNAS/nies_audio_recording/2024/ChirpArray/Akitsu/20240805_2110.wav,0.024672996,0.00673718,-0.008914378,0.00029245764,0.03115128
../TrueNAS/nies_audio_recording/2024/ChirpArray/Akitsu/20240805_2200.wav,0.017623939,4.907325e-05,-0.009381566,0.005900517,0.019584812
../TrueNAS/nies_audio_recording/2024/ChirpArray/Akitsu/20240805_2210.wav,0.025029048,0.00031318702,-0.0059277117,0.0038880855,0.028326243
../TrueNAS/nies_audio_recording/2024/ChirpArray/Akitsu/20240805_2300.wav,0.028704543,0.03491693,-0.009418115,0.0068043023,0.028353564
../TrueNAS/nies_audio_recording/2024/ChirpArray/Akitsu/20240805_2310.wav,0.06873519,0.020870602,-0.0063740388,0.01213032,0.018730171
../TrueNAS/nies_audio_recording/2024/ChirpArray/Akitsu/20240806_0000.wav,0.016433634,0.008060645,-0.0074933544,0.0045374483,0.019602418
../TrueNAS/nies_audio_recording/2024/ChirpArray/Akitsu/20240806_0100.wav,0.01859954,0.012940454,-0.009192817,0.0027488917,0.014883295
../TrueNAS/nies_audio_recording/2024/ChirpArray/Akitsu/20240806_0110.wav,0.02247591,0.030664783,0.00082492083,0.017867066,0.0141774565
../TrueNAS/nies_audio_recording/2024/ChirpArray/Akitsu/20240806_0200.wav,0.015113831,-0.00017756037,-0.011369061,0.0072027594,0.011346489
../TrueNAS/nies_audio_recording/2024/ChirpArray/Akitsu/20240806_0210.wav,0.015000813,-0.0027208924,-0.008201037,0.00019586086,0.012355402
../TrueNAS/nies_audio_recording/2024/ChirpArray/Akitsu/20240806_0300.wav,0.030480456,0.003283754,-0.0065635927,0.011694193,0.02596654
../TrueNAS/nies_audio_recording/2024/ChirpArray/Akitsu/20240806_0310.wav,0.031665828,0.0038777217,-0.009168759,0.0029401109,0.029105619
../TrueNAS/nies_audio_recording/2024/ChirpArray/Akitsu/20240806_0400.wav,0.03575218,0.0051990375,-0.00529857,-0.0058246925,0.026534885
../TrueNAS/nies_audio_recording/2024/ChirpArray/Akitsu/20240806_0410.wav,0.040916547,0.0045402143,-0.006632399,-0.0063136443,0.029753305
../TrueNAS/nies_audio_recording/2024/ChirpArray/Akitsu/20240806_0500.wav,0.9274795,0.21881555,1.098126,1.0256268,1.0344124
../TrueNAS/nies_audio_recording/2024/ChirpArray/Akitsu/20240806_0510.wav,0.35308275,0.11228421,1.0221413,1.0202582,0.28658628
../TrueNAS/nies_audio_recording/2024/ChirpArray/Akitsu/20240806_0600.wav,0.5770938,0.6274786,1.0162154,1.014941,1.0063012
../TrueNAS/nies_audio_recording/2024/ChirpArray/Akitsu/20240806_0610.wav,0.59312505,0.3891722,0.060235914,0.98134524,1.0341439
../TrueNAS/nies_audio_recording/2024/ChirpArray/Akitsu/20240806_0700.wav,0.76885986,0.28469765,1.0261507,1.0300678,0.5184635
../TrueNAS/nies_audio_recording/2024/ChirpArray/Akitsu/20240806_0710.wav,0.7209293,0.14676633,1.0134933,1.0380561,-0.0016392916
../TrueNAS/nies_audio_recording/2024/ChirpArray/Akitsu/20240806_0800.wav,0.13896859,0.16413565,1.0933439,1.0290062,1.0590279
../TrueNAS/nies_audio_recording/2024/ChirpArray/Akitsu/20240806_0810.wav,0.07168421,0.92034644,1.0517727,0.67584515,1.0240254
../TrueNAS/nies_audio_recording/2024/ChirpArray/Akitsu/20240806_0900.wav,0.12427608,0.11595072,0.026693743,0.9753545,-0.020891715
../TrueNAS/nies_audio_recording/2024/ChirpArray/Akitsu/20240806_0910.wav,0.14036924,0.021933742,0.03448404,0.9854911,0.37609354
../TrueNAS/nies_audio_recording/2024/ChirpArray/Akitsu/20240806_1000.wav,1.0558285,0.040516935,0.58353484,0.989065,0.8105211
../TrueNAS/nies_audio_recording/2024/ChirpArray/Akitsu/20240806_1010.wav,0.0908892,0.10850352,1.0314413,1.0171683,-0.005527526
../TrueNAS/nies_audio_recording/2024/ChirpArray/Akitsu/20240806_1100.wav,1.0563574,0.2203923,1.0653647,0.97262937,-0.023646653
../TrueNAS/nies_audio_recording/2024/ChirpArray/Akitsu/20240806_1110.wav,1.0482168,0.06781714,1.0946786,0.97915536,-0.020439193
../TrueNAS/nies_audio_recording/2024/ChirpArray/Akitsu/20240806_1200.wav,1.0619556,0.05053146,0.06395742,0.927603,-0.021418214
../TrueNAS/nies_audio_recording/2024/ChirpArray/Akitsu/20240806_1210.wav,1.047128,0.05592186,1.0761961,0.9743531,-0.020012692
../TrueNAS/nies_audio_recording/2024/ChirpArray/Akitsu/20240806_1300.wav,1.05063,0.005838461,1.065703,0.9685513,-0.01609072
../TrueNAS/nies_audio_recording/2024/ChirpArray/Akitsu/20240806_1310.wav,1.0571219,0.22509153,1.0925074,0.9840887,-0.01804787
../TrueNAS/nies_audio_recording/2024/ChirpArray/Akitsu/20240806_1400.wav,1.0627831,0.07137222,0.09582576,0.909193,0.5451964
../TrueNAS/nies_audio_recording/2024/ChirpArray/Akitsu/20240806_1410.wav,1.0566372,0.0077924803,0.09413296,0.9148895,-0.01599145
../TrueNAS/nies_audio_recording/2024/ChirpArray/Akitsu/20240806_1500.wav,1.0563128,0.008918606,0.30222997,0.9255499,-0.011495262
../TrueNAS/nies_audio_recording/2024/ChirpArray/Akitsu/20240806_1510.wav,1.0615,0.02016937,0.089313135,0.92005724,0.00456582
../TrueNAS/nies_audio_recording/2024/ChirpArray/Akitsu/20240806_1600.wav,1.0538545,0.012102693,1.0295428,0.95013756,-0.012512177
../TrueNAS/nies_audio_recording/2024/ChirpArray/Akitsu/20240806_1610.wav,1.0472475,0.11193627,1.0787082,0.9814078,-0.020994216
../TrueNAS/nies_audio_recording/2024/ChirpArray/Akitsu/20240806_1700.wav,1.0508689,0.040905885,0.09406559,0.9156962,-0.020879194
../TrueNAS/nies_audio_recording/2024/ChirpArray/Akitsu/20240806_1710.wav,1.0556195,0.009284236,1.0519977,0.9685268,-0.01629804
../TrueNAS/nies_audio_recording/2024/ChirpArray/Akitsu/20240806_1800.wav,1.0530919,0.007966779,0.09807858,0.9328418,-0.016227588
../TrueNAS/nies_audio_recording/2024/ChirpArray/Akitsu/20240806_1810.wav,1.061702,0.05745417,0.570762,0.9142247,0.06069988
../TrueNAS/nies_audio_recording/2024/ChirpArray/Akitsu/20240806_1900.wav,1.0667466,0.13072073,0.82993746,0.9446377,0.015608788
../TrueNAS/nies_audio_recording/2024/ChirpArray/Akitsu/20240806_1910.wav,0.043277033,0.008271966,0.011572871,0.050382704,0.029842138
../TrueNAS/nies_audio_recording/2024/ChirpArray/Akitsu/20240806_2000.wav,0.023143634,0.0022666864,-0.0024597757,0.021976493,0.022643313
../TrueNAS/nies_audio_recording/2024/ChirpArray/Akitsu/20240806_2010.wav,0.03697793,0.0047586374,-0.0009353608,0.006300278,0.022927396
../TrueNAS/nies_audio_recording/2024/ChirpArray/Akitsu/20240806_2100.wav,0.01759927,0.0003733933,-0.010527965,0.0074338913,0.009101484
../TrueNAS/nies_audio_recording/2024/ChirpArray/Akitsu/20240806_2110.wav,0.02765569,0.034417715,-0.006881628,0.002996266,0.022411197
../TrueNAS/nies_audio_recording/2024/ChirpArray/Akitsu/20240806_2200.wav,0.020770144,-0.00016370043,-0.0045733377,0.0028046519,0.019588217
../TrueNAS/nies_audio_recording/2024/ChirpArray/Akitsu/20240806_2210.wav,0.017247878,0.00075244345,-0.008018445,0.0022417754,0.015390553
../TrueNAS/nies_audio_recording/2024/ChirpArray/Akitsu/20240806_2300.wav,0.021275602,0.17130841,-0.0016876161,0.008879989,0.020892166
../TrueNAS/nies_audio_recording/2024/ChirpArray/Akitsu/20240806_2310.wav,0.05439305,0.0023949817,-0.010625493,0.010045961,0.020503826
../TrueNAS/nies_audio_recording/2024/ChirpArray/Akitsu/20240807_0000.wav,0.01975552,0.0076152347,-0.0069828257,0.009199932,0.016219467
../TrueNAS/nies_audio_recording/2024/ChirpArray/Akitsu/20240807_0100.wav,0.022256084,0.04650229,-0.007858027,0.020220675,0.023053378
../TrueNAS/nies_audio_recording/2024/ChirpArray/Akitsu/20240807_0110.wav,0.03068772,0.009941336,-0.009416357,0.008549765,0.027699605
../TrueNAS/nies_audio_recording/2024/ChirpArray/Akitsu/20240807_0200.wav,0.022277579,0.039348282,0.0013840944,0.044276595,0.015816137
../TrueNAS/nies_audio_recording/2024/ChirpArray/Akitsu/20240807_0210.wav,0.022620223,0.002346944,-0.008112479,-0.002093777,0.024525657
../TrueNAS/nies_audio_recording/2024/ChirpArray/Akitsu/20240807_0300.wav,0.03368033,0.022333324,-0.0062463693,0.008066513,0.024440281
../TrueNAS/nies_audio_recording/2024/ChirpArray/Akitsu/20240807_0310.wav,0.021795,0.06603299,-0.000770662,0.02667655,0.018631123
../TrueNAS/nies_audio_recording/2024/ChirpArray/Akitsu/20240807_0400.wav,0.028181612,0.0003333427,-0.0083967,0.013832837,0.017947093
../TrueNAS/nies_audio_recording/2024/ChirpArray/Akitsu/20240807_0410.wav,0.02171766,0.0012317318,-0.008587241,-0.0012139827,0.015222669
../TrueNAS/nies_audio_recording/2024/ChirpArray/Akitsu/20240807_0500.wav,1.0067753,0.49971914,1.0767821,1.0616568,0.9906113
../TrueNAS/nies_audio_recording/2024/ChirpArray/Akitsu/20240807_0510.wav,0.63243645,0.602176,1.0107775,1.0464544,0.004612297
../TrueNAS/nies_audio_recording/2024/ChirpArray/Akitsu/20240807_0600.wav,0.74908346,0.18940543,0.9994122,1.0264359,-0.008580148
../TrueNAS/nies_audio_recording/2024/ChirpArray/Akitsu/20240807_0610.wav,0.07456258,0.47447616,1.0107828,1.0274359,0.0011812411
../TrueNAS/nies_audio_recording/2024/ChirpArray/Akitsu/20240807_0700.wav,0.9928093,0.3698514,1.0476964,1.0388579,-0.0010033511
../TrueNAS/nies_audio_recording/2024/ChirpArray/Akitsu/20240807_0710.wav,0.7458484,0.8407319,1.0135167,1.0439245,-0.0060535446
../TrueNAS/nies_audio_recording/2024/ChirpArray/Akitsu/20240807_0800.wav,0.7937773,0.11232523,0.09027979,0.9895492,0.5388714
../TrueNAS/nies_audio_recording/2024/ChirpArray/Akitsu/20240807_0810.wav,1.0232818,0.9542505,0.18560167,1.0094126,0.89412606
../TrueNAS/nies_audio_recording/2024/ChirpArray/Akitsu/20240807_0900.wav,1.0135233,0.23269399,1.068607,1.0247784,0.66579664
../TrueNAS/nies_audio_recording/2024/ChirpArray/Akitsu/20240807_0910.wav,0.81274766,0.09446088,1.0185562,1.0200747,0.9125011
../TrueNAS/nies_audio_recording/2024/ChirpArray/Akitsu/20240807_1000.wav,1.043041,0.47928405,1.1031004,1.0218796,-0.015699774
../TrueNAS/nies_audio_recording/2024/ChirpArray/Akitsu/20240807_1010.wav,1.0372154,0.23423228,1.1233195,1.0055219,-0.00555446
../TrueNAS/nies_audio_recording/2024/ChirpArray/Akitsu/20240807_1100.wav,1.052665,0.5802829,1.0861228,0.9873274,-0.0344487
../TrueNAS/nies_audio_recording/2024/ChirpArray/Akitsu/20240807_1110.wav,1.0574766,0.6897659,0.061544415,0.9456107,-0.02900152
../TrueNAS/nies_audio_recording/2024/ChirpArray/Akitsu/20240807_1200.wav,1.0575082,0.012228198,0.6365653,0.94583756,-0.021793082
../TrueNAS/nies_audio_recording/2024/ChirpArray/Akitsu/20240807_1210.wav,1.0622993,0.030271515,0.93904984,0.9425729,-0.021286622
../TrueNAS/nies_audio_recording/2024/ChirpArray/Akitsu/20240807_1300.wav,1.0485911,0.17284721,1.0755618,0.99835724,0.78250885
../TrueNAS/nies_audio_recording/2024/ChirpArray/Akitsu/20240807_1310.wav,1.0504247,0.29549325,1.0843585,0.9839144,6.633997e-05
../TrueNAS/nies_audio_recording/2024/ChirpArray/Akitsu/20240807_1400.wav,1.0562099,0.19068499,1.0859188,0.9834345,-0.017300904
../TrueNAS/nies_audio_recording/2024/ChirpArray/Akitsu/20240807_1410.wav,1.0540025,0.016771622,0.39657387,0.92193264,-0.011988044
../TrueNAS/nies_audio_recording/2024/ChirpArray/Akitsu/20240807_1500.wav,1.0573969,0.29907316,1.0902667,0.995383,0.872254
../TrueNAS/nies_audio_recording/2024/ChirpArray/Akitsu/20240807_1510.wav,1.0557584,0.05288448,0.9909258,0.93764395,-0.025568873
../TrueNAS/nies_audio_recording/2024/ChirpArray/Akitsu/20240807_1600.wav,1.0590686,0.029076956,1.0964947,0.9707035,-0.01565887
../TrueNAS/nies_audio_recording/2024/ChirpArray/Akitsu/20240807_1610.wav,1.0545495,0.022449821,0.20104162,0.92915934,-0.022774518
../TrueNAS/nies_audio_recording/2024/ChirpArray/Akitsu/20240807_1700.wav,1.0570673,0.41194052,0.15844549,0.9230654,0.39800137
../TrueNAS/nies_audio_recording/2024/ChirpArray/Akitsu/20240807_1710.wav,1.0490499,0.07031223,0.63667595,0.9166656,0.759997
../TrueNAS/nies_audio_recording/2024/ChirpArray/Akitsu/20240807_1800.wav,1.0545931,0.1651067,1.0950066,0.9972459,0.9886006
../TrueNAS/nies_audio_recording/2024/ChirpArray/Akitsu/20240807_1810.wav,1.0541052,0.0089046955,0.53451633,0.9192899,-0.023534149
../TrueNAS/nies_audio_recording/2024/ChirpArray/Akitsu/20240807_1900.wav,0.03121508,0.00903625,-0.0048674643,0.011050105,0.014768928
../TrueNAS/nies_audio_recording/2024/ChirpArray/Akitsu/20240807_1910.wav,0.033991784,0.009424735,0.007866945,0.094099395,0.008916497
../TrueNAS/nies_audio_recording/2024/ChirpArray/Akitsu/20240807_2000.wav,0.060684904,0.010702509,-0.002672676,0.015738413,0.00893043
../TrueNAS/nies_audio_recording/2024/ChirpArray/Akitsu/20240807_2010.wav,0.029388994,0.008950088,0.0028532855,0.009066284,0.03287576
../TrueNAS/nies_audio_recording/2024/ChirpArray/Akitsu/20240807_2100.wav,0.030516654,0.050126255,-0.010734867,0.0033413693,0.022293821
../TrueNAS/nies_audio_recording/2024/ChirpArray/Akitsu/20240807_2110.wav,0.028999418,0.04373291,-0.012781221,0.0024096668,0.023479998
../TrueNAS/nies_audio_recording/2024/ChirpArray/Akitsu/20240807_2200.wav,0.032973602,0.03606095,-0.0021500327,0.010836795,0.032783344
../TrueNAS/nies_audio_recording/2024/ChirpArray/Akitsu/20240807_2210.wav,0.02741969,0.046952985,-0.004768733,0.029200159,0.015904456
../TrueNAS/nies_audio_recording/2024/ChirpArray/Akitsu/20240807_2300.wav,0.034193203,0.018604122,-0.0005180985,0.014607847,0.025388494
../TrueNAS/nies_audio_recording/2024/ChirpArray/Akitsu/20240807_2310.wav,0.029115777,-0.0005147066,0.0005358793,0.018346146,0.02157531
../TrueNAS/nies_audio_recording/2024/ChirpArray/Akitsu/20240808_0000.wav,0.026423335,0.053966448,-0.004261881,0.02375251,0.01719004
../TrueNAS/nies_audio_recording/2024/ChirpArray/Akitsu/20240808_0100.wav,0.028493833,-0.0015356652,-0.006016705,0.016055755,0.015872099
../TrueNAS/nies_audio_recording/2024/ChirpArray/Akitsu/20240808_0110.wav,0.035841573,0.00031701103,-0.0031150468,0.011239782,0.017496556
../TrueNAS/nies_audio_recording/2024/ChirpArray/Akitsu/20240808_0200.wav,0.027260855,0.021864204,-0.008854382,0.0033748671,0.023228392
../TrueNAS/nies_audio_recording/2024/ChirpArray/Akitsu/20240808_0210.wav,0.035176076,0.012763666,-0.009091418,0.0043589473,0.027637735
../TrueNAS/nies_audio_recording/2024/ChirpArray/Akitsu/20240808_0300.wav,0.036210902,0.022506543,-0.0056799985,0.010268047,0.020280346
../TrueNAS/nies_audio_recording/2024/ChirpArray/Akitsu/20240808_0310.wav,0.028421324,0.025524296,-0.0028351136,0.025901183,0.024729386
../TrueNAS/nies_audio_recording/2024/ChirpArray/Akitsu/20240808_0400.wav,0.026338298,0.096451804,0.006063599,0.02944374,0.018740073
../TrueNAS/nies_audio_recording/2024/ChirpArray/Akitsu/20240808_0410.wav,0.026396442,-0.0041591525,-0.009837113,-0.00069270283,0.02032911
../TrueNAS/nies_audio_recording/2024/ChirpArray/Akitsu/20240808_0500.wav,0.9801486,0.7123199,1.0611944,1.0272931,0.9980507
../TrueNAS/nies_audio_recording/2024/ChirpArray/Akitsu/20240808_0510.wav,0.1359502,0.13278022,0.0024017245,0.33905,0.06471901
../TrueNAS/nies_audio_recording/2024/ChirpArray/Akitsu/20240808_0600.wav,0.22865778,0.67002743,1.0004642,1.0290257,0.017962217
../TrueNAS/nies_audio_recording/2024/ChirpArray/Akitsu/20240808_0610.wav,0.11697658,0.7060787,1.0212054,1.0515616,0.003158804
../TrueNAS/nies_audio_recording/2024/ChirpArray/Akitsu/20240808_0700.wav,0.080790736,0.036682755,0.038127404,0.98995227,-0.026137853
../TrueNAS/nies_audio_recording/2024/ChirpArray/Akitsu/20240808_0710.wav,0.7681101,0.015688851,0.07017057,0.988476,-0.021305814
../TrueNAS/nies_audio_recording/2024/ChirpArray/Akitsu/20240808_0800.wav,0.9976377,0.49791694,1.0701126,1.0235801,0.0020853952
../TrueNAS/nies_audio_recording/2024/ChirpArray/Akitsu/20240808_0810.wav,0.091259316,0.62667894,1.0641688,1.0483578,1.0345688
../TrueNAS/nies_audio_recording/2024/ChirpArray/Akitsu/20240808_0900.wav,1.0469736,0.3497355,1.1122866,1.0436134,1.0415158
../TrueNAS/nies_audio_recording/2024/ChirpArray/Akitsu/20240808_0910.wav,1.0432094,0.17003845,1.0874197,1.0266236,0.93150043
../TrueNAS/nies_audio_recording/2024/ChirpArray/Akitsu/20240808_1000.wav,1.0669591,0.03792665,1.12386,1.0460253,1.0401409
../TrueNAS/nies_audio_recording/2024/ChirpArray/Akitsu/20240808_1010.wav,0.41208804,0.25821072,1.1117241,1.0412067,1.0663694
../TrueNAS/nies_audio_recording/2024/ChirpArray/Akitsu/20240808_1100.wav,1.0522476,0.3249749,1.0462413,1.0094763,0.99968684
../TrueNAS/nies_audio_recording/2024/ChirpArray/Akitsu/20240808_1110.wav,1.0533135,0.007741481,1.0938278,0.9791854,-0.021677911
../TrueNAS/nies_audio_recording/2024/ChirpArray/Akitsu/20240808_1200.wav,1.051935,0.0041224808,0.9084663,0.94609433,-0.028455362
../TrueNAS/nies_audio_recording/2024/ChirpArray/Akitsu/20240808_1210.wav,1.056408,0.031805858,1.1022774,0.98608303,-0.0042903274
../TrueNAS/nies_audio_recording/2024/ChirpArray/Akitsu/20240808_1300.wav,1.0530678,0.01649347,1.0723912,0.9832888,-0.02463843
../TrueNAS/nies_audio_recording/2024/ChirpArray/Akitsu/20240808_1310.wav,1.0515364,0.0054852366,0.33635992,0.9257274,-0.025241643
../TrueNAS/nies_audio_recording/2024/ChirpArray/Akitsu/20240808_1400.wav,1.0530062,0.009015143,1.0398461,0.96240073,-0.011643767
../TrueNAS/nies_audio_recording/2024/ChirpArray/Akitsu/20240808_1410.wav,1.0477319,0.00089187175,1.0970647,0.9853367,-0.019913152
../TrueNAS/nies_audio_recording/2024/ChirpArray/Akitsu/20240808_1500.wav,1.0550154,0.0057555363,0.8266742,0.93018764,-0.021887496
../TrueNAS/nies_audio_recording/2024/ChirpArray/Akitsu/20240808_1510.wav,1.0481346,0.0072835013,0.16683893,0.9262894,-0.0076506585
../TrueNAS/nies_audio_recording/2024/ChirpArray/Akitsu/20240808_1600.wav,1.0603364,0.05538051,1.0762143,0.9806711,-0.022922099
../TrueNAS/nies_audio_recording/2024/ChirpArray/Akitsu/20240808_1610.wav,1.0582196,0.0049645677,1.0657082,0.98763615,0.99703836
../TrueNAS/nies_audio_recording/2024/ChirpArray/Akitsu/20240808_1700.wav,1.0554117,0.026335292,1.054717,0.95393664,-0.012871683
../TrueNAS/nies_audio_recording/2024/ChirpArray/Akitsu/20240808_1710.wav,1.0509486,0.016420305,1.075878,0.9965269,0.68592644
../TrueNAS/nies_audio_recording/2024/ChirpArray/Akitsu/20240808_1800.wav,1.0574526,0.052414402,0.77932894,0.913698,-0.008428976
../TrueNAS/nies_audio_recording/2024/ChirpArray/Akitsu/20240808_1810.wav,1.0632684,0.18996929,1.0660232,0.97916156,-0.01367645
../TrueNAS/nies_audio_recording/2024/ChirpArray/Akitsu/20240808_1900.wav,1.0536137,0.07922198,0.11235531,0.8707256,0.88609207
../TrueNAS/nies_audio_recording/2024/ChirpArray/Akitsu/20240808_1910.wav,1.0211068,0.011465859,0.06062011,0.10325307,0.021898605
../TrueNAS/nies_audio_recording/2024/ChirpArray/Akitsu/20240808_2000.wav,0.14070398,0.054880593,0.0077865534,0.10274585,0.025097564
../TrueNAS/nies_audio_recording/2024/ChirpArray/Akitsu/20240808_2010.wav,0.11968912,0.07112557,0.002558753,0.034963116,0.031604394
../TrueNAS/nies_audio_recording/2024/ChirpArray/Akitsu/20240808_2100.wav,0.03825982,0.0060218517,-0.010502402,0.0027060807,0.02762945
../TrueNAS/nies_audio_recording/2024/ChirpArray/Akitsu/20240808_2110.wav,0.030488059,0.05030213,-0.003360439,0.012444228,0.016970232
../TrueNAS/nies_audio_recording/2024/ChirpArray/Akitsu/20240808_2200.wav,0.034710594,0.0015485901,-0.0029321127,0.0044952706,0.028655529
../TrueNAS/nies_audio_recording/2024/ChirpArray/Akitsu/20240808_2210.wav,0.02916893,0.0033105128,-0.0061797537,0.0024067685,0.020800143
../TrueNAS/nies_audio_recording/2024/ChirpArray/Akitsu/20240808_2300.wav,0.03138077,0.071968675,0.0010372102,0.038863815,0.024172023
../TrueNAS/nies_audio_recording/2024/ChirpArray/Akitsu/20240808_2310.wav,0.030811414,0.20092268,0.000502225,0.040471196,0.021724738
../TrueNAS/nies_audio_recording/2024/ChirpArray/Akitsu/20240809_0000.wav,0.026536211,0.016390769,-0.009436872,0.0068517625,0.01957421
../TrueNAS/nies_audio_recording/2024/ChirpArray/Akitsu/20240809_0100.wav,0.02080153,0.002166748,-0.007819306,0.007555157,0.020584613
../TrueNAS/nies_audio_recording/2024/ChirpArray/Akitsu/20240809_0110.wav,0.026232854,0.0011180881,-0.006103076,0.007343203,0.024417594
../TrueNAS/nies_audio_recording/2024/ChirpArray/Akitsu/20240809_0200.wav,0.026816458,0.0044269077,-0.004210569,0.014930606,0.021405153
../TrueNAS/nies_audio_recording/2024/ChirpArray/Akitsu/20240809_0210.wav,0.036499683,0.0100839045,-0.009217672,0.0055616945,0.031595886
../TrueNAS/nies_audio_recording/2024/ChirpArray/Akitsu/20240809_0300.wav,0.031592622,0.0022586882,-0.0057285577,0.0009377524,0.025243312
../TrueNAS/nies_audio_recording/2024/ChirpArray/Akitsu/20240809_0310.wav,0.027245682,0.013421908,-0.009185847,0.014150098,0.022019997
../TrueNAS/nies_audio_recording/2024/ChirpArray/Akitsu/20240809_0400.wav,0.03742694,0.0029042996,-0.0021757074,0.02243752,0.029878914
../TrueNAS/nies_audio_recording/2024/ChirpArray/Akitsu/20240809_0410.wav,0.09564259,0.002779249,0.011560846,0.07450002,0.030175045
../TrueNAS/nies_audio_recording/2024/ChirpArray/Akitsu/20240809_0500.wav,0.91357774,0.13621186,1.1138314,1.0276797,1.0570279
../TrueNAS/nies_audio_recording/2024/ChirpArray/Akitsu/20240809_0510.wav,0.064356,0.53427815,0.9874928,0.91179097,0.4708641
../TrueNAS/nies_audio_recording/2024/ChirpArray/Akitsu/20240809_0600.wav,1.0655944,0.010793813,0.06506832,0.9761775,-0.010101341
../TrueNAS/nies_audio_recording/2024/ChirpArray/Akitsu/20240809_0610.wav,1.0263449,0.5927963,1.0648123,1.0479532,0.020491488
../TrueNAS/nies_audio_recording/2024/ChirpArray/Akitsu/20240809_0700.wav,0.11595377,0.06022665,1.0084977,1.0325799,0.009973668
../TrueNAS/nies_audio_recording/2024/ChirpArray/Akitsu/20240809_0710.wav,0.98784405,0.29809564,1.067931,1.0119092,1.0484238
../TrueNAS/nies_audio_recording/2024/ChirpArray/Akitsu/20240809_0800.wav,1.005008,0.29604948,1.0850431,1.0258418,-0.007272646
../TrueNAS/nies_audio_recording/2024/ChirpArray/Akitsu/20240809_0810.wav,1.009282,0.6217848,1.0632337,1.0078129,0.01892437
../TrueNAS/nies_audio_recording/2024/ChirpArray/Akitsu/20240809_0900.wav,0.9566032,0.80523705,1.0693103,1.0305331,0.011968158
../TrueNAS/nies_audio_recording/2024/ChirpArray/Akitsu/20240809_0910.wav,0.94913477,0.11696377,1.0577992,1.0237627,0.0041873455
../TrueNAS/nies_audio_recording/2024/ChirpArray/Akitsu/20240809_1000.wav,1.0580416,0.028006166,1.0457296,0.9948332,0.009570394
../TrueNAS/nies_audio_recording/2024/ChirpArray/Akitsu/20240809_1010.wav,1.0657047,0.07901251,0.8021465,0.99423206,1.0411414
../TrueNAS/nies_audio_recording/2024/ChirpArray/Akitsu/20240809_1100.wav,1.0458388,0.07237114,1.0756909,1.0213642,1.0089265
../TrueNAS/nies_audio_recording/2024/ChirpArray/Akitsu/20240809_1110.wav,1.0622039,0.12095319,1.0410737,0.9707641,-0.020526335
../TrueNAS/nies_audio_recording/2024/ChirpArray/Akitsu/20240809_1200.wav,1.0581226,0.038247183,1.0705514,0.99578655,-0.027739123
../TrueNAS/nies_audio_recording/2024/ChirpArray/Akitsu/20240809_1210.wav,1.0541734,-0.00015009195,1.0858066,1.0053357,0.9963298
../TrueNAS/nies_audio_recording/2024/ChirpArray/Akitsu/20240809_1300.wav,1.0520339,0.036529616,1.0183567,0.95196,-0.027893707
../TrueNAS/nies_audio_recording/2024/ChirpArray/Akitsu/20240809_1310.wav,1.0434893,0.1911542,1.094602,1.0010259,-0.029091299
../TrueNAS/nies_audio_recording/2024/ChirpArray/Akitsu/20240809_1400.wav,1.0527645,0.063769676,1.093258,0.98527414,-0.026420057
../TrueNAS/nies_audio_recording/2024/ChirpArray/Akitsu/20240809_1410.wav,1.0551213,0.0036301538,0.8775736,0.9394962,0.9842051
../TrueNAS/nies_audio_recording/2024/ChirpArray/Akitsu/20240809_1500.wav,1.0486037,0.014566023,1.081941,0.9812437,0.005951911
../TrueNAS/nies_audio_recording/2024/ChirpArray/Akitsu/20240809_1510.wav,1.0506052,0.005969651,1.0815043,0.9768193,-0.008606955
../TrueNAS/nies_audio_recording/2024/ChirpArray/Akitsu/20240809_1600.wav,1.052646,0.0038976818,1.0739349,0.9642299,0.72104204
../TrueNAS/nies_audio_recording/2024/ChirpArray/Akitsu/20240809_1610.wav,1.0546808,0.0072937906,0.31095982,0.94058794,0.72241044
../TrueNAS/nies_audio_recording/2024/ChirpArray/Akitsu/20240809_1700.wav,1.0530969,0.048109815,1.0816442,0.99014944,0.98209834
../TrueNAS/nies_audio_recording/2024/ChirpArray/Akitsu/20240809_1710.wav,1.0316417,0.015976429,0.19308335,0.69793206,0.95968795
../TrueNAS/nies_audio_recording/2024/ChirpArray/Akitsu/20240809_1800.wav,1.0608867,0.0030112416,0.09060103,0.9299847,0.9548223
../TrueNAS/nies_audio_recording/2024/ChirpArray/Akitsu/20240809_1810.wav,1.0531375,0.007300414,1.0251161,0.94680053,0.9630811
../TrueNAS/nies_audio_recording/2024/ChirpArray/Akitsu/20240809_1900.wav,1.0162152,0.027309027,0.07632591,0.09771505,0.15650268
../TrueNAS/nies_audio_recording/2024/ChirpArray/Akitsu/20240809_1910.wav,0.18881032,0.006641891,-0.0017181151,0.011468351,0.017647319
../TrueNAS/nies_audio_recording/2024/ChirpArray/Akitsu/20240809_2000.wav,0.15796988,0.0061555915,-0.0023828037,0.03033977,0.0143634565
../TrueNAS/nies_audio_recording/2024/ChirpArray/Akitsu/20240809_2010.wav,0.038708728,0.0048702136,-0.0021099113,0.009903386,0.017693296
../TrueNAS/nies_audio_recording/2024/ChirpArray/Akitsu/20240809_2100.wav,0.015162781,0.043737806,-0.0053501017,0.023722976,0.014178209
../TrueNAS/nies_audio_recording/2024/ChirpArray/Akitsu/20240809_2110.wav,0.030010473,0.0066256244,-0.0009645857,0.015045956,0.02526237
../TrueNAS/nies_audio_recording/2024/ChirpArray/Akitsu/20240809_2200.wav,0.032437503,0.0033850372,-0.010378487,-0.0067468733,0.026503608
../TrueNAS/nies_audio_recording/2024/ChirpArray/Akitsu/20240809_2210.wav,0.024427053,0.0813124,-0.0028118826,0.01206179,0.015307188
../TrueNAS/nies_audio_recording/2024/ChirpArray/Akitsu/20240809_2300.wav,0.03383357,0.060412712,-0.00033880398,0.022049397,0.023885347
../TrueNAS/nies_audio_recording/2024/ChirpArray/Akitsu/20240809_2310.wav,0.029363733,0.109259486,-0.011177916,0.0032106936,0.020406783
../TrueNAS/nies_audio_recording/2024/ChirpArray/Akitsu/20240810_0000.wav,0.07169795,0.0195903,-0.0061299056,0.0070156753,0.020949155
../TrueNAS/nies_audio_recording/2024/ChirpArray/Akitsu/20240810_0100.wav,0.028265394,0.0035915356,-0.010953646,0.013901234,0.026222542
../TrueNAS/nies_audio_recording/2024/ChirpArray/Akitsu/20240810_0110.wav,0.026859209,0.1223553,-0.005592305,0.008212864,0.013504013
../TrueNAS/nies_audio_recording/2024/ChirpArray/Akitsu/20240810_0200.wav,0.020377826,0.058852185,-0.0075982474,0.005774364,0.015904553
../TrueNAS/nies_audio_recording/2024/ChirpArray/Akitsu/20240810_0210.wav,0.022309419,0.08798852,-0.006999135,0.0028682575,0.025841169
../TrueNAS/nies_audio_recording/2024/ChirpArray/Akitsu/20240810_0300.wav,0.03608407,0.0976678,-0.0028563924,0.006686844,0.0223822
../TrueNAS/nies_audio_recording/2024/ChirpArray/Akitsu/20240810_0310.wav,0.036915254,0.015438305,-0.0069349743,0.017276436,0.029592223
../TrueNAS/nies_audio_recording/2024/ChirpArray/Akitsu/20240810_0400.wav,0.02661445,0.013759742,0.00059683993,0.05002576,0.017139077
../TrueNAS/nies_audio_recording/2024/ChirpArray/Akitsu/20240810_0410.wav,0.11540745,0.014181079,0.010689635,0.058355156,0.022977859
../TrueNAS/nies_audio_recording/2024/ChirpArray/Akitsu/20240810_0500.wav,1.0326042,0.09899102,1.0986193,1.0309249,0.9895433
../TrueNAS/nies_audio_recording/2024/ChirpArray/Akitsu/20240810_0510.wav,0.83110696,0.2083991,1.0080019,1.0186623,0.0289765
../TrueNAS/nies_audio_recording/2024/ChirpArray/Akitsu/20240810_0600.wav,0.14023992,0.008233115,0.076295346,0.9721121,-0.011926532
../TrueNAS/nies_audio_recording/2024/ChirpArray/Akitsu/20240810_0610.wav,0.2135528,0.44942898,1.0210079,1.0242764,0.007592611
../TrueNAS/nies_audio_recording/2024/ChirpArray/Akitsu/20240810_0700.wav,0.5471978,0.22468948,1.0534272,1.0354857,1.0699884
../TrueNAS/nies_audio_recording/2024/ChirpArray/Akitsu/20240810_0710.wav,0.9501146,0.5409908,1.0473348,1.0354983,0.002507288
../TrueNAS/nies_audio_recording/2024/ChirpArray/Akitsu/20240810_0800.wav,0.15645537,0.85675555,1.1092626,1.0298389,0.99812675
../TrueNAS/nies_audio_recording/2024/ChirpArray/Akitsu/20240810_0810.wav,0.14546728,0.17277764,1.0270401,1.0175822,0.9841912
../TrueNAS/nies_audio_recording/2024/ChirpArray/Akitsu/20240810_0900.wav,1.001703,0.26064476,1.0972446,1.0376831,1.056412
../TrueNAS/nies_audio_recording/2024/ChirpArray/Akitsu/20240810_0910.wav,1.0413798,0.03418292,1.05876,1.0226068,0.92017543
../TrueNAS/nies_audio_recording/2024/ChirpArray/Akitsu/20240810_1000.wav,1.0626212,0.029770628,1.087996,1.0206901,0.9997513
../TrueNAS/nies_audio_recording/2024/ChirpArray/Akitsu/20240810_1010.wav,1.0649703,0.5632872,1.0947689,1.023369,-0.021206692
../TrueNAS/nies_audio_recording/2024/ChirpArray/Akitsu/20240810_1100.wav,1.0667421,0.022067875,0.2881405,0.95543826,-0.0028564557
../TrueNAS/nies_audio_recording/2024/ChirpArray/Akitsu/20240810_1110.wav,1.0616945,0.013294682,1.066774,0.9709177,0.9728472
../TrueNAS/nies_audio_recording/2024/ChirpArray/Akitsu/20240810_1200.wav,1.0588793,0.025912993,1.0745045,0.9697891,-0.009531751
../TrueNAS/nies_audio_recording/2024/ChirpArray/Akitsu/20240810_1210.wav,1.0486233,0.51680183,1.1170781,1.0213975,0.02579996
../TrueNAS/nies_audio_recording/2024/ChirpArray/Akitsu/20240810_1300.wav,1.0501648,0.12016304,1.083412,1.0034772,0.9757899
../TrueNAS/nies_audio_recording/2024/ChirpArray/Akitsu/20240810_1310.wav,1.0597482,0.008176334,0.21934943,0.91758364,-0.02382505
../TrueNAS/nies_audio_recording/2024/ChirpArray/Akitsu/20240810_1400.wav,1.0504965,0.017378904,1.0570503,0.9630025,0.66194797
../TrueNAS/nies_audio_recording/2024/ChirpArray/Akitsu/20240810_1410.wav,1.0570432,0.0029291213,0.61561024,0.924868,0.48755237
../TrueNAS/nies_audio_recording/2024/ChirpArray/Akitsu/20240810_1500.wav,1.0492778,0.017064787,1.0601045,0.98379856,-0.014145225
../TrueNAS/nies_audio_recording/2024/ChirpArray/Akitsu/20240810_1510.wav,1.0500892,0.08554341,1.0743703,0.97971404,0.71026766
../TrueNAS/nies_audio_recording/2024/ChirpArray/Akitsu/20240810_1600.wav,1.0551577,0.0042704195,1.0665075,0.9996354,0.7336149
../TrueNAS/nies_audio_recording/2024/ChirpArray/Akitsu/20240810_1610.wav,1.051256,0.08852646,1.0651786,0.9876708,-0.021567598
../TrueNAS/nies_audio_recording/2024/ChirpArray/Akitsu/20240810_1700.wav,1.0519104,0.005964309,1.0827564,1.0018017,-0.012902677
../TrueNAS/nies_audio_recording/2024/ChirpArray/Akitsu/20240810_1710.wav,1.0592817,0.17106397,0.94446564,0.9131022,0.00012475252
../TrueNAS/nies_audio_recording/2024/ChirpArray/Akitsu/20240810_1800.wav,1.0514216,0.16521473,1.0132735,0.95855206,0.9925482
../TrueNAS/nies_audio_recording/2024/ChirpArray/Akitsu/20240810_1810.wav,1.0556785,0.011531547,0.25154537,0.91832656,0.79112756
../TrueNAS/nies_audio_recording/2024/ChirpArray/Akitsu/20240810_1900.wav,0.92839265,0.0056532845,0.029518772,0.042849567,0.01869309
../TrueNAS/nies_audio_recording/2024/ChirpArray/Akitsu/20240810_1910.wav,0.11703026,0.023562547,0.005690422,0.0008138791,0.01866372
../TrueNAS/nies_audio_recording/2024/ChirpArray/Akitsu/20240810_2000.wav,0.032734092,0.030987643,-0.007326357,-0.0015714765,0.026438296
../TrueNAS/nies_audio_recording/2024/ChirpArray/Akitsu/20240810_2010.wav,0.029917583,0.0126393065,-0.0111315735,0.00015331805,0.024773724
../TrueNAS/nies_audio_recording/2024/ChirpArray/Akitsu/20240810_2100.wav,0.03531592,0.02613024,-0.011772446,0.0071267784,0.033440277
../TrueNAS/nies_audio_recording/2024/ChirpArray/Akitsu/20240810_2110.wav,0.025185965,0.000451155,-0.007833537,0.013642825,0.028374046
../TrueNAS/nies_audio_recording/2024/ChirpArray/Akitsu/20240810_2200.wav,0.030163161,0.047480673,-0.0012059249,-0.002680786,0.04056759
../TrueNAS/nies_audio_recording/2024/ChirpArray/Akitsu/20240810_2210.wav,0.030638203,0.14659673,-0.010119937,2.7485192e-05,0.02609983
../TrueNAS/nies_audio_recording/2024/ChirpArray/Akitsu/20240810_2300.wav,0.77129555,0.227162,0.061522167,0.04046662,0.023539007
../TrueNAS/nies_audio_recording/2024/ChirpArray/Akitsu/20240810_2310.wav,0.22010973,0.1160834,-0.0063382573,0.01232852,0.028058857
../TrueNAS/nies_audio_recording/2024/ChirpArray/Akitsu/20240811_0000.wav,0.04748594,0.190934,-0.0048636086,0.011610493,0.027839005
../TrueNAS/nies_audio_recording/2024/ChirpArray/Akitsu/20240811_0100.wav,0.030012239,0.059648737,-0.00798098,0.011577606,0.03205972
../TrueNAS/nies_audio_recording/2024/ChirpArray/Akitsu/20240811_0110.wav,0.023552507,0.01972295,-0.0051183887,0.013875335,0.023045555
../TrueNAS/nies_audio_recording/2024/ChirpArray/Akitsu/20240811_0200.wav,0.023589544,0.2600922,-0.010863021,0.0057446063,0.025453687
../TrueNAS/nies_audio_recording/2024/ChirpArray/Akitsu/20240811_0210.wav,0.026896354,0.006157119,-0.0026257597,0.030185528,0.028206348
../TrueNAS/nies_audio_recording/2024/ChirpArray/Akitsu/20240811_0300.wav,0.017686851,0.08811479,-0.011782952,0.007478446,0.0253032
../TrueNAS/nies_audio_recording/2024/ChirpArray/Akitsu/20240811_0310.wav,0.0289376,0.056211427,-0.010233298,0.0075870603,0.02803801
../TrueNAS/nies_audio_recording/2024/ChirpArray/Akitsu/20240811_0400.wav,0.04288155,0.8549989,-0.008780401,0.0073590875,0.028817803
../TrueNAS/nies_audio_recording/2024/ChirpArray/Akitsu/20240811_0405.wav,0.037642058,0.5756256,-0.0057846904,0.01511462,0.031840056
../TrueNAS/nies_audio_recording/2024/ChirpArray/Akitsu/20240811_0410.wav,0.03985533,0.72989815,-0.007916719,0.003611803,0.032290265
../TrueNAS/nies_audio_recording/2024/ChirpArray/Akitsu/20240811_0500.wav,0.9935034,0.64274377,1.1003152,1.0388402,1.043843
../TrueNAS/nies_audio_recording/2024/ChirpArray/Akitsu/20240811_0510.wav,0.09259179,0.69452345,1.0868865,1.0293984,1.0210098
../TrueNAS/nies_audio_recording/2024/ChirpArray/Akitsu/20240811_0600.wav,0.053091027,0.33365792,1.0288763,0.891901,0.930303
../TrueNAS/nies_audio_recording/2024/ChirpArray/Akitsu/20240811_0610.wav,0.35756445,0.03145338,1.0251975,1.0505784,0.565251
../TrueNAS/nies_audio_recording/2024/ChirpArray/Akitsu/20240811_0700.wav,1.0564098,0.074419364,1.101498,1.0415347,0.898795
../TrueNAS/nies_audio_recording/2024/ChirpArray/Akitsu/20240811_0710.wav,1.0413746,0.21386267,1.0628033,1.0317996,0.9957266
../TrueNAS/nies_audio_recording/2024/ChirpArray/Akitsu/20240811_0800.wav,1.0434214,0.2859825,1.0958213,1.0591558,1.0301646
../TrueNAS/nies_audio_recording/2024/ChirpArray/Akitsu/20240811_0810.wav,1.0284611,0.51011944,1.0824956,1.0383416,0.5010276
../TrueNAS/nies_audio_recording/2024/ChirpArray/Akitsu/20240811_0900.wav,0.16868025,0.06254932,0.99913776,1.0028129,1.0210495
../TrueNAS/nies_audio_recording/2024/ChirpArray/Akitsu/20240811_0910.wav,0.9656021,0.38457513,0.07465121,0.9889512,1.0548466
../TrueNAS/nies_audio_recording/2024/ChirpArray/Akitsu/20240811_1000.wav,1.0676008,0.540262,1.093018,1.0029017,0.21536928
../TrueNAS/nies_audio_recording/2024/ChirpArray/Akitsu/20240811_1010.wav,1.0248141,0.017864242,0.06331779,0.9813504,0.86418533
../TrueNAS/nies_audio_recording/2024/ChirpArray/Akitsu/20240811_1100.wav,1.048579,0.014340468,0.49046662,0.9524514,0.025173761
../TrueNAS/nies_audio_recording/2024/ChirpArray/Akitsu/20240811_1110.wav,0.9823926,0.016756266,0.035257753,0.11302319,0.027183905
../TrueNAS/nies_audio_recording/2024/ChirpArray/Akitsu/20240811_1200.wav,1.0591964,0.0044546872,0.062500164,0.9236943,-0.012965366
../TrueNAS/nies_audio_recording/2024/ChirpArray/Akitsu/20240811_1210.wav,1.0579349,0.07772909,0.104018465,0.91164774,-0.019619182
../TrueNAS/nies_audio_recording/2024/ChirpArray/Akitsu/20240811_1300.wav,1.0562074,0.34479415,1.050819,0.95869416,-0.01700829
../TrueNAS/nies_audio_recording/2024/ChirpArray/Akitsu/20240811_1310.wav,1.0522773,0.01718324,1.0591725,0.96273476,-0.01730752
../TrueNAS/nies_audio_recording/2024/ChirpArray/Akitsu/20240811_1400.wav,1.0577871,0.8754894,1.0655143,0.9849727,0.964026
../TrueNAS/nies_audio_recording/2024/ChirpArray/Akitsu/20240811_1410.wav,1.0364004,0.6285221,0.08257471,0.9024445,1.0074123
../TrueNAS/nies_audio_recording/2024/ChirpArray/Akitsu/20240811_1500.wav,1.0559472,0.088294,0.9396659,0.93532866,-0.019449309
../TrueNAS/nies_audio_recording/2024/ChirpArray/Akitsu/20240811_1510.wav,1.0514386,0.004335843,1.0583397,0.9828755,0.6760924
../TrueNAS/nies_audio_recording/2024/ChirpArray/Akitsu/20240811_1600.wav,1.0509955,0.03861551,1.0655249,0.99948835,0.4918293
../TrueNAS/nies_audio_recording/2024/ChirpArray/Akitsu/20240811_1610.wav,1.0520967,0.01013574,1.0473839,0.97231823,-0.012071237
../TrueNAS/nies_audio_recording/2024/ChirpArray/Akitsu/20240811_1700.wav,1.056607,0.0032278895,1.0832032,0.98220295,0.9148401
../TrueNAS/nies_audio_recording/2024/ChirpArray/Akitsu/20240811_1710.wav,1.05334,0.019368134,1.0525969,0.9670177,0.926209
../TrueNAS/nies_audio_recording/2024/ChirpArray/Akitsu/20240811_1800.wav,1.0498625,-0.0020466223,0.8744261,0.9409582,0.62531364
../TrueNAS/nies_audio_recording/2024/ChirpArray/Akitsu/20240811_1810.wav,1.0582932,0.009778991,1.0794472,0.99804944,-0.013036892
../TrueNAS/nies_audio_recording/2024/ChirpArray/Akitsu/20240811_1900.wav,1.0638052,0.12746596,0.06473954,0.92809117,0.33326584
../TrueNAS/nies_audio_recording/2024/ChirpArray/Akitsu/20240811_1910.wav,0.24400812,0.034124654,0.009298068,0.08151584,0.022944242
../TrueNAS/nies_audio_recording/2024/ChirpArray/Akitsu/20240811_2000.wav,0.895112,0.010529412,0.034465384,0.04565278,0.025982976
../TrueNAS/nies_audio_recording/2024/ChirpArray/Akitsu/20240811_2010.wav,0.13712327,0.12961185,-0.0040670596,0.001471296,0.021513373
../TrueNAS/nies_audio_recording/2024/ChirpArray/Akitsu/20240811_2100.wav,0.05217009,0.024829086,-0.008760285,0.004984431,0.027811803
../TrueNAS/nies_audio_recording/2024/ChirpArray/Akitsu/20240811_2110.wav,0.08371641,0.025880754,-0.01013818,0.0077028275,0.028165758
../TrueNAS/nies_audio_recording/2024/ChirpArray/Akitsu/20240811_2200.wav,0.045914095,0.20678183,-0.0048820786,0.0048217326,0.028953634
../TrueNAS/nies_audio_recording/2024/ChirpArray/Akitsu/20240811_2210.wav,0.025978684,0.0023808964,-0.00453382,0.0063315406,0.016377516
../TrueNAS/nies_audio_recording/2024/ChirpArray/Akitsu/20240811_2300.wav,0.032807797,0.1265063,-0.0021401308,0.0018033609,0.024483487
../TrueNAS/nies_audio_recording/2024/ChirpArray/Akitsu/20240811_2310.wav,0.019996919,0.018670056,-0.006510958,0.00354442,0.018504739
../TrueNAS/nies_audio_recording/2024/ChirpArray/Akitsu/20240812_0000.wav,0.22292706,0.27642584,-0.0048584826,0.011354566,0.017985083
../TrueNAS/nies_audio_recording/2024/ChirpArray/Akitsu/20240812_0100.wav,1.0170693,0.20357455,0.08619067,0.22530882,-0.0123274475
../TrueNAS/nies_audio_recording/2024/ChirpArray/Akitsu/20240812_0110.wav,1.0073525,0.02731089,0.044083152,0.10405001,0.020307899
../TrueNAS/nies_audio_recording/2024/ChirpArray/Akitsu/20240812_0200.wav,0.030808352,0.031707283,-0.009434514,0.0029281527,0.024108663
../TrueNAS/nies_audio_recording/2024/ChirpArray/Akitsu/20240812_0210.wav,0.078401186,0.013102914,-0.0046268515,0.005928479,0.030773059
../TrueNAS/nies_audio_recording/2024/ChirpArray/Akitsu/20240812_0300.wav,0.038249508,0.0011566896,-0.00792117,0.0023560822,0.02791696
../TrueNAS/nies_audio_recording/2024/ChirpArray/Akitsu/20240812_0310.wav,1.0110075,0.60579413,1.0181478,0.46786982,0.037586108
../TrueNAS/nies_audio_recording/2024/ChirpArray/Akitsu/20240812_0400.wav,0.036502372,0.0022114273,-0.0087456815,0.012021072,0.022116333
../TrueNAS/nies_audio_recording/2024/ChirpArray/Akitsu/20240812_0410.wav,0.037337065,0.9217549,0.0020350628,0.0060682,0.036094442
../TrueNAS/nies_audio_recording/2024/ChirpArray/Akitsu/20240812_0500.wav,1.0337306,0.12188254,1.0874767,1.0494723,1.0556263
../TrueNAS/nies_audio_recording/2024/ChirpArray/Akitsu/20240812_0510.wav,1.0030138,0.5917269,1.0883301,1.0194311,1.0621129
../TrueNAS/nies_audio_recording/2024/ChirpArray/Akitsu/20240812_0600.wav,0.94587713,0.5504299,1.0452417,1.0159153,0.038889356
../TrueNAS/nies_audio_recording/2024/ChirpArray/Akitsu/20240812_0610.wav,0.6453695,0.157508,1.0150068,0.9810634,0.0446897
../TrueNAS/nies_audio_recording/2024/ChirpArray/Akitsu/20240812_0700.wav,0.08510808,0.35628378,1.0180271,1.0225716,0.9974334
../TrueNAS/nies_audio_recording/2024/ChirpArray/Akitsu/20240812_0710.wav,0.07138052,0.05903855,1.0121192,1.0140995,0.0048157535
../TrueNAS/nies_audio_recording/2024/ChirpArray/Akitsu/20240812_0800.wav,0.06493501,0.5828875,0.15826073,0.9847811,1.001504
../TrueNAS/nies_audio_recording/2024/ChirpArray/Akitsu/20240812_0810.wav,0.40314424,0.30183917,1.0654842,1.025234,1.0428443
../TrueNAS/nies_audio_recording/2024/ChirpArray/Akitsu/20240812_0900.wav,0.118069395,0.834439,1.065665,1.0282217,1.0512186
../TrueNAS/nies_audio_recording/2024/ChirpArray/Akitsu/20240812_0910.wav,0.34778148,0.8520649,1.1035694,1.0305179,1.049821
../TrueNAS/nies_audio_recording/2024/ChirpArray/Akitsu/20240812_1000.wav,1.0696613,0.046201058,1.0276707,1.01897,1.0453949
../TrueNAS/nies_audio_recording/2024/ChirpArray/Akitsu/20240812_1010.wav,1.0565634,0.1350956,1.0773482,1.0123092,0.017117426
../TrueNAS/nies_audio_recording/2024/ChirpArray/Akitsu/20240812_1100.wav,0.97649246,0.2670862,0.04203045,0.9005744,0.967896
../TrueNAS/nies_audio_recording/2024/ChirpArray/Akitsu/20240812_1110.wav,1.0667166,0.08386196,0.14324102,0.9673234,0.021030456
../TrueNAS/nies_audio_recording/2024/ChirpArray/Akitsu/20240812_1200.wav,1.0406369,0.044152044,1.0818402,0.99905014,0.010660157
../TrueNAS/nies_audio_recording/2024/ChirpArray/Akitsu/20240812_1210.wav,1.0334593,0.12734205,1.0942051,0.99476504,-0.017541021
../TrueNAS/nies_audio_recording/2024/ChirpArray/Akitsu/20240812_1300.wav,1.0493047,0.16715865,1.0877346,0.98986924,-0.021435335
../TrueNAS/nies_audio_recording/2024/ChirpArray/Akitsu/20240812_1310.wav,1.0614492,0.013425365,1.0770754,0.9830855,-0.016042247
../TrueNAS/nies_audio_recording/2024/ChirpArray/Akitsu/20240812_1400.wav,1.0592513,0.013968869,1.0637605,0.9000755,-0.014448553
../TrueNAS/nies_audio_recording/2024/ChirpArray/Akitsu/20240812_1410.wav,1.030643,0.41593254,1.0673685,0.968339,-0.010042876
../TrueNAS/nies_audio_recording/2024/ChirpArray/Akitsu/20240812_1500.wav,1.045916,0.32737178,1.0453978,0.9480633,-0.018270344
../TrueNAS/nies_audio_recording/2024/ChirpArray/Akitsu/20240812_1510.wav,1.0320107,0.12882103,1.060827,0.9192268,0.8524561
../TrueNAS/nies_audio_recording/2024/ChirpArray/Akitsu/20240812_1600.wav,1.045183,0.06564002,0.078089625,0.8547238,-0.020991325
../TrueNAS/nies_audio_recording/2024/ChirpArray/Akitsu/20240812_1610.wav,1.0522977,0.083472915,1.0775224,0.9917795,-0.011271194
../TrueNAS/nies_audio_recording/2024/ChirpArray/Akitsu/20240812_1700.wav,1.0543603,0.019340776,0.10597949,0.90532523,0.5319985
../TrueNAS/nies_audio_recording/2024/ChirpArray/Akitsu/20240812_1710.wav,1.0510718,0.21303438,1.0802609,0.97052014,1.0330343
../TrueNAS/nies_audio_recording/2024/ChirpArray/Akitsu/20240812_1800.wav,1.0535207,0.002821833,0.07663429,0.9374149,0.06531905
../TrueNAS/nies_audio_recording/2024/ChirpArray/Akitsu/20240812_1810.wav,1.0493511,0.0033529922,0.45606664,0.9045062,-0.01284337
../TrueNAS/nies_audio_recording/2024/ChirpArray/Akitsu/20240812_1900.wav,1.080527,0.07151581,0.061890226,0.84635264,0.014855191
../TrueNAS/nies_audio_recording/2024/ChirpArray/Akitsu/20240812_1910.wav,0.38854066,0.005537387,0.004176665,0.008929148,0.016923368
../TrueNAS/nies_audio_recording/2024/ChirpArray/Akitsu/20240812_2000.wav,0.36092764,0.039768443,0.0059217773,0.0027696416,0.013188567
../TrueNAS/nies_audio_recording/2024/ChirpArray/Akitsu/20240812_2010.wav,0.27541465,0.4373694,-0.005799204,0.006574586,0.022622481
../TrueNAS/nies_audio_recording/2024/ChirpArray/Akitsu/20240812_2100.wav,0.083640054,0.028619096,-0.0058197454,0.0065137222,0.02259612
../TrueNAS/nies_audio_recording/2024/ChirpArray/Akitsu/20240812_2110.wav,0.026870836,0.005439516,-0.0024846233,0.0067265257,0.029611945
../TrueNAS/nies_audio_recording/2024/ChirpArray/Akitsu/20240812_2200.wav,0.030185323,0.13717821,-0.0067747124,0.0016407818,0.030716404
../TrueNAS/nies_audio_recording/2024/ChirpArray/Akitsu/20240812_2210.wav,0.0268991,0.8667369,-0.0018244982,-0.0020761117,0.02937536
../TrueNAS/nies_audio_recording/2024/ChirpArray/Akitsu/20240812_2300.wav,0.033042736,0.055212595,-0.013217613,0.0021857321,0.029266134
../TrueNAS/nies_audio_recording/2024/ChirpArray/Akitsu/20240812_2310.wav,0.18959898,0.025142651,-0.010625701,0.0062703937,0.022426613
../TrueNAS/nies_audio_recording/2024/ChirpArray/Akitsu/20240813_0000.wav,1.0316248,0.09416747,0.06970982,0.81305856,-0.013278887
../TrueNAS/nies_audio_recording/2024/ChirpArray/Akitsu/20240813_0100.wav,0.8754232,0.07496951,0.015201505,0.0058175996,0.032366395
../TrueNAS/nies_audio_recording/2024/ChirpArray/Akitsu/20240813_0110.wav,0.032860577,0.00358814,-0.012050383,-0.0048253387,0.029223427
../TrueNAS/nies_audio_recording/2024/ChirpArray/Akitsu/20240813_0200.wav,0.02916672,0.07645387,-0.007301636,0.013717189,0.023671634
../TrueNAS/nies_audio_recording/2024/ChirpArray/Akitsu/20240813_0210.wav,0.036141574,0.14618208,-0.0017690174,0.017365038,0.026368648
../TrueNAS/nies_audio_recording/2024/ChirpArray/Akitsu/20240813_0300.wav,0.036156304,0.079213984,0.0023005158,0.096890934,0.014041763
../TrueNAS/nies_audio_recording/2024/ChirpArray/Akitsu/20240813_0310.wav,0.03357507,0.029384477,-0.0029193908,0.032450125,0.01867155
../TrueNAS/nies_audio_recording/2024/ChirpArray/Akitsu/20240813_0400.wav,0.032721862,0.004509233,-0.0060061216,-0.004145786,0.025405511
../TrueNAS/nies_audio_recording/2024/ChirpArray/Akitsu/20240813_0410.wav,0.045414053,0.9574829,-0.00042865798,0.0064121485,0.027200632
../TrueNAS/nies_audio_recording/2024/ChirpArray/Akitsu/20240813_0500.wav,1.0197119,0.70798343,1.1277,1.0605079,1.0470195
../TrueNAS/nies_audio_recording/2024/ChirpArray/Akitsu/20240813_0510.wav,1.0121634,0.88916785,1.111094,0.9869332,1.0619435
../TrueNAS/nies_audio_recording/2024/ChirpArray/Akitsu/20240813_0600.wav,0.15086886,0.3733837,1.02257,1.0368186,0.9297185
../TrueNAS/nies_audio_recording/2024/ChirpArray/Akitsu/20240813_0610.wav,0.112796456,0.6567284,1.0286816,1.0216577,0.7443533
../TrueNAS/nies_audio_recording/2024/ChirpArray/Akitsu/20240813_0700.wav,0.047142632,0.024417248,0.91574806,0.32133976,1.0177815
../TrueNAS/nies_audio_recording/2024/ChirpArray/Akitsu/20240813_0710.wav,0.074559756,0.2523061,1.029727,1.0006642,0.6695918
../TrueNAS/nies_audio_recording/2024/ChirpArray/Akitsu/20240813_0800.wav,0.09314355,0.09940651,1.0840968,0.99196726,1.0419692
../TrueNAS/nies_audio_recording/2024/ChirpArray/Akitsu/20240813_0810.wav,0.19167978,0.87366605,1.1089875,1.0450654,1.0653601
../TrueNAS/nies_audio_recording/2024/ChirpArray/Akitsu/20240813_0900.wav,0.12188271,0.8709103,0.56689954,0.9651773,0.65108764
../TrueNAS/nies_audio_recording/2024/ChirpArray/Akitsu/20240813_0910.wav,0.1330436,0.07786408,0.02595782,0.95231956,0.95208585
../TrueNAS/nies_audio_recording/2024/ChirpArray/Akitsu/20240813_1000.wav,1.059527,0.60855526,1.1083896,1.0360008,1.0591521
../TrueNAS/nies_audio_recording/2024/ChirpArray/Akitsu/20240813_1010.wav,0.9965623,0.5430624,1.0561848,1.0054611,1.0279219
../TrueNAS/nies_audio_recording/2024/ChirpArray/Akitsu/20240813_1100.wav,1.0353264,0.01757551,1.0967836,1.0039561,0.016782
../TrueNAS/nies_audio_recording/2024/ChirpArray/Akitsu/20240813_1110.wav,1.0662373,0.08487421,0.07353957,0.9485017,0.91257596
../TrueNAS/nies_audio_recording/2024/ChirpArray/Akitsu/20240813_1200.wav,1.0495917,0.3751313,1.1336328,1.0122347,1.0445975
../TrueNAS/nies_audio_recording/2024/ChirpArray/Akitsu/20240813_1210.wav,1.0319414,0.5271005,1.0887805,1.0025722,-0.01114624
../TrueNAS/nies_audio_recording/2024/ChirpArray/Akitsu/20240813_1300.wav,1.0540884,0.8312647,1.0653881,0.9674732,0.83222175
../TrueNAS/nies_audio_recording/2024/ChirpArray/Akitsu/20240813_1310.wav,1.0419016,0.7494678,1.0652124,0.9646602,0.93694115
../TrueNAS/nies_audio_recording/2024/ChirpArray/Akitsu/20240813_1400.wav,1.0568678,0.6128455,1.0625443,1.0107718,0.8731934
../TrueNAS/nies_audio_recording/2024/ChirpArray/Akitsu/20240813_1410.wav,1.0410236,0.060955033,1.0703212,0.96773255,-0.016679764
../TrueNAS/nies_audio_recording/2024/ChirpArray/Akitsu/20240813_1500.wav,1.0389643,0.39259928,1.0669087,0.96791357,-0.010880053
../TrueNAS/nies_audio_recording/2024/ChirpArray/Akitsu/20240813_1510.wav,1.0622089,0.3364023,1.0799513,0.9714346,0.40198258
../TrueNAS/nies_audio_recording/2024/ChirpArray/Akitsu/20240813_1600.wav,1.04704,0.087421544,1.0753726,0.9727758,1.0336466
../TrueNAS/nies_audio_recording/2024/ChirpArray/Akitsu/20240813_1610.wav,1.0460331,0.14784972,1.0627497,0.9631477,0.96056104
../TrueNAS/nies_audio_recording/2024/ChirpArray/Akitsu/20240813_1700.wav,1.0460957,0.02752705,1.0821909,0.9547064,-0.016186282
../TrueNAS/nies_audio_recording/2024/ChirpArray/Akitsu/20240813_1710.wav,1.0308183,0.18954201,1.0577306,0.91151685,1.0044184
../TrueNAS/nies_audio_recording/2024/ChirpArray/Akitsu/20240813_1800.wav,1.0324748,0.3248077,1.050904,0.95552677,0.97236276
../TrueNAS/nies_audio_recording/2024/ChirpArray/Akitsu/20240813_1810.wav,1.049446,0.029851321,1.0200294,0.91106665,0.9782171
../TrueNAS/nies_audio_recording/2024/ChirpArray/Akitsu/20240813_1900.wav,0.86874264,0.005356608,0.026748102,0.044919994,0.013772871
../TrueNAS/nies_audio_recording/2024/ChirpArray/Akitsu/20240813_1910.wav,0.8199268,0.17674391,0.029726308,0.020198211,0.0019756965
../TrueNAS/nies_audio_recording/2024/ChirpArray/Akitsu/20240813_2000.wav,0.3123054,0.863782,-0.00036830455,0.024323583,0.0012122467
../TrueNAS/nies_audio_recording/2024/ChirpArray/Akitsu/20240813_2010.wav,0.38281634,0.61162513,-2.1263957e-05,0.003084056,0.015618205
../TrueNAS/nies_audio_recording/2024/ChirpArray/Akitsu/20240813_2100.wav,0.018779732,0.004792303,-0.012589484,-0.010128945,0.017299168
../TrueNAS/nies_audio_recording/2024/ChirpArray/Akitsu/20240813_2110.wav,0.031139284,0.6486228,-0.01145459,-8.800626e-05,0.025764257
../TrueNAS/nies_audio_recording/2024/ChirpArray/Akitsu/20240813_2200.wav,0.033761438,0.0152147,-0.010564208,-0.0022568256,0.030169696
../TrueNAS/nies_audio_recording/2024/ChirpArray/Akitsu/20240813_2210.wav,0.03052248,0.010814533,-0.0063367225,0.14451927,0.029495753
../TrueNAS/nies_audio_recording/2024/ChirpArray/Akitsu/20240813_2300.wav,0.8069512,0.008750016,0.028810378,0.017742485,0.014668807
../TrueNAS/nies_audio_recording/2024/ChirpArray/Akitsu/20240813_2310.wav,0.609915,0.0046307407,0.009420399,0.002438791,0.017239623
../TrueNAS/nies_audio_recording/2024/ChirpArray/Akitsu/20240814_0000.wav,1.0122737,0.15296216,0.13183415,0.6755497,-0.022875205
../TrueNAS/nies_audio_recording/2024/ChirpArray/Akitsu/20240814_0100.wav,0.9993151,0.04294149,0.05878989,0.09403389,0.016630381
../TrueNAS/nies_audio_recording/2024/ChirpArray/Akitsu/20240814_0110.wav,0.95492774,0.063541494,0.032216337,0.023825116,0.016520597
../TrueNAS/nies_audio_recording/2024/ChirpArray/Akitsu/20240814_0200.wav,0.024021812,0.0014297962,-0.009833902,-0.003781423,0.024820268
../TrueNAS/nies_audio_recording/2024/ChirpArray/Akitsu/20240814_0210.wav,0.025440961,0.034311015,-0.01119642,-0.007794276,0.02523546
../TrueNAS/nies_audio_recording/2024/ChirpArray/Akitsu/20240814_0300.wav,0.014066257,0.0104010515,-0.010270014,-0.006264791,0.009932108
../TrueNAS/nies_audio_recording/2024/ChirpArray/Akitsu/20240814_0310.wav,0.02223396,-0.0006354358,-0.011319973,0.0003413707,0.019043691
../TrueNAS/nies_audio_recording/2024/ChirpArray/Akitsu/20240814_0400.wav,0.012838617,0.0029640906,-0.01652586,-0.010274142,0.015530169
../TrueNAS/nies_audio_recording/2024/ChirpArray/Akitsu/20240814_0410.wav,0.017431356,0.006550908,-0.016442388,-0.007608533,0.024702385
../TrueNAS/nies_audio_recording/2024/ChirpArray/Akitsu/20240814_0500.wav,1.0259607,0.70693666,1.0800515,0.9893299,1.0735415
../TrueNAS/nies_audio_recording/2024/ChirpArray/Akitsu/20240814_0510.wav,0.12849584,0.6716961,1.0244783,0.22281212,0.9947579
../TrueNAS/nies_audio_recording/2024/ChirpArray/Akitsu/20240814_0600.wav,0.8930819,0.38003218,0.988979,0.9841463,0.04165657
../TrueNAS/nies_audio_recording/2024/ChirpArray/Akitsu/20240814_0612.wav,0.17881873,0.73404306,1.0378937,1.0546765,0.9545312
../TrueNAS/nies_audio_recording/2024/ChirpArray/Akitsu/20240814_0700.wav,0.18833348,0.11364475,1.0687343,1.0466262,1.0219383
../TrueNAS/nies_audio_recording/2024/ChirpArray/Akitsu/20240814_0710.wav,0.080648944,0.5658007,1.0556316,1.0071511,1.0394726
../TrueNAS/nies_audio_recording/2024/ChirpArray/Akitsu/20240814_0800.wav,0.17572388,0.8682891,1.067937,0.99962294,1.0615952
../TrueNAS/nies_audio_recording/2024/ChirpArray/Akitsu/20240814_0810.wav,0.2520397,0.6828596,1.0618461,0.99450487,1.0338945
../TrueNAS/nies_audio_recording/2024/ChirpArray/Akitsu/20240814_0900.wav,0.3104713,0.80916077,1.0914148,1.0486532,1.0375608
../TrueNAS/nies_audio_recording/2024/ChirpArray/Akitsu/20240814_0910.wav,0.14214602,0.22652888,1.1237185,1.0545737,1.0585103
../TrueNAS/nies_audio_recording/2024/ChirpArray/Akitsu/20240814_1000.wav,0.084174536,0.021322072,0.028263304,0.9281292,1.032031
../TrueNAS/nies_audio_recording/2024/ChirpArray/Akitsu/20240814_1010.wav,0.14408338,0.8482566,1.0489933,0.9917714,1.0586807
../TrueNAS/nies_audio_recording/2024/ChirpArray/Akitsu/20240814_1100.wav,1.0566878,0.0013149343,0.42659566,0.8835872,0.97208846
../TrueNAS/nies_audio_recording/2024/ChirpArray/Akitsu/20240814_1110.wav,1.0450405,0.016980361,0.080694124,0.88290465,0.9624828
../TrueNAS/nies_audio_recording/2024/ChirpArray/Akitsu/20240814_1200.wav,1.0393045,0.06619884,1.0833935,0.9461718,0.976467
../TrueNAS/nies_audio_recording/2024/ChirpArray/Akitsu/20240814_1210.wav,1.0523272,0.9592293,1.080609,1.0105106,0.9826956
../TrueNAS/nies_audio_recording/2024/ChirpArray/Akitsu/20240814_1300.wav,1.0286362,0.04659482,0.9738158,0.84028035,0.91207016
../TrueNAS/nies_audio_recording/2024/ChirpArray/Akitsu/20240814_1310.wav,1.0309076,0.69699544,1.0659176,0.7416356,-0.004362218
../TrueNAS/nies_audio_recording/2024/ChirpArray/Akitsu/20240814_1400.wav,1.0632693,0.15017605,0.1605166,0.90445274,0.8209839
../TrueNAS/nies_audio_recording/2024/ChirpArray/Akitsu/20240814_1410.wav,1.0429431,0.014972119,1.0758635,0.9759535,-0.015726164
../TrueNAS/nies_audio_recording/2024/ChirpArray/Akitsu/20240814_1500.wav,1.0474207,0.009533191,0.29663622,0.95307714,0.7769053
../TrueNAS/nies_audio_recording/2024/ChirpArray/Akitsu/20240814_1510.wav,1.0449308,0.27027816,1.0686477,0.9818532,0.03072828
../TrueNAS/nies_audio_recording/2024/ChirpArray/Akitsu/20240814_1600.wav,1.0531331,0.14570317,1.0390309,0.9499144,0.8891547
../TrueNAS/nies_audio_recording/2024/ChirpArray/Akitsu/20240814_1610.wav,1.0425328,0.048893556,1.0742403,0.9876822,0.9767343
../TrueNAS/nies_audio_recording/2024/ChirpArray/Akitsu/20240814_1700.wav,1.0474721,-0.0009823255,0.16003197,0.8862439,0.93432045
../TrueNAS/nies_audio_recording/2024/ChirpArray/Akitsu/20240814_1710.wav,1.0341792,0.22884615,1.0848305,0.9904348,0.9697139
../TrueNAS/nies_audio_recording/2024/ChirpArray/Akitsu/20240814_1800.wav,1.0496976,0.046503674,1.0571328,0.969924,0.97450984
../TrueNAS/nies_audio_recording/2024/ChirpArray/Akitsu/20240814_1810.wav,1.0379072,0.04615029,1.0601724,0.96570206,1.0243104
../TrueNAS/nies_audio_recording/2024/ChirpArray/Akitsu/20240814_1900.wav,0.6323568,0.0010600612,0.028600138,0.017302446,0.0013571456
../TrueNAS/nies_audio_recording/2024/ChirpArray/Akitsu/20240814_1910.wav,0.42340392,-0.0021822639,0.008538149,0.031970993,-0.0006464943
../TrueNAS/nies_audio_recording/2024/ChirpArray/Akitsu/20240814_2000.wav,0.3497585,-0.0009874813,-0.0047813915,0.020473734,0.0018073544
../TrueNAS/nies_audio_recording/2024/ChirpArray/Akitsu/20240814_2010.wav,0.2989169,0.005779108,-0.009689759,0.023993239,0.0027472042
../TrueNAS/nies_audio_recording/2024/ChirpArray/Akitsu/20240814_2100.wav,0.048942953,0.20425999,-0.010412689,-0.0010977313,0.02642829
../TrueNAS/nies_audio_recording/2024/ChirpArray/Akitsu/20240814_2110.wav,0.055150058,0.081413105,-0.0035341308,0.0063791126,0.028603189
../TrueNAS/nies_audio_recording/2024/ChirpArray/Akitsu/20240814_2200.wav,0.02656829,0.34046382,-0.0035118163,0.013329461,0.030665524
../TrueNAS/nies_audio_recording/2024/ChirpArray/Akitsu/20240814_2210.wav,0.030118417,0.0069958232,-0.014823824,-0.0016370565,0.032337867
../TrueNAS/nies_audio_recording/2024/ChirpArray/Akitsu/20240814_2300.wav,0.022035066,0.008947929,-0.011263523,-3.954768e-05,0.025106296
../TrueNAS/nies_audio_recording/2024/ChirpArray/Akitsu/20240814_2310.wav,0.023116272,0.007282216,-0.008566227,0.002584152,0.02878271
../TrueNAS/nies_audio_recording/2024/ChirpArray/Akitsu/20240815_0000.wav,0.015472859,0.021006411,-0.0019215457,0.0001206696,0.021455303
../TrueNAS/nies_audio_recording/2024/ChirpArray/Akitsu/20240815_0100.wav,0.02208941,0.010734383,-0.0021804608,0.013119139,0.017722383
../TrueNAS/nies_audio_recording/2024/ChirpArray/Akitsu/20240815_0110.wav,0.029583748,0.019150702,-0.0070203766,0.00041399896,0.024720132
../TrueNAS/nies_audio_recording/2024/ChirpArray/Akitsu/20240815_0200.wav,0.018918373,0.009420311,-0.009608403,0.0021400899,0.021082684
../TrueNAS/nies_audio_recording/2024/ChirpArray/Akitsu/20240815_0210.wav,0.026971329,0.004400581,-0.004831884,-0.0005532354,0.025473759
../TrueNAS/nies_audio_recording/2024/ChirpArray/Akitsu/20240815_0300.wav,0.029246788,0.007657429,-0.007561136,0.0036631078,0.029933788
../TrueNAS/nies_audio_recording/2024/ChirpArray/Akitsu/20240815_0310.wav,0.036934923,0.0015247632,-0.006514523,0.0059186965,0.027264483
../TrueNAS/nies_audio_recording/2024/ChirpArray/Akitsu/20240815_0400.wav,0.026258126,0.16991077,-0.011441171,0.05725583,0.023070656
../TrueNAS/nies_audio_recording/2024/ChirpArray/Akitsu/20240815_0410.wav,0.019116297,-0.00022798218,-0.014576033,-0.000933066,0.024417996
../TrueNAS/nies_audio_recording/2024/ChirpArray/Akitsu/20240815_0500.wav,0.23438421,0.6057442,1.0789369,0.9857179,1.0623379
../TrueNAS/nies_audio_recording/2024/ChirpArray/Akitsu/20240815_0510.wav,0.043455206,0.3597952,0.9918591,0.23990947,0.027046703
../TrueNAS/nies_audio_recording/2024/ChirpArray/Akitsu/20240815_0600.wav,0.19895129,0.610472,1.0332464,0.2606665,1.0132213
../TrueNAS/nies_audio_recording/2024/ChirpArray/Akitsu/20240815_0610.wav,0.06292606,0.30991882,1.0898864,0.155361,1.059953
../TrueNAS/nies_audio_recording/2024/ChirpArray/Akitsu/20240815_0700.wav,0.9830056,0.40548772,1.0830935,1.0438523,0.96593106
../TrueNAS/nies_audio_recording/2024/ChirpArray/Akitsu/20240815_0710.wav,0.62543637,0.85667294,1.072445,1.0242691,0.9661337
../TrueNAS/nies_audio_recording/2024/ChirpArray/Akitsu/20240815_0800.wav,0.12062289,0.10372281,1.0718471,0.101446696,1.0608697
../TrueNAS/nies_audio_recording/2024/ChirpArray/Akitsu/20240815_0810.wav,0.0893811,0.86016625,1.0968463,1.0408158,1.071355
../TrueNAS/nies_audio_recording/2024/ChirpArray/Akitsu/20240815_0900.wav,1.0651984,0.5446245,1.0967406,1.0542881,1.0662713
../TrueNAS/nies_audio_recording/2024/ChirpArray/Akitsu/20240815_0910.wav,1.0332348,0.4527039,1.0731763,1.0137273,0.018693313
../TrueNAS/nies_audio_recording/2024/ChirpArray/Akitsu/20240815_1000.wav,1.0028824,0.5517531,1.121554,1.0234835,1.0553836
../TrueNAS/nies_audio_recording/2024/ChirpArray/Akitsu/20240815_1010.wav,0.92447966,0.8702863,1.0475224,0.9659267,1.032656
../TrueNAS/nies_audio_recording/2024/ChirpArray/Akitsu/20240815_1100.wav,1.0639982,0.3187995,1.0547141,0.97577065,0.94267225
../TrueNAS/nies_audio_recording/2024/ChirpArray/Akitsu/20240815_1110.wav,1.0495825,0.17641284,0.0691576,0.8909939,1.0360839
../TrueNAS/nies_audio_recording/2024/ChirpArray/Akitsu/20240815_1200.wav,1.025154,0.027531182,1.0179602,0.31458497,0.029295355
../TrueNAS/nies_audio_recording/2024/ChirpArray/Akitsu/20240815_1210.wav,1.0295502,0.16804169,1.0645481,0.9906694,-0.008163571
../TrueNAS/nies_audio_recording/2024/ChirpArray/Akitsu/20240815_1300.wav,1.029922,0.21394373,1.0886304,0.973828,0.95408475
../TrueNAS/nies_audio_recording/2024/ChirpArray/Akitsu/20240815_1310.wav,1.03629,0.15605605,1.0766455,1.0149338,0.67720497
../TrueNAS/nies_audio_recording/2024/ChirpArray/Akitsu/20240815_1400.wav,1.0447384,0.3641941,1.0564375,0.9651646,0.5109687
../TrueNAS/nies_audio_recording/2024/ChirpArray/Akitsu/20240815_1410.wav,1.0222372,0.84214145,1.0585878,0.9005471,0.9903749
../TrueNAS/nies_audio_recording/2024/ChirpArray/Akitsu/20240815_1500.wav,1.039403,0.6398698,1.0894883,0.9464992,0.9980252
../TrueNAS/nies_audio_recording/2024/ChirpArray/Akitsu/20240815_1510.wav,1.0380167,0.68998456,1.0395705,0.92926365,0.860631
../TrueNAS/nies_audio_recording/2024/ChirpArray/Akitsu/20240815_1600.wav,1.0271677,0.016349781,1.05063,0.8669281,0.81041205
../TrueNAS/nies_audio_recording/2024/ChirpArray/Akitsu/20240815_1610.wav,1.0158359,0.114383645,1.0827006,0.80648375,1.0026948
../TrueNAS/nies_audio_recording/2024/ChirpArray/Akitsu/20240815_1700.wav,1.0457618,0.031910356,1.0762218,0.983089,0.9196845
../TrueNAS/nies_audio_recording/2024/ChirpArray/Akitsu/20240815_1710.wav,1.0555512,0.8084249,1.083958,0.99955463,0.9524884
../TrueNAS/nies_audio_recording/2024/ChirpArray/Akitsu/20240815_1800.wav,1.0303828,0.004934322,1.0828779,1.0114539,0.99254847
../TrueNAS/nies_audio_recording/2024/ChirpArray/Akitsu/20240815_1810.wav,1.0503583,0.4929884,1.0517654,0.8775507,0.8999733
../TrueNAS/nies_audio_recording/2024/ChirpArray/Akitsu/20240815_1900.wav,0.8150272,0.32517552,0.031537008,0.059190236,0.0067941174
../TrueNAS/nies_audio_recording/2024/ChirpArray/Akitsu/20240815_1910.wav,0.37370545,0.000930883,0.0063009784,0.03648323,0.009376682
../TrueNAS/nies_audio_recording/2024/ChirpArray/Akitsu/20240815_2000.wav,0.12621322,0.0009770542,0.004676193,0.011154041,0.0069989376
../TrueNAS/nies_audio_recording/2024/ChirpArray/Akitsu/20240815_2010.wav,0.2885139,0.5203213,-0.0045774765,0.015357524,0.013063826
../TrueNAS/nies_audio_recording/2024/ChirpArray/Akitsu/20240815_2100.wav,0.09228747,0.01381504,-0.01121993,-0.008481815,0.01980552
../TrueNAS/nies_audio_recording/2024/ChirpArray/Akitsu/20240815_2110.wav,0.12373683,0.002292581,-0.00483964,-0.002601847,0.022241585
../TrueNAS/nies_audio_recording/2024/ChirpArray/Akitsu/20240815_2200.wav,0.039604023,0.12066789,-0.012241907,-0.0041731,0.031918265
../TrueNAS/nies_audio_recording/2024/ChirpArray/Akitsu/20240815_2210.wav,0.08404956,0.012111774,-0.0063372776,-0.00046741962,0.027886525
../TrueNAS/nies_audio_recording/2024/ChirpArray/Akitsu/20240815_2300.wav,0.022186533,0.1969772,-0.012994554,-0.014960796,0.028453395
../TrueNAS/nies_audio_recording/2024/ChirpArray/Akitsu/20240815_2310.wav,0.027816042,0.16720124,-0.010503411,0.015060559,0.029820211
../TrueNAS/nies_audio_recording/2024/ChirpArray/Akitsu/20240816_0000.wav,0.11570503,0.034875803,-0.008672673,0.02266021,0.031554997
../TrueNAS/nies_audio_recording/2024/ChirpArray/Akitsu/20240816_0100.wav,0.12518059,0.021137714,-0.001989346,0.014866866,0.020050451
../TrueNAS/nies_audio_recording/2024/ChirpArray/Akitsu/20240816_0110.wav,0.120742574,0.03186334,-0.00053871796,0.025317416,0.020327777
../TrueNAS/nies_audio_recording/2024/ChirpArray/Akitsu/20240816_0200.wav,0.036586516,0.002374068,-0.0029284246,0.0009898841,0.028702512
../TrueNAS/nies_audio_recording/2024/ChirpArray/Akitsu/20240816_0210.wav,0.033639148,0.07807288,-0.0033471473,-0.0052860677,0.0353927
../TrueNAS/nies_audio_recording/2024/ChirpArray/Akitsu/20240816_0300.wav,0.027581468,0.004401181,0.0011566691,-0.0014231727,0.027827367
../TrueNAS/nies_audio_recording/2024/ChirpArray/Akitsu/20240816_0310.wav,0.024240345,0.021770999,-0.0054349117,-0.00015600026,0.022264525
../TrueNAS/nies_audio_recording/2024/ChirpArray/Akitsu/20240816_0400.wav,0.07383014,0.9038219,0.0063428767,0.035731524,0.029554784
../TrueNAS/nies_audio_recording/2024/ChirpArray/Akitsu/20240816_0410.wav,0.06217972,0.63764,0.0047954656,0.0740915,0.2213501
../TrueNAS/nies_audio_recording/2024/ChirpArray/Akitsu/20240816_0500.wav,1.021368,0.30891228,1.0277029,0.9213379,0.016982198
../TrueNAS/nies_audio_recording/2024/ChirpArray/Akitsu/20240816_0510.wav,0.55327076,0.6744924,0.9520813,0.07184592,1.0217855
../TrueNAS/nies_audio_recording/2024/ChirpArray/Akitsu/20240816_0600.wav,0.029951796,0.04556962,-0.002508577,0.017622232,0.021713763
../TrueNAS/nies_audio_recording/2024/ChirpArray/Akitsu/20240816_0610.wav,0.05605389,0.80199426,0.9938972,0.14657062,0.0267687
../TrueNAS/nies_audio_recording/2024/ChirpArray/Akitsu/20240816_0700.wav,0.036404267,0.34737903,0.009726759,0.014739744,0.5642593
../TrueNAS/nies_audio_recording/2024/ChirpArray/Akitsu/20240816_0710.wav,0.051713184,0.057368793,-0.0046631396,0.7501599,0.02397737
../TrueNAS/nies_audio_recording/2024/ChirpArray/Akitsu/20240816_0800.wav,0.046911187,0.3992362,1.0347605,0.29275006,1.0057372
../TrueNAS/nies_audio_recording/2024/ChirpArray/Akitsu/20240816_0810.wav,0.99017686,0.4395916,1.0387127,1.0134494,1.0399214
../TrueNAS/nies_audio_recording/2024/ChirpArray/Akitsu/20240816_0900.wav,0.805341,0.76794,0.03646225,0.8660669,1.0148131
../TrueNAS/nies_audio_recording/2024/ChirpArray/Akitsu/20240816_0910.wav,0.036679275,0.25758904,0.0096182935,0.018714137,0.012413733
../TrueNAS/nies_audio_recording/2024/ChirpArray/Akitsu/20240816_1000.wav,1.0363683,0.38544697,1.0401831,0.8071882,0.0007659495
../TrueNAS/nies_audio_recording/2024/ChirpArray/Akitsu/20240816_1010.wav,1.0440608,0.44213837,1.0781702,1.0129069,0.945143
../TrueNAS/nies_audio_recording/2024/ChirpArray/Akitsu/20240816_1100.wav,1.0490469,0.47507071,1.0792563,0.9999641,0.087136656
../TrueNAS/nies_audio_recording/2024/ChirpArray/Akitsu/20240816_1110.wav,1.0337628,0.027856514,1.0571939,0.9499466,-0.0032370538
../TrueNAS/nies_audio_recording/2024/ChirpArray/Akitsu/20240816_1200.wav,1.0274845,0.13370714,0.8992331,0.60235286,0.29699907
../TrueNAS/nies_audio_recording/2024/ChirpArray/Akitsu/20240816_1210.wav,1.0439317,0.07034474,0.5916882,0.8887209,0.9586985
../TrueNAS/nies_audio_recording/2024/ChirpArray/Akitsu/20240816_1300.wav,1.0261059,0.3554054,0.17524298,0.86008734,-0.017597869
../TrueNAS/nies_audio_recording/2024/ChirpArray/Akitsu/20240816_1310.wav,1.0657508,0.37707865,1.0084782,0.9469483,-0.014571279
../TrueNAS/nies_audio_recording/2024/ChirpArray/Akitsu/20240816_1400.wav,1.0378792,0.6614376,1.063339,0.98218584,0.00018428266
../TrueNAS/nies_audio_recording/2024/ChirpArray/Akitsu/20240816_1410.wav,1.0580193,0.091766424,1.079018,0.977355,-0.0098432
../TrueNAS/nies_audio_recording/2024/ChirpArray/Akitsu/20240816_1500.wav,1.0546563,0.43003,1.055986,0.9633897,0.728686
../TrueNAS/nies_audio_recording/2024/ChirpArray/Akitsu/20240816_1510.wav,1.038551,0.3447464,0.7899972,0.82799953,-0.007030815
../TrueNAS/nies_audio_recording/2024/ChirpArray/Akitsu/20240816_1600.wav,1.0341121,0.3254648,0.22053759,0.814263,-0.011401534
../TrueNAS/nies_audio_recording/2024/ChirpArray/Akitsu/20240816_1610.wav,1.0321863,0.5138762,1.0520536,0.72949713,0.37491712
../TrueNAS/nies_audio_recording/2024/ChirpArray/Akitsu/20240816_1700.wav,1.0260825,0.9091757,0.98244536,0.6745905,0.309684
../TrueNAS/nies_audio_recording/2024/ChirpArray/Akitsu/20240816_1710.wav,1.0340532,0.14922933,1.0442251,0.9112677,0.9268091
../TrueNAS/nies_audio_recording/2024/ChirpArray/Akitsu/20240816_1800.wav,1.0360521,0.11344248,0.14561298,0.640768,0.4756998
../TrueNAS/nies_audio_recording/2024/ChirpArray/Akitsu/20240816_1810.wav,1.0403558,0.21439515,0.86205065,0.7476763,0.57102275
../TrueNAS/nies_audio_recording/2024/ChirpArray/Akitsu/20240816_1900.wav,0.25497517,0.7837114,0.020309541,0.04766623,0.34245285
../TrueNAS/nies_audio_recording/2024/ChirpArray/Akitsu/20240816_1910.wav,0.12794669,0.278257,0.06316413,0.2903673,0.21377864
../TrueNAS/nies_audio_recording/2024/ChirpArray/Akitsu/20240816_2000.wav,0.49782187,0.8562569,0.942168,0.90563685,0.75252616
../TrueNAS/nies_audio_recording/2024/ChirpArray/Akitsu/20240816_2010.wav,0.075914994,0.07713021,-0.0004988834,0.0018437505,0.1530599
../TrueNAS/nies_audio_recording/2024/ChirpArray/Akitsu/20240816_2100.wav,0.1120802,0.103651986,0.0077821426,0.01023531,0.13187928
../TrueNAS/nies_audio_recording/2024/ChirpArray/Akitsu/20240816_2112.wav,0.07170968,0.11060818,0.0013125055,0.012897044,0.050365955
../TrueNAS/nies_audio_recording/2024/ChirpArray/Akitsu/20240816_2200.wav,0.0642174,0.044416964,-0.009665046,0.0010444894,0.012701195
../TrueNAS/nies_audio_recording/2024/ChirpArray/Akitsu/20240816_2210.wav,0.0501187,0.028730268,-0.012310505,-0.005248755,0.014345624
../TrueNAS/nies_audio_recording/2024/ChirpArray/Akitsu/20240816_2300.wav,0.051884137,0.006068997,-0.010325078,0.017031774,0.025876008
../TrueNAS/nies_audio_recording/2024/ChirpArray/Akitsu/20240816_2310.wav,0.024585653,0.012115117,-0.010200471,-0.007911935,0.014093865
../TrueNAS/nies_audio_recording/2024/ChirpArray/Akitsu/20240817_0000.wav,0.030383103,0.014738886,-0.0059815943,0.00221657,0.016366534
../TrueNAS/nies_audio_recording/2024/ChirpArray/Akitsu/20240817_0100.wav,0.03013473,0.3328883,-0.008838426,0.042805582,0.0199816
../TrueNAS/nies_audio_recording/2024/ChirpArray/Akitsu/20240817_0110.wav,0.0321841,0.17233197,-0.0056386404,0.08567821,0.019867748
../TrueNAS/nies_audio_recording/2024/ChirpArray/Akitsu/20240817_0200.wav,0.058895517,0.22403504,-0.005114056,0.012789644,0.024483174
../TrueNAS/nies_audio_recording/2024/ChirpArray/Akitsu/20240817_0210.wav,0.03338378,-0.0012515672,-0.011531815,-0.0041375235,0.026396878
../TrueNAS/nies_audio_recording/2024/ChirpArray/Akitsu/20240817_0300.wav,0.04346267,0.058629904,0.00048346072,0.023384236,0.021923661
../TrueNAS/nies_audio_recording/2024/ChirpArray/Akitsu/20240817_0310.wav,0.035796598,0.016815227,-0.0029318817,0.014010489,0.012343049
../TrueNAS/nies_audio_recording/2024/ChirpArray/Akitsu/20240817_0400.wav,0.057758853,0.8961285,0.004959546,0.014496341,0.025367364
../TrueNAS/nies_audio_recording/2024/ChirpArray/Akitsu/20240817_0410.wav,0.036953717,0.066090524,-0.0009035766,0.010816082,0.025345273
../TrueNAS/nies_audio_recording/2024/ChirpArray/Akitsu/20240817_0500.wav,1.0330626,0.057697475,1.0966498,0.9944257,0.98323536
../TrueNAS/nies_audio_recording/2024/ChirpArray/Akitsu/20240817_0510.wav,0.99941814,0.4835124,1.1259584,0.946333,1.0621116
../TrueNAS/nies_audio_recording/2024/ChirpArray/Akitsu/20240817_0603.wav,0.1504491,0.7609043,1.0159944,0.78784806,0.0051714517
../TrueNAS/nies_audio_recording/2024/ChirpArray/Akitsu/20240817_0610.wav,0.3985095,0.7808265,1.1044437,0.53202176,1.0643649
../TrueNAS/nies_audio_recording/2024/ChirpArray/Akitsu/20240817_0700.wav,1.0068927,0.40665942,1.0832765,1.0520535,1.0373467
../TrueNAS/nies_audio_recording/2024/ChirpArray/Akitsu/20240817_0710.wav,1.0313793,0.7012846,1.0656275,1.0276126,-0.006199356
../TrueNAS/nies_audio_recording/2024/ChirpArray/Akitsu/20240817_0800.wav,0.9687967,0.73962456,1.1277667,1.05548,1.0653298
../TrueNAS/nies_audio_recording/2024/ChirpArray/Akitsu/20240817_0810.wav,0.7006773,0.86397195,1.1125466,1.0392671,1.0796012
../TrueNAS/nies_audio_recording/2024/ChirpArray/Akitsu/20240817_0900.wav,1.0339626,0.30988467,1.1034948,1.0300455,1.0304611
../TrueNAS/nies_audio_recording/2024/ChirpArray/Akitsu/20240817_0910.wav,1.0292344,0.18173115,1.0941116,1.0660964,0.999948
../TrueNAS/nies_audio_recording/2024/ChirpArray/Akitsu/20240817_1000.wav,1.0099665,0.64099723,1.1022538,1.036753,1.0742671
../TrueNAS/nies_audio_recording/2024/ChirpArray/Akitsu/20240817_1010.wav,1.0360814,0.28595603,1.1198733,1.0300744,1.0530407
../TrueNAS/nies_audio_recording/2024/ChirpArray/Akitsu/20240817_1100.wav,1.0299681,0.52916324,1.0694202,0.9962781,0.7532811
../TrueNAS/nies_audio_recording/2024/ChirpArray/Akitsu/20240817_1110.wav,1.0553691,0.1850942,1.0779516,1.0026051,0.93453467
../TrueNAS/nies_audio_recording/2024/ChirpArray/Akitsu/20240817_1200.wav,1.033783,0.6225104,1.1142935,1.0179261,1.0128713
../TrueNAS/nies_audio_recording/2024/ChirpArray/Akitsu/20240817_1210.wav,1.0639592,0.010678042,1.0717416,0.93216336,0.97444105
../TrueNAS/nies_audio_recording/2024/ChirpArray/Akitsu/20240817_1300.wav,1.0499603,0.7934854,1.074086,0.87007827,0.991894
../TrueNAS/nies_audio_recording/2024/ChirpArray/Akitsu/20240817_1310.wav,1.0540453,0.13328786,1.0857166,1.0054374,0.84098804
../TrueNAS/nies_audio_recording/2024/ChirpArray/Akitsu/20240817_1400.wav,1.050681,0.10685031,1.0740676,0.99049324,0.9877621
../TrueNAS/nies_audio_recording/2024/ChirpArray/Akitsu/20240817_1410.wav,1.0450839,0.11856343,1.0984753,1.0094607,1.0281892
../TrueNAS/nies_audio_recording/2024/ChirpArray/Akitsu/20240817_1504.wav,1.0586988,0.25457805,1.0905104,1.0161214,1.018069
../TrueNAS/nies_audio_recording/2024/ChirpArray/Akitsu/20240817_1510.wav,1.0478499,0.0129319085,1.0654875,0.98480123,0.93290234
../TrueNAS/nies_audio_recording/2024/ChirpArray/Akitsu/20240817_1600.wav,1.0509636,0.072179124,1.0540864,0.97868615,0.99174654
../TrueNAS/nies_audio_recording/2024/ChirpArray/Akitsu/20240817_1610.wav,1.0473682,0.10362786,1.0845407,1.0228314,0.998011
../TrueNAS/nies_audio_recording/2024/ChirpArray/Akitsu/20240817_1700.wav,1.0470645,0.2785864,1.087391,1.0167421,0.84984076
../TrueNAS/nies_audio_recording/2024/ChirpArray/Akitsu/20240817_1710.wav,1.0593798,0.32335883,1.1060482,1.0218611,1.0010644
../TrueNAS/nies_audio_recording/2024/ChirpArray/Akitsu/20240817_1800.wav,1.0456682,0.0047744364,1.043662,0.95097965,0.9730046
../TrueNAS/nies_audio_recording/2024/ChirpArray/Akitsu/20240817_1810.wav,1.0658002,0.023756392,0.91749555,0.98005855,0.9743732
../TrueNAS/nies_audio_recording/2024/ChirpArray/Akitsu/20240817_1900.wav,0.1780478,0.001985915,0.011079896,0.03358338,0.018604375
../TrueNAS/nies_audio_recording/2024/ChirpArray/Akitsu/20240817_1910.wav,0.19420952,-0.00087099895,-0.0029695146,0.004472077,0.009345021
../TrueNAS/nies_audio_recording/2024/ChirpArray/Akitsu/20240817_2000.wav,0.40395752,-0.0010541491,-0.0046493374,0.05598188,0.007033732
../TrueNAS/nies_audio_recording/2024/ChirpArray/Akitsu/20240817_2010.wav,0.3269428,0.68734735,-0.0017777085,0.028957695,0.013439536
../TrueNAS/nies_audio_recording/2024/ChirpArray/Akitsu/20240817_2100.wav,0.23139095,0.23315534,-0.0039001666,0.03974746,0.019762829
../TrueNAS/nies_audio_recording/2024/ChirpArray/Akitsu/20240817_2110.wav,0.19845667,0.9244708,0.002991546,0.027923778,0.019767351
../TrueNAS/nies_audio_recording/2024/ChirpArray/Akitsu/20240817_2200.wav,0.105126984,0.43099135,-0.00021572784,-0.0013077334,0.028478295
../TrueNAS/nies_audio_recording/2024/ChirpArray/Akitsu/20240817_2210.wav,0.09547442,0.95362985,-0.0016108416,0.0050753355,0.032220162
../TrueNAS/nies_audio_recording/2024/ChirpArray/Akitsu/20240817_2300.wav,0.038477123,0.9408339,0.0034783073,0.00021990389,0.029980667
../TrueNAS/nies_audio_recording/2024/ChirpArray/Akitsu/20240817_2310.wav,0.041030653,0.92436385,-0.004157942,0.0036447942,0.03303408
../TrueNAS/nies_audio_recording/2024/ChirpArray/Akitsu/20240818_0000.wav,0.023083776,0.00051628053,-0.009593785,-0.009056374,0.029288381
../TrueNAS/nies_audio_recording/2024/ChirpArray/Akitsu/20240818_0005.wav,0.05386208,0.020794313,-0.01155043,-0.011887178,0.026605368
../TrueNAS/nies_audio_recording/2024/ChirpArray/Akitsu/20240818_0100.wav,0.029743284,0.10132381,-0.0027069896,0.009447232,0.034649134
../TrueNAS/nies_audio_recording/2024/ChirpArray/Akitsu/20240818_0110.wav,0.04367113,0.8835903,0.0008325279,0.015838265,0.026747622
../TrueNAS/nies_audio_recording/2024/ChirpArray/Akitsu/20240818_0200.wav,0.032107837,0.36147082,-0.0068065412,0.0035287663,0.029732421
../TrueNAS/nies_audio_recording/2024/ChirpArray/Akitsu/20240818_0210.wav,0.030507922,0.7703669,-0.0013832934,0.037057832,0.031824738
../TrueNAS/nies_audio_recording/2024/ChirpArray/Akitsu/20240818_0300.wav,0.019501157,-0.0021505281,-0.008892551,-0.0048176497,0.020035192
../TrueNAS/nies_audio_recording/2024/ChirpArray/Akitsu/20240818_0310.wav,0.039411437,0.012200329,0.4705808,0.0030036122,0.025966614
../TrueNAS/nies_audio_recording/2024/ChirpArray/Akitsu/20240818_0400.wav,0.015318446,-0.008246489,-0.010058053,-0.0054234564,0.017543167
../TrueNAS/nies_audio_recording/2024/ChirpArray/Akitsu/20240818_0410.wav,0.013816766,-0.008291647,-0.006987769,0.003763318,0.01693575
../TrueNAS/nies_audio_recording/2024/ChirpArray/Akitsu/20240818_0500.wav,1.0374612,0.5483835,1.0934229,0.95946366,1.0172081
../TrueNAS/nies_audio_recording/2024/ChirpArray/Akitsu/20240818_0510.wav,0.94594187,0.3653196,1.0988643,0.31529367,1.0510085
../TrueNAS/nies_audio_recording/2024/ChirpArray/Akitsu/20240818_0600.wav,0.09791683,0.038261555,0.94825256,0.95458645,0.7390429
../TrueNAS/nies_audio_recording/2024/ChirpArray/Akitsu/20240818_0610.wav,0.53728956,0.83521324,1.0300823,1.0269347,1.0469139
../TrueNAS/nies_audio_recording/2024/ChirpArray/Akitsu/20240818_0700.wav,1.0663196,0.044987,0.07821557,0.9286771,0.9945618
../TrueNAS/nies_audio_recording/2024/ChirpArray/Akitsu/20240818_0710.wav,1.0355312,0.086623356,1.0877441,1.0286642,0.93898785
../TrueNAS/nies_audio_recording/2024/ChirpArray/Akitsu/20240818_0800.wav,0.090378895,0.06870641,1.0044734,0.9689746,1.04739
../TrueNAS/nies_audio_recording/2024/ChirpArray/Akitsu/20240818_0810.wav,1.0357344,0.25270617,1.0580876,1.0350745,0.014590487
../TrueNAS/nies_audio_recording/2024/ChirpArray/Akitsu/20240818_0900.wav,1.0228475,0.32256097,1.0475813,0.7288511,0.9615339
../TrueNAS/nies_audio_recording/2024/ChirpArray/Akitsu/20240818_0913.wav,1.0235556,0.1794831,1.107947,1.0017946,1.0502336
../TrueNAS/nies_audio_recording/2024/ChirpArray/Akitsu/20240818_1000.wav,1.0379444,0.62970406,1.0893276,0.9896449,1.0046728
../TrueNAS/nies_audio_recording/2024/ChirpArray/Akitsu/20240818_1010.wav,1.0286709,0.581134,1.0945352,0.68312925,1.0684953
../TrueNAS/nies_audio_recording/2024/ChirpArray/Akitsu/20240818_1100.wav,1.0273805,0.35747564,1.0912323,0.9807005,1.0095346
../TrueNAS/nies_audio_recording/2024/ChirpArray/Akitsu/20240818_1110.wav,1.052456,0.05253027,1.0782176,0.94820184,1.0045125
../TrueNAS/nies_audio_recording/2024/ChirpArray/Akitsu/20240818_1200.wav,1.0468293,0.03783409,1.0373462,0.9596162,1.0180631
../TrueNAS/nies_audio_recording/2024/ChirpArray/Akitsu/20240818_1210.wav,1.0161431,0.11950359,1.084391,1.0052965,1.0057316
../TrueNAS/nies_audio_recording/2024/ChirpArray/Akitsu/20240818_1300.wav,1.0443364,0.8400011,1.0734586,0.9855448,0.95522165
../TrueNAS/nies_audio_recording/2024/ChirpArray/Akitsu/20240818_1310.wav,1.0325241,0.24718772,1.1002084,0.85700077,0.99893594
../TrueNAS/nies_audio_recording/2024/ChirpArray/Akitsu/20240818_1400.wav,1.0226979,0.04799023,1.0799145,0.9537814,1.0043532
../TrueNAS/nies_audio_recording/2024/ChirpArray/Akitsu/20240818_1410.wav,1.0240496,0.22222291,1.0815517,0.9195476,1.0043725
../TrueNAS/nies_audio_recording/2024/ChirpArray/Akitsu/20240818_1500.wav,1.0174986,0.19156042,1.097327,0.8622085,0.9980583
../TrueNAS/nies_audio_recording/2024/ChirpArray/Akitsu/20240818_1510.wav,1.0220224,0.009385165,1.0701181,0.9531142,0.99913454
../TrueNAS/nies_audio_recording/2024/ChirpArray/Akitsu/20240818_1600.wav,1.0193826,0.80360496,1.0682293,0.37799883,1.014308
../TrueNAS/nies_audio_recording/2024/ChirpArray/Akitsu/20240818_1610.wav,1.0350385,0.62399906,1.0744969,0.64062047,0.97686076
../TrueNAS/nies_audio_recording/2024/ChirpArray/Akitsu/20240818_1700.wav,1.0412039,0.57252306,1.0764261,0.7668349,0.9997426
../TrueNAS/nies_audio_recording/2024/ChirpArray/Akitsu/20240818_1710.wav,1.0389414,0.41572368,1.0862154,0.9502146,1.0055654
../TrueNAS/nies_audio_recording/2024/ChirpArray/Akitsu/20240818_1800.wav,1.0321361,0.66862947,0.17175756,0.8821762,0.9871472
../TrueNAS/nies_audio_recording/2024/ChirpArray/Akitsu/20240818_1810.wav,1.0480367,0.84959376,1.093222,0.98859173,0.9925878
../TrueNAS/nies_audio_recording/2024/ChirpArray/Akitsu/20240818_1900.wav,0.17686939,-0.0011226088,-0.0044944473,0.046766162,0.0025097616
../TrueNAS/nies_audio_recording/2024/ChirpArray/Akitsu/20240818_1910.wav,0.13268393,-0.0018757991,0.028207768,0.037383527,0.008905981
../TrueNAS/nies_audio_recording/2024/ChirpArray/Akitsu/20240818_2000.wav,0.27283815,0.0015247911,-0.0074440204,0.034052886,0.008962631
../TrueNAS/nies_audio_recording/2024/ChirpArray/Akitsu/20240818_2010.wav,0.3233393,0.001216948,-0.00040693954,0.010437354,0.009507269
../TrueNAS/nies_audio_recording/2024/ChirpArray/Akitsu/20240818_2100.wav,0.14613667,0.1737739,-0.013008609,0.0022473484,0.03027922
../TrueNAS/nies_audio_recording/2024/ChirpArray/Akitsu/20240818_2110.wav,0.088436894,0.23857868,-0.011134833,-0.009795181,0.021647252
../TrueNAS/nies_audio_recording/2024/ChirpArray/Akitsu/20240818_2200.wav,0.0460809,0.57084364,-0.0085794255,-0.0031655729,0.026977398
../TrueNAS/nies_audio_recording/2024/ChirpArray/Akitsu/20240818_2210.wav,0.0849397,0.6872497,-0.0039932914,0.0006992221,0.030114993
../TrueNAS/nies_audio_recording/2024/ChirpArray/Akitsu/20240818_2300.wav,0.50199354,0.20434321,0.001419995,0.014925845,0.023125961
../TrueNAS/nies_audio_recording/2024/ChirpArray/Akitsu/20240818_2310.wav,0.95092505,0.48306072,0.03620411,0.02504661,0.01929731
../TrueNAS/nies_audio_recording/2024/ChirpArray/Akitsu/20240819_0000.wav,0.99386287,0.4772566,0.25013167,0.20014618,0.015607834
../TrueNAS/nies_audio_recording/2024/ChirpArray/Akitsu/20240819_0100.wav,0.14371493,0.35688084,-0.0023560412,0.0046480596,0.025632292
../TrueNAS/nies_audio_recording/2024/ChirpArray/Akitsu/20240819_0110.wav,0.037832193,0.10080882,0.00019565597,-0.008457392,0.029664204
../TrueNAS/nies_audio_recording/2024/ChirpArray/Akitsu/20240819_0200.wav,0.9589139,0.3588,0.7884227,0.065044284,0.027005672
../TrueNAS/nies_audio_recording/2024/ChirpArray/Akitsu/20240819_0210.wav,0.029587694,0.16377163,-0.008207623,-0.0074578375,0.029769942
../TrueNAS/nies_audio_recording/2024/ChirpArray/Akitsu/20240819_0300.wav,0.031171512,0.056000173,-0.010839604,-0.010349035,0.02307643
../TrueNAS/nies_audio_recording/2024/ChirpArray/Akitsu/20240819_0310.wav,0.04528116,0.047414076,-0.0077672973,-0.00534451,0.02275984
../TrueNAS/nies_audio_recording/2024/ChirpArray/Akitsu/20240819_0400.wav,0.040533938,0.037877522,-0.010471433,0.016812772,0.025113955
../TrueNAS/nies_audio_recording/2024/ChirpArray/Akitsu/20240819_0410.wav,0.041889347,0.14587353,-0.008347925,0.021118127,0.026150234
../TrueNAS/nies_audio_recording/2024/ChirpArray/Akitsu/20240819_0500.wav,1.0293243,0.81641954,1.1148548,1.0358586,1.0755689
../TrueNAS/nies_audio_recording/2024/ChirpArray/Akitsu/20240819_0510.wav,0.8385274,0.069144055,0.04825004,0.7885029,1.0327737
../TrueNAS/nies_audio_recording/2024/ChirpArray/Akitsu/20240819_0600.wav,0.11128144,0.042930953,0.00526597,0.94687515,0.020167202
../TrueNAS/nies_audio_recording/2024/ChirpArray/Akitsu/20240819_0613.wav,0.11982201,0.5884045,1.0769922,0.9484363,1.0594226
../TrueNAS/nies_audio_recording/2024/ChirpArray/Akitsu/20240819_0700.wav,0.052192386,0.9459499,0.019172978,0.09050756,0.83030534
../TrueNAS/nies_audio_recording/2024/ChirpArray/Akitsu/20240819_0710.wav,0.18585862,0.26196808,1.0904895,1.0448582,1.0023832
../TrueNAS/nies_audio_recording/2024/ChirpArray/Akitsu/20240819_0800.wav,0.2180331,0.8023383,1.0930257,1.0358775,1.1009176
../TrueNAS/nies_audio_recording/2024/ChirpArray/Akitsu/20240819_0810.wav,0.14262398,0.925324,1.0837159,0.3121201,1.0602281
../TrueNAS/nies_audio_recording/2024/ChirpArray/Akitsu/20240819_0900.wav,1.0275115,0.8825367,1.1006552,1.0529716,1.086298
../TrueNAS/nies_audio_recording/2024/ChirpArray/Akitsu/20240819_0910.wav,0.3663063,0.6631842,1.0908883,0.99908924,1.0510691
../TrueNAS/nies_audio_recording/2024/ChirpArray/Akitsu/20240819_1000.wav,0.08741243,0.3694266,0.035188105,0.89104,1.0171845
../TrueNAS/nies_audio_recording/2024/ChirpArray/Akitsu/20240819_1010.wav,0.04407444,0.6309433,0.03522828,0.0507849,1.0147362
../TrueNAS/nies_audio_recording/2024/ChirpArray/Akitsu/20240819_1100.wav,1.0283815,0.8337947,1.0601531,0.96877664,-0.0074813664
../TrueNAS/nies_audio_recording/2024/ChirpArray/Akitsu/20240819_1110.wav,1.0174383,0.6113886,1.1008273,0.9096505,0.94337285
../TrueNAS/nies_audio_recording/2024/ChirpArray/Akitsu/20240819_1200.wav,1.0273029,0.087169655,1.0872794,1.0318525,0.9780991
../TrueNAS/nies_audio_recording/2024/ChirpArray/Akitsu/20240819_1210.wav,1.021104,0.07948018,0.11289357,0.7306847,0.974422
../TrueNAS/nies_audio_recording/2024/ChirpArray/Akitsu/20240819_1300.wav,1.04568,0.017206378,0.25970075,0.8101935,1.0084431
../TrueNAS/nies_audio_recording/2024/ChirpArray/Akitsu/20240819_1310.wav,1.018647,0.6437178,0.6362343,0.5162343,1.0166868
../TrueNAS/nies_audio_recording/2024/ChirpArray/Akitsu/20240819_1400.wav,1.0262578,0.5799292,1.0517981,0.62280816,0.99821484
../TrueNAS/nies_audio_recording/2024/ChirpArray/Akitsu/20240819_1410.wav,1.0303633,0.9569367,1.0788616,0.88068336,1.0112422
../TrueNAS/nies_audio_recording/2024/ChirpArray/Akitsu/20240819_1500.wav,1.0233338,0.061798427,0.061340693,0.18054068,0.804489
../TrueNAS/nies_audio_recording/2024/ChirpArray/Akitsu/20240819_1514.wav,1.0253476,0.17126623,1.0806867,0.32639527,0.9610729
../TrueNAS/nies_audio_recording/2024/ChirpArray/Akitsu/20240819_1600.wav,1.0336467,0.924967,1.0859636,0.82008284,0.9999975
../TrueNAS/nies_audio_recording/2024/ChirpArray/Akitsu/20240819_1610.wav,1.0289543,0.56710076,1.0691267,0.9604787,1.0024865
../TrueNAS/nies_audio_recording/2024/ChirpArray/Akitsu/20240819_1700.wav,1.019467,0.15501757,0.8368511,0.88261044,0.991886
../TrueNAS/nies_audio_recording/2024/ChirpArray/Akitsu/20240819_1710.wav,1.0244607,0.02433106,0.92189205,0.861549,1.0106342
../TrueNAS/nies_audio_recording/2024/ChirpArray/Akitsu/20240819_1800.wav,1.0309151,0.78619134,1.0384371,0.9267642,1.0229559
../TrueNAS/nies_audio_recording/2024/ChirpArray/Akitsu/20240819_1810.wav,1.0301863,0.43921715,0.9036988,0.7495833,0.9718156
../TrueNAS/nies_audio_recording/2024/ChirpArray/Akitsu/20240819_1900.wav,0.16118774,0.05052699,0.027206507,0.036261022,0.0047075003
../TrueNAS/nies_audio_recording/2024/ChirpArray/Akitsu/20240819_1910.wav,0.046846457,0.39326543,0.011957295,0.05535482,0.01341223
../TrueNAS/nies_audio_recording/2024/ChirpArray/Akitsu/20240819_2000.wav,0.6148289,0.71535,0.9119389,0.90667707,0.8371111
../TrueNAS/nies_audio_recording/2024/ChirpArray/Akitsu/20240819_2010.wav,0.8823928,0.7557939,0.96077275,0.96324867,0.98300934
../TrueNAS/nies_audio_recording/2024/ChirpArray/Akitsu/20240819_2100.wav,0.17199294,0.2943552,0.029322121,0.08494489,0.27782083
../TrueNAS/nies_audio_recording/2024/ChirpArray/Akitsu/20240819_2110.wav,0.09546801,0.21061502,0.015089553,0.06392372,0.075496584
../TrueNAS/nies_audio_recording/2024/ChirpArray/Akitsu/20240819_2200.wav,0.04591813,-3.7103891e-06,0.008274067,0.04201585,0.016088285
../TrueNAS/nies_audio_recording/2024/ChirpArray/Akitsu/20240819_2210.wav,0.07403687,0.95605296,0.00019124523,0.030971989,0.031029314
../TrueNAS/nies_audio_recording/2024/ChirpArray/Akitsu/20240819_2300.wav,0.104133904,0.56179017,0.01915225,0.88472813,0.020450369
../TrueNAS/nies_audio_recording/2024/ChirpArray/Akitsu/20240819_2310.wav,0.14327005,0.1238159,0.00776181,0.8307867,0.020342186
../TrueNAS/nies_audio_recording/2024/ChirpArray/Akitsu/20240820_0000.wav,0.12461985,0.9100135,0.0039030872,0.91271406,0.016366862
../TrueNAS/nies_audio_recording/2024/ChirpArray/Akitsu/20240820_0102.wav,0.18373886,0.96451133,0.013510387,0.9445179,0.016240552
../TrueNAS/nies_audio_recording/2024/ChirpArray/Akitsu/20240820_0110.wav,0.105449684,1.0046636,0.03481884,0.93437016,0.018795297
../TrueNAS/nies_audio_recording/2024/ChirpArray/Akitsu/20240820_0200.wav,0.030230701,0.44187546,-0.0042726696,-0.0021052659,0.01531218
../TrueNAS/nies_audio_recording/2024/ChirpArray/Akitsu/20240820_0210.wav,0.019931547,0.04524279,-0.00873195,0.003869608,0.018707186
../TrueNAS/nies_audio_recording/2024/ChirpArray/Akitsu/20240820_0300.wav,0.095112406,0.073211744,0.011261575,0.92461616,0.02312275
../TrueNAS/nies_audio_recording/2024/ChirpArray/Akitsu/20240820_0310.wav,0.06323631,0.08206878,-0.001503069,0.028124161,0.012465492
../TrueNAS/nies_audio_recording/2024/ChirpArray/Akitsu/20240820_0400.wav,0.05963325,0.052665047,-0.0010376982,0.104780406,0.014246177
../TrueNAS/nies_audio_recording/2024/ChirpArray/Akitsu/20240820_0410.wav,0.11559054,0.082425326,0.007916223,0.77194047,0.027933642
../TrueNAS/nies_audio_recording/2024/ChirpArray/Akitsu/20240820_0500.wav,0.08317551,0.5348405,1.0102385,0.26171967,0.01658091
../TrueNAS/nies_audio_recording/2024/ChirpArray/Akitsu/20240820_0510.wav,0.09261286,0.39304703,1.0429635,0.13609044,1.0880065
../TrueNAS/nies_audio_recording/2024/ChirpArray/Akitsu/20240820_0600.wav,0.096786134,0.09541325,0.7934376,0.9150823,0.8646517
../TrueNAS/nies_audio_recording/2024/ChirpArray/Akitsu/20240820_0610.wav,0.21936494,0.027170427,1.0352819,0.9922937,0.9276682
../TrueNAS/nies_audio_recording/2024/ChirpArray/Akitsu/20240820_0700.wav,0.14149943,0.8433977,1.082765,0.23214795,1.055795
../TrueNAS/nies_audio_recording/2024/ChirpArray/Akitsu/20240820_0710.wav,0.8411456,0.56571,1.065219,0.5891332,1.0619682
../TrueNAS/nies_audio_recording/2024/ChirpArray/Akitsu/20240820_0800.wav,1.0277327,0.3569064,1.1012834,1.0099016,1.0599334
../TrueNAS/nies_audio_recording/2024/ChirpArray/Akitsu/20240820_0810.wav,1.0317423,0.23153265,1.1042078,0.9417889,1.0528058
../TrueNAS/nies_audio_recording/2024/ChirpArray/Akitsu/20240820_0900.wav,1.0227038,0.8836531,1.0613983,0.9016794,0.0072638467
../TrueNAS/nies_audio_recording/2024/ChirpArray/Akitsu/20240820_0910.wav,1.030335,0.087281466,1.0802851,0.90599316,1.0226929
../TrueNAS/nies_audio_recording/2024/ChirpArray/Akitsu/20240820_1000.wav,1.0087252,0.91414016,1.0977536,0.36444408,1.027619
../TrueNAS/nies_audio_recording/2024/ChirpArray/Akitsu/20240820_1005.wav,1.0251538,0.571717,1.0833234,0.32831317,0.980446
../TrueNAS/nies_audio_recording/2024/ChirpArray/Akitsu/20240820_1015.wav,1.0344728,0.41639328,1.0713757,0.98988134,0.99852467
../TrueNAS/nies_audio_recording/2024/ChirpArray/Akitsu/20240820_1100.wav,1.0250728,0.31535512,1.0912699,0.45860535,1.0455112
../TrueNAS/nies_audio_recording/2024/ChirpArray/Akitsu/20240820_1110.wav,1.0269064,0.093293235,1.0790547,0.9335442,0.98314
../TrueNAS/nies_audio_recording/2024/ChirpArray/Akitsu/20240820_1200.wav,1.0242344,0.53937614,1.0675386,0.79988515,1.0128138
../TrueNAS/nies_audio_recording/2024/ChirpArray/Akitsu/20240820_1210.wav,1.0459011,0.6910865,1.0842086,1.0135088,0.98289263
../TrueNAS/nies_audio_recording/2024/ChirpArray/Akitsu/20240820_1300.wav,1.031649,0.077463366,1.0969341,0.97188467,1.0261586
../TrueNAS/nies_audio_recording/2024/ChirpArray/Akitsu/20240820_1310.wav,1.0250577,0.74377257,1.0888915,0.62887526,1.0097711
../TrueNAS/nies_audio_recording/2024/ChirpArray/Akitsu/20240820_1400.wav,1.0210173,0.050533384,1.0845578,0.93687123,1.0261083
../TrueNAS/nies_audio_recording/2024/ChirpArray/Akitsu/20240820_1410.wav,1.0443746,0.8408242,1.0867893,0.91125435,1.0125469
../TrueNAS/nies_audio_recording/2024/ChirpArray/Akitsu/20240820_1500.wav,1.0179406,0.15033323,1.0803353,0.95109165,0.9951632
../TrueNAS/nies_audio_recording/2024/ChirpArray/Akitsu/20240820_1510.wav,1.0382295,0.5985655,1.091521,0.9120682,0.99298954
../TrueNAS/nies_audio_recording/2024/ChirpArray/Akitsu/20240820_1600.wav,1.0283864,0.31784886,1.0617714,0.90626997,1.0321704
../TrueNAS/nies_audio_recording/2024/ChirpArray/Akitsu/20240820_1610.wav,1.0221411,0.096713975,1.0756184,0.91938156,1.0196633
../TrueNAS/nies_audio_recording/2024/ChirpArray/Akitsu/20240820_1700.wav,1.0176986,0.34309644,1.1112162,0.9159015,1.0101674
../TrueNAS/nies_audio_recording/2024/ChirpArray/Akitsu/20240820_1710.wav,1.0138866,0.18724447,1.0714849,0.7684702,1.0051011
../TrueNAS/nies_audio_recording/2024/ChirpArray/Akitsu/20240820_1800.wav,1.033638,0.7857825,1.0494446,0.835573,0.95925677
../TrueNAS/nies_audio_recording/2024/ChirpArray/Akitsu/20240820_1810.wav,1.0371151,0.16821592,1.0635048,0.91024715,0.9814383
../TrueNAS/nies_audio_recording/2024/ChirpArray/Akitsu/20240820_1900.wav,0.2112653,0.00030468404,0.0036469437,0.027827315,0.0100778565
../TrueNAS/nies_audio_recording/2024/ChirpArray/Akitsu/20240820_1911.wav,0.251441,0.056590382,0.048494685,0.114011586,0.0055873655
../TrueNAS/nies_audio_recording/2024/ChirpArray/Akitsu/20240820_2000.wav,0.33192354,0.61125535,0.008349251,0.14143714,0.0096642375
../TrueNAS/nies_audio_recording/2024/ChirpArray/Akitsu/20240820_2010.wav,0.41519415,0.77697325,0.0063891932,0.18453985,0.019969434
../TrueNAS/nies_audio_recording/2024/ChirpArray/Akitsu/20240820_2100.wav,0.10389601,0.97399646,-0.0050738454,-0.00076012313,0.027738675
../TrueNAS/nies_audio_recording/2024/ChirpArray/Akitsu/20240820_2110.wav,0.08689515,0.71787256,-0.008412819,-0.012954898,0.022995926
../TrueNAS/nies_audio_recording/2024/ChirpArray/Akitsu/20240820_2200.wav,0.035320513,0.96728224,-0.010796726,-0.0047835484,0.024223082
../TrueNAS/nies_audio_recording/2024/ChirpArray/Akitsu/20240820_2210.wav,0.031395562,0.83109736,-0.0095598735,-0.0032975823,0.032485813
../TrueNAS/nies_audio_recording/2024/ChirpArray/Akitsu/20240820_2300.wav,0.06599458,0.02632597,-0.004173469,0.8826023,0.035347223
../TrueNAS/nies_audio_recording/2024/ChirpArray/Akitsu/20240820_2310.wav,0.05727751,0.023167245,0.0022748075,0.9147385,0.02268263
../TrueNAS/nies_audio_recording/2024/ChirpArray/Akitsu/20240821_0000.wav,0.032058734,0.07457484,-0.007881701,0.630511,0.02074723
../TrueNAS/nies_audio_recording/2024/ChirpArray/Akitsu/20240821_0100.wav,0.05299323,0.018051684,-0.007394165,-0.0053437427,0.027755886
../TrueNAS/nies_audio_recording/2024/ChirpArray/Akitsu/20240821_0110.wav,0.025442675,-0.0019363146,-0.009884149,-0.00042290986,0.023677811
../TrueNAS/nies_audio_recording/2024/ChirpArray/Akitsu/20240821_0200.wav,0.024734449,0.0061043296,-0.01250083,-0.009843141,0.022265598
../TrueNAS/nies_audio_recording/2024/ChirpArray/Akitsu/20240821_0210.wav,0.065487474,0.0024583265,-0.00761592,-0.00871253,0.026345126
../TrueNAS/nies_audio_recording/2024/ChirpArray/Akitsu/20240821_0300.wav,0.023477294,0.024840625,-0.009427715,0.0019382462,0.020280719
../TrueNAS/nies_audio_recording/2024/ChirpArray/Akitsu/20240821_0310.wav,0.027888142,0.06039443,0.004258752,-0.0007672757,0.01914315
../TrueNAS/nies_audio_recording/2024/ChirpArray/Akitsu/20240821_0400.wav,0.1948973,0.021181667,0.012118403,0.04870845,0.01801981
../TrueNAS/nies_audio_recording/2024/ChirpArray/Akitsu/20240821_0410.wav,0.14531684,0.3118133,0.004032463,0.03163241,0.019835167
../TrueNAS/nies_audio_recording/2024/ChirpArray/Akitsu/20240821_0504.wav,0.5204076,0.8477681,1.0477839,0.83411026,1.0377724
../TrueNAS/nies_audio_recording/2024/ChirpArray/Akitsu/20240821_0510.wav,0.25233942,0.27889812,0.9796536,0.9323085,0.94973075
../TrueNAS/nies_audio_recording/2024/ChirpArray/Akitsu/20240821_0600.wav,0.50188285,0.21002187,1.008325,0.27787095,0.01790522
../TrueNAS/nies_audio_recording/2024/ChirpArray/Akitsu/20240821_0610.wav,0.5614117,0.09720936,1.0393486,0.80916387,0.03442219
../TrueNAS/nies_audio_recording/2024/ChirpArray/Akitsu/20240821_0700.wav,0.106585674,0.84055835,1.0817169,0.33519596,1.0731362
../TrueNAS/nies_audio_recording/2024/ChirpArray/Akitsu/20240821_0710.wav,0.16254655,0.55415565,1.0659639,0.38188154,1.0664722
../TrueNAS/nies_audio_recording/2024/ChirpArray/Akitsu/20240821_0800.wav,0.34985742,0.8383475,1.0764514,0.19926828,1.0677156
../TrueNAS/nies_audio_recording/2024/ChirpArray/Akitsu/20240821_0810.wav,0.110079825,0.44177938,1.0513698,0.17888926,1.0385951
../TrueNAS/nies_audio_recording/2024/ChirpArray/Akitsu/20240821_0900.wav,0.15114558,0.76012176,1.0745057,0.20748669,1.0552747
../TrueNAS/nies_audio_recording/2024/ChirpArray/Akitsu/20240821_0910.wav,0.10914529,0.6646078,1.0629517,0.8918359,1.0722419
../TrueNAS/nies_audio_recording/2024/ChirpArray/Akitsu/20240821_1000.wav,1.0285151,0.46340752,1.1025223,0.913456,1.004484
../TrueNAS/nies_audio_recording/2024/ChirpArray/Akitsu/20240821_1010.wav,1.0142511,0.74006003,1.1039357,0.92941684,1.0474463
../TrueNAS/nies_audio_recording/2024/ChirpArray/Akitsu/20240821_1100.wav,1.0287019,0.6026023,1.0771514,0.49308944,0.9965141
../TrueNAS/nies_audio_recording/2024/ChirpArray/Akitsu/20240821_1110.wav,1.0691711,0.99415106,0.43956718,0.72982424,0.9933957
../TrueNAS/nies_audio_recording/2024/ChirpArray/Akitsu/20240821_1200.wav,1.0498016,0.8367091,0.93057525,0.36993337,0.8662158
../TrueNAS/nies_audio_recording/2024/ChirpArray/Akitsu/20240821_1210.wav,1.0278777,0.686514,1.0888504,0.8493213,0.9888619
../TrueNAS/nies_audio_recording/2024/ChirpArray/Akitsu/20240821_1300.wav,1.0326726,0.63995343,1.1026105,0.91508514,1.0183419
../TrueNAS/nies_audio_recording/2024/ChirpArray/Akitsu/20240821_1310.wav,1.033576,0.14092574,1.086719,0.8428338,1.0205995
../TrueNAS/nies_audio_recording/2024/ChirpArray/Akitsu/20240821_1400.wav,1.0334765,0.67553324,1.0048542,0.86063045,0.98922026
../TrueNAS/nies_audio_recording/2024/ChirpArray/Akitsu/20240821_1405.wav,1.0289512,0.40602106,0.124284044,0.81528646,0.996964
../TrueNAS/nies_audio_recording/2024/ChirpArray/Akitsu/20240821_1415.wav,1.0356786,0.047075998,1.0674481,0.9231543,1.0019892
../TrueNAS/nies_audio_recording/2024/ChirpArray/Akitsu/20240821_1500.wav,1.0264285,0.09336675,1.0772997,0.92119706,1.0141183
../TrueNAS/nies_audio_recording/2024/ChirpArray/Akitsu/20240821_1510.wav,1.0284134,0.118876174,1.0684196,0.96192014,1.0160239
../TrueNAS/nies_audio_recording/2024/ChirpArray/Akitsu/20240821_1600.wav,1.042908,0.12510288,1.1186393,0.61620325,1.0135573
../TrueNAS/nies_audio_recording/2024/ChirpArray/Akitsu/20240821_1610.wav,1.0324554,0.059476987,1.049303,0.3998596,0.9852817
../TrueNAS/nies_audio_recording/2024/ChirpArray/Akitsu/20240821_1700.wav,1.0525446,0.783857,1.0745322,0.88916886,1.0191535
../TrueNAS/nies_audio_recording/2024/ChirpArray/Akitsu/20240821_1710.wav,1.028013,0.14328559,1.0640682,0.96001524,1.0213969
../TrueNAS/nies_audio_recording/2024/ChirpArray/Akitsu/20240821_1800.wav,1.027772,0.165833,0.18081364,0.71864027,0.9847038
../TrueNAS/nies_audio_recording/2024/ChirpArray/Akitsu/20240821_1810.wav,1.0247452,0.09384957,1.0200909,0.73217493,0.9750571
../TrueNAS/nies_audio_recording/2024/ChirpArray/Akitsu/20240821_1900.wav,0.59963006,0.012156494,0.016691376,0.0481743,0.002221372
../TrueNAS/nies_audio_recording/2024/ChirpArray/Akitsu/20240821_1910.wav,0.26972425,0.2784754,0.013248701,0.16311201,0.0071805716
../TrueNAS/nies_audio_recording/2024/ChirpArray/Akitsu/20240821_2000.wav,0.3795279,0.036756713,-0.0022810288,0.032224238,0.0029349513
../TrueNAS/nies_audio_recording/2024/ChirpArray/Akitsu/20240821_2010.wav,0.3155014,0.00013584644,0.0037238635,0.14287305,0.014038403
../TrueNAS/nies_audio_recording/2024/ChirpArray/Akitsu/20240821_2100.wav,0.13666913,0.9845313,0.0038996637,0.06922498,0.7780769
../TrueNAS/nies_audio_recording/2024/ChirpArray/Akitsu/20240821_2110.wav,0.16651064,0.65081006,0.0009287298,0.06342675,0.13808888
../TrueNAS/nies_audio_recording/2024/ChirpArray/Akitsu/20240821_2200.wav,0.034157604,0.051489577,-0.0058757477,0.0061102435,0.023219608
../TrueNAS/nies_audio_recording/2024/ChirpArray/Akitsu/20240821_2210.wav,0.10122456,0.24787368,-0.0016328394,0.015625514,0.024207965
../TrueNAS/nies_audio_recording/2024/ChirpArray/Akitsu/20240821_2300.wav,0.02331397,-0.004951652,-0.008755334,-0.010892853,0.012589134
../TrueNAS/nies_audio_recording/2024/ChirpArray/Akitsu/20240821_2310.wav,0.034101643,0.0043320768,0.0052731484,-0.005588427,0.029567719
../TrueNAS/nies_audio_recording/2024/ChirpArray/Akitsu/20240822_0000.wav,0.029494058,0.10726826,-0.013516519,0.37317872,0.016870797
../TrueNAS/nies_audio_recording/2024/ChirpArray/Akitsu/20240822_0100.wav,0.048830353,0.019994453,0.0014214553,0.79363865,0.01569195
../TrueNAS/nies_audio_recording/2024/ChirpArray/Akitsu/20240822_0110.wav,0.08970736,0.14362581,0.014239486,0.7698757,0.014730938
../TrueNAS/nies_audio_recording/2024/ChirpArray/Akitsu/20240822_0200.wav,0.038205225,0.008657245,-0.0030416287,0.010215372,0.0174708
../TrueNAS/nies_audio_recording/2024/ChirpArray/Akitsu/20240822_0210.wav,0.03298223,0.0042022634,0.13460374,0.05784557,0.015344001
../TrueNAS/nies_audio_recording/2024/ChirpArray/Akitsu/20240822_0300.wav,0.04319248,0.02268542,0.016313065,0.04787038,0.023136154
../TrueNAS/nies_audio_recording/2024/ChirpArray/Akitsu/20240822_0310.wav,0.031164259,0.19233488,0.016751688,0.005546823,0.014647815
../TrueNAS/nies_audio_recording/2024/ChirpArray/Akitsu/20240822_0400.wav,0.13801014,0.032276567,0.003378775,0.06580615,0.01706852
../TrueNAS/nies_audio_recording/2024/ChirpArray/Akitsu/20240822_0410.wav,0.07112796,0.048275225,-0.0018958487,0.10590595,0.017762199
../TrueNAS/nies_audio_recording/2024/ChirpArray/Akitsu/20240822_0500.wav,0.15710658,0.03571713,1.0058085,0.79728776,1.053968
../TrueNAS/nies_audio_recording/2024/ChirpArray/Akitsu/20240822_0510.wav,0.062403414,0.18623285,-0.0049287453,0.5670346,0.025657237
../TrueNAS/nies_audio_recording/2024/ChirpArray/Akitsu/20240822_0600.wav,0.0525691,0.049991354,0.027506065,0.054156102,1.0190644
../TrueNAS/nies_audio_recording/2024/ChirpArray/Akitsu/20240822_0610.wav,0.13663167,0.4226961,1.042197,0.11383756,1.0622641
../TrueNAS/nies_audio_recording/2024/ChirpArray/Akitsu/20240822_0702.wav,0.2766489,0.882539,1.0676476,0.49232322,1.0529906
../TrueNAS/nies_audio_recording/2024/ChirpArray/Akitsu/20240822_0710.wav,0.08227891,0.661737,0.05151617,0.043706402,1.0286204
../TrueNAS/nies_audio_recording/2024/ChirpArray/Akitsu/20240822_0802.wav,0.9149311,0.66392577,1.1146481,0.47449887,1.0612507
../TrueNAS/nies_audio_recording/2024/ChirpArray/Akitsu/20240822_0810.wav,0.33870137,0.5303498,1.0586802,0.12995185,1.0528443
../TrueNAS/nies_audio_recording/2024/ChirpArray/Akitsu/20240822_0905.wav,1.0059158,0.4583127,0.09053515,0.8796404,1.0241979
../TrueNAS/nies_audio_recording/2024/ChirpArray/Akitsu/20240822_0915.wav,1.0225816,0.649875,1.0808905,1.0022784,1.0571306
../TrueNAS/nies_audio_recording/2024/ChirpArray/Akitsu/20240822_1000.wav,0.23988095,0.79751927,1.0059963,0.15761542,1.0706939
../TrueNAS/nies_audio_recording/2024/ChirpArray/Akitsu/20240822_1010.wav,0.1050684,0.66094244,1.0830747,0.17415832,1.0590775
../TrueNAS/nies_audio_recording/2024/ChirpArray/Akitsu/20240822_1100.wav,1.0268662,0.5558529,1.0646629,0.8929449,-0.0049456805
../TrueNAS/nies_audio_recording/2024/ChirpArray/Akitsu/20240822_1110.wav,1.0276206,0.57451993,1.0520294,0.8207495,1.0336206
../TrueNAS/nies_audio_recording/2024/ChirpArray/Akitsu/20240822_1200.wav,1.0211214,0.7933526,1.0592297,0.31603992,1.0119153
../TrueNAS/nies_audio_recording/2024/ChirpArray/Akitsu/20240822_1210.wav,1.0256963,0.20326927,1.1020625,0.6236368,1.004833
../TrueNAS/nies_audio_recording/2024/ChirpArray/Akitsu/20240822_1300.wav,1.0216508,0.8575747,0.43548784,0.26927415,0.9947771
../TrueNAS/nies_audio_recording/2024/ChirpArray/Akitsu/20240822_1310.wav,1.0316143,0.178663,0.25976208,0.82073396,0.9457338
../TrueNAS/nies_audio_recording/2024/ChirpArray/Akitsu/20240822_1400.wav,1.0339077,0.6295005,1.0695558,0.6195284,1.0398428
../TrueNAS/nies_audio_recording/2024/ChirpArray/Akitsu/20240822_1410.wav,1.022619,0.12309401,1.0913976,0.5918881,1.0046263
../TrueNAS/nies_audio_recording/2024/ChirpArray/Akitsu/20240822_1500.wav,1.0204842,0.026021237,1.0600084,0.9556593,0.99714315
../TrueNAS/nies_audio_recording/2024/ChirpArray/Akitsu/20240822_1510.wav,1.027896,0.15351583,1.0763987,0.95625114,0.99597263
../TrueNAS/nies_audio_recording/2024/ChirpArray/Akitsu/20240822_1600.wav,1.0253628,0.67131,1.088448,0.6906562,1.031694
../TrueNAS/nies_audio_recording/2024/ChirpArray/Akitsu/20240822_1610.wav,0.054228578,0.55068725,0.038890895,0.0458105,1.0595574
../TrueNAS/nies_audio_recording/2024/ChirpArray/Akitsu/20240822_1700.wav,1.0046439,0.8720175,1.0934113,0.8712777,1.0198457
../TrueNAS/nies_audio_recording/2024/ChirpArray/Akitsu/20240822_1710.wav,1.0204681,0.8422232,1.0957623,0.60426974,1.0277973
../TrueNAS/nies_audio_recording/2024/ChirpArray/Akitsu/20240822_1800.wav,1.0185428,0.050753742,1.0796787,0.9456455,1.0361451
../TrueNAS/nies_audio_recording/2024/ChirpArray/Akitsu/20240822_1810.wav,1.0259364,0.26419473,0.12590261,0.66159153,1.0278604
../TrueNAS/nies_audio_recording/2024/ChirpArray/Akitsu/20240822_1900.wav,0.53105646,-0.002428662,0.03280708,0.034637704,-0.0045489185
../TrueNAS/nies_audio_recording/2024/ChirpArray/Akitsu/20240822_1910.wav,0.43904364,-0.004118882,0.005813133,0.013970308,-0.0049877167
../TrueNAS/nies_audio_recording/2024/ChirpArray/Akitsu/20240822_2000.wav,0.32947087,0.0021508597,0.4175446,0.014554247,0.0030608624
../TrueNAS/nies_audio_recording/2024/ChirpArray/Akitsu/20240822_2010.wav,0.6021086,-2.361834e-06,0.30215478,0.013167776,0.009392299
../TrueNAS/nies_audio_recording/2024/ChirpArray/Akitsu/20240822_2100.wav,0.13362007,-0.0009340476,-0.0053115524,-0.0028166324,0.009371944
../TrueNAS/nies_audio_recording/2024/ChirpArray/Akitsu/20240822_2110.wav,0.08358754,-0.00041103736,0.00193692,0.0003875047,0.0122360885
../TrueNAS/nies_audio_recording/2024/ChirpArray/Akitsu/20240822_2200.wav,0.061642062,0.010357967,0.040949743,-0.006619364,0.021227762
../TrueNAS/nies_audio_recording/2024/ChirpArray/Akitsu/20240822_2210.wav,0.06011927,0.03833075,-0.0066448227,-0.007715374,0.025343634
../TrueNAS/nies_audio_recording/2024/ChirpArray/Akitsu/20240822_2300.wav,0.24453565,0.12048666,0.0025271662,0.025342643,0.01910156
../TrueNAS/nies_audio_recording/2024/ChirpArray/Akitsu/20240822_2310.wav,0.12753196,0.06903127,-0.009176768,0.71910566,0.022292078
../TrueNAS/nies_audio_recording/2024/ChirpArray/Akitsu/20240823_0000.wav,0.26066118,0.0039607286,-0.00081296265,0.40986776,0.016551591
../TrueNAS/nies_audio_recording/2024/ChirpArray/Akitsu/20240823_0100.wav,0.39612842,0.016116656,0.07166605,0.8194329,0.02316098
../TrueNAS/nies_audio_recording/2024/ChirpArray/Akitsu/20240823_0110.wav,0.20975763,0.013846122,-0.009517152,0.7619787,0.030811824
../TrueNAS/nies_audio_recording/2024/ChirpArray/Akitsu/20240823_0200.wav,0.06378282,0.052848957,-0.006759532,-0.009448476,0.021957293
../TrueNAS/nies_audio_recording/2024/ChirpArray/Akitsu/20240823_0210.wav,0.110254124,0.028175708,-0.007789988,0.0072140545,0.021495238
../TrueNAS/nies_audio_recording/2024/ChirpArray/Akitsu/20240823_0300.wav,0.06273045,0.0037529543,0.07357393,0.02279947,0.022544563
../TrueNAS/nies_audio_recording/2024/ChirpArray/Akitsu/20240823_0310.wav,0.06456984,0.08122982,-0.00025073066,0.018360153,0.026427433
../TrueNAS/nies_audio_recording/2024/ChirpArray/Akitsu/20240823_0400.wav,0.08072433,-0.007412631,0.0035990886,-0.00023598969,0.016725324
../TrueNAS/nies_audio_recording/2024/ChirpArray/Akitsu/20240823_0410.wav,0.059379082,0.1507318,-0.00047056004,0.0029015094,0.020140782
../TrueNAS/nies_audio_recording/2024/ChirpArray/Akitsu/20240823_0500.wav,0.4824192,0.057546318,1.0732634,1.0199498,1.0719371
../TrueNAS/nies_audio_recording/2024/ChirpArray/Akitsu/20240823_0510.wav,0.98941356,0.039422184,1.0007375,0.81901383,0.004136838
../TrueNAS/nies_audio_recording/2024/ChirpArray/Akitsu/20240823_0600.wav,0.045481797,0.018300697,0.029530812,0.03477171,1.0169557
../TrueNAS/nies_audio_recording/2024/ChirpArray/Akitsu/20240823_0610.wav,0.052171193,0.015658475,0.041840304,0.042297937,1.0158365
../TrueNAS/nies_audio_recording/2024/ChirpArray/Akitsu/20240823_0700.wav,0.16338798,0.073493965,1.0834851,0.2138113,1.0592957
../TrueNAS/nies_audio_recording/2024/ChirpArray/Akitsu/20240823_0710.wav,0.1546311,0.8167321,0.9972049,0.90118146,0.074701875
../TrueNAS/nies_audio_recording/2024/ChirpArray/Akitsu/20240823_0800.wav,0.25353125,0.6429814,1.057522,0.23173748,1.0430081
../TrueNAS/nies_audio_recording/2024/ChirpArray/Akitsu/20240823_0810.wav,0.4497765,0.84678555,1.067432,0.3786881,1.0473013
../TrueNAS/nies_audio_recording/2024/ChirpArray/Akitsu/20240823_0900.wav,0.07881599,0.6169834,1.071713,0.25988418,1.0715495
../TrueNAS/nies_audio_recording/2024/ChirpArray/Akitsu/20240823_0910.wav,0.9989503,0.59641784,1.1316384,0.6524992,1.0635927
../TrueNAS/nies_audio_recording/2024/ChirpArray/Akitsu/20240823_1000.wav,0.9786126,0.64239246,1.107447,1.0232251,1.071552
../TrueNAS/nies_audio_recording/2024/ChirpArray/Akitsu/20240823_1010.wav,1.0050023,0.87184674,1.0948254,0.71596706,1.0460765
../TrueNAS/nies_audio_recording/2024/ChirpArray/Akitsu/20240823_1100.wav,1.0196797,0.17757402,0.8845669,0.60695183,1.0086272
../TrueNAS/nies_audio_recording/2024/ChirpArray/Akitsu/20240823_1110.wav,0.9823416,0.42417735,0.16775106,0.703946,1.0424342
../TrueNAS/nies_audio_recording/2024/ChirpArray/Akitsu/20240823_1200.wav,1.0196819,0.054595195,1.0594282,0.63325506,0.97872794
../TrueNAS/nies_audio_recording/2024/ChirpArray/Akitsu/20240823_1210.wav,1.0241349,0.635449,1.0936743,0.9895528,1.0123045
../TrueNAS/nies_audio_recording/2024/ChirpArray/Akitsu/20240823_1300.wav,1.014034,0.47133338,1.0952865,0.8346692,1.0231049
../TrueNAS/nies_audio_recording/2024/ChirpArray/Akitsu/20240823_1310.wav,1.0310153,0.92014384,1.0799748,0.8291429,1.032916
../TrueNAS/nies_audio_recording/2024/ChirpArray/Akitsu/20240823_1400.wav,0.9785066,0.1369486,1.104119,0.18327186,1.0669757
../TrueNAS/nies_audio_recording/2024/ChirpArray/Akitsu/20240823_1410.wav,1.0275624,0.92222744,1.1050249,0.2583394,1.0523186
../TrueNAS/nies_audio_recording/2024/ChirpArray/Akitsu/20240823_1500.wav,1.0155241,0.51715696,1.0875937,0.9795689,1.0246031
../TrueNAS/nies_audio_recording/2024/ChirpArray/Akitsu/20240823_1510.wav,1.0130795,0.6120472,1.099121,0.9206169,1.03502
../TrueNAS/nies_audio_recording/2024/ChirpArray/Akitsu/20240823_1600.wav,1.0094107,0.8476387,1.0931107,0.9144848,1.0342584
../TrueNAS/nies_audio_recording/2024/ChirpArray/Akitsu/20240823_1610.wav,1.0127589,0.76346236,1.1120574,0.9038902,1.0631477
../TrueNAS/nies_audio_recording/2024/ChirpArray/Akitsu/20240823_1700.wav,1.0606891,0.07372061,1.0996889,0.9103229,1.0295703
../TrueNAS/nies_audio_recording/2024/ChirpArray/Akitsu/20240823_1710.wav,1.0174166,0.59896344,1.1138328,0.95582217,1.0160843
../TrueNAS/nies_audio_recording/2024/ChirpArray/Akitsu/20240823_1800.wav,1.031666,0.44696105,0.61352855,0.8587801,0.99031925
../TrueNAS/nies_audio_recording/2024/ChirpArray/Akitsu/20240823_1810.wav,1.0475776,0.7471733,1.1154481,0.9635312,1.0046206
../TrueNAS/nies_audio_recording/2024/ChirpArray/Akitsu/20240823_1903.wav,0.04297956,0.023730546,-0.0026815943,0.04758241,0.01011578
../TrueNAS/nies_audio_recording/2024/ChirpArray/Akitsu/20240823_1910.wav,0.06404911,0.00478987,0.0022616945,0.074560374,0.010920115
../TrueNAS/nies_audio_recording/2024/ChirpArray/Akitsu/20240823_2000.wav,0.080739886,0.02734947,0.23088758,0.10708943,0.009346083
../TrueNAS/nies_audio_recording/2024/ChirpArray/Akitsu/20240823_2010.wav,0.13161026,-0.003149338,-0.0060284995,0.06768231,0.007015839
../TrueNAS/nies_audio_recording/2024/ChirpArray/Akitsu/20240823_2100.wav,0.48464555,0.0011688843,0.0019441545,0.0044942945,0.015547797
../TrueNAS/nies_audio_recording/2024/ChirpArray/Akitsu/20240823_2110.wav,0.18258101,0.014485133,0.0072398894,-0.0027138814,0.036187083
../TrueNAS/nies_audio_recording/2024/ChirpArray/Akitsu/20240823_2200.wav,0.1787518,0.00023931637,-0.008909319,0.0015835166,0.021910831
../TrueNAS/nies_audio_recording/2024/ChirpArray/Akitsu/20240823_2210.wav,0.05705402,0.018562593,-0.0118885,-0.0040170327,0.019111447
../TrueNAS/nies_audio_recording/2024/ChirpArray/Akitsu/20240823_2300.wav,0.031683885,-0.0005339533,-0.007764578,-0.0038880557,0.03106708
../TrueNAS/nies_audio_recording/2024/ChirpArray/Akitsu/20240823_2310.wav,0.092274405,0.00282849,-0.0026482642,0.004027657,0.029534064
../TrueNAS/nies_audio_recording/2024/ChirpArray/Akitsu/20240824_0000.wav,0.16068926,0.017156567,-0.011908889,0.0031067356,0.025556616
../TrueNAS/nies_audio_recording/2024/ChirpArray/Akitsu/20240824_0100.wav,0.03743986,0.0029915236,-0.0124468915,-0.011500448,0.02567853
../TrueNAS/nies_audio_recording/2024/ChirpArray/Akitsu/20240824_0106.wav,0.11163056,0.0148418825,-0.0065921806,0.010209486,0.021476805
../TrueNAS/nies_audio_recording/2024/ChirpArray/Akitsu/20240824_0115.wav,0.18417262,0.0030112434,-0.005143922,0.0177176,0.020610787
../TrueNAS/nies_audio_recording/2024/ChirpArray/Akitsu/20240824_0200.wav,0.26194963,0.046226062,0.0010091998,0.03967575,0.01223778
../TrueNAS/nies_audio_recording/2024/ChirpArray/Akitsu/20240824_0210.wav,0.08350053,0.010662895,0.71779126,0.03571403,0.015613921
../TrueNAS/nies_audio_recording/2024/ChirpArray/Akitsu/20240824_0300.wav,0.11873719,0.0074067656,-0.0048666373,0.0077453554,0.022906005
../TrueNAS/nies_audio_recording/2024/ChirpArray/Akitsu/20240824_0310.wav,0.02556391,0.0026200786,-0.008497845,0.015089497,0.021327764
../TrueNAS/nies_audio_recording/2024/ChirpArray/Akitsu/20240824_0400.wav,0.037139073,-0.001401918,-0.0039271154,0.018544182,0.018871635
../TrueNAS/nies_audio_recording/2024/ChirpArray/Akitsu/20240824_0410.wav,0.071388744,0.17176469,0.1367994,0.046551846,0.015920892
../TrueNAS/nies_audio_recording/2024/ChirpArray/Akitsu/20240824_0500.wav,0.96920365,0.7390264,1.0578886,0.8662018,1.0622879
../TrueNAS/nies_audio_recording/2024/ChirpArray/Akitsu/20240824_0510.wav,0.33438182,0.23690641,1.1102933,0.42533547,1.0545413
../TrueNAS/nies_audio_recording/2024/ChirpArray/Akitsu/20240824_0600.wav,0.095173955,0.58286947,1.0505831,0.18252105,1.0632128
../TrueNAS/nies_audio_recording/2024/ChirpArray/Akitsu/20240824_0610.wav,0.2748351,0.7250425,1.0104924,0.27549934,0.002686277
../TrueNAS/nies_audio_recording/2024/ChirpArray/Akitsu/20240824_0700.wav,0.4028427,0.7349828,1.0648702,0.19960378,1.067229
../TrueNAS/nies_audio_recording/2024/ChirpArray/Akitsu/20240824_0710.wav,0.33252352,0.7482012,1.0957927,0.42668355,1.053971
../TrueNAS/nies_audio_recording/2024/ChirpArray/Akitsu/20240824_0800.wav,0.07704603,0.8624529,1.0888939,0.8240457,1.0618861
../TrueNAS/nies_audio_recording/2024/ChirpArray/Akitsu/20240824_0810.wav,0.090853125,0.5521028,0.20918517,0.6501426,1.0216432
../TrueNAS/nies_audio_recording/2024/ChirpArray/Akitsu/20240824_0900.wav,0.16618453,0.87990695,1.0938604,0.43038762,1.090596
../TrueNAS/nies_audio_recording/2024/ChirpArray/Akitsu/20240824_0910.wav,0.03108763,0.7587308,1.081999,0.10999714,1.0593026
../TrueNAS/nies_audio_recording/2024/ChirpArray/Akitsu/20240824_1000.wav,0.057010207,0.94489914,1.0616937,0.067063406,1.0470929
../TrueNAS/nies_audio_recording/2024/ChirpArray/Akitsu/20240824_1010.wav,0.04017455,0.77079326,1.0566518,0.086271584,1.073243
../TrueNAS/nies_audio_recording/2024/ChirpArray/Akitsu/20240824_1100.wav,1.0064988,0.87826574,1.0660967,0.6139634,0.99488854
../TrueNAS/nies_audio_recording/2024/ChirpArray/Akitsu/20240824_1110.wav,0.9655488,0.73230773,1.0635029,0.33147973,1.0381639
../TrueNAS/nies_audio_recording/2024/ChirpArray/Akitsu/20240824_1200.wav,1.0244914,0.7371331,1.105259,0.36063564,0.9909134
../TrueNAS/nies_audio_recording/2024/ChirpArray/Akitsu/20240824_1210.wav,1.0229136,0.8955838,1.090119,0.33066142,1.0055876
../TrueNAS/nies_audio_recording/2024/ChirpArray/Akitsu/20240824_1300.wav,1.0224124,0.8070021,1.0977192,0.36354154,1.0046653
../TrueNAS/nies_audio_recording/2024/ChirpArray/Akitsu/20240824_1310.wav,1.0342922,0.5893566,1.0774382,0.26284146,0.9984834
../TrueNAS/nies_audio_recording/2024/ChirpArray/Akitsu/20240824_1400.wav,1.026729,0.3425179,1.0538241,0.8507412,0.99213994
../TrueNAS/nies_audio_recording/2024/ChirpArray/Akitsu/20240824_1410.wav,0.40669608,0.9287632,0.043325756,0.68204284,0.89144945
../TrueNAS/nies_audio_recording/2024/ChirpArray/Akitsu/20240824_1500.wav,1.0538229,0.94940406,1.0627913,0.8623867,0.9790791
../TrueNAS/nies_audio_recording/2024/ChirpArray/Akitsu/20240824_1510.wav,1.0255754,0.8387228,1.0755093,0.9906338,1.0187027
../TrueNAS/nies_audio_recording/2024/ChirpArray/Akitsu/20240824_1600.wav,1.0273778,0.05896259,1.074464,0.974806,1.0201797
../TrueNAS/nies_audio_recording/2024/ChirpArray/Akitsu/20240824_1610.wav,1.0087272,0.12398119,1.079128,0.85150576,1.0064942
../TrueNAS/nies_audio_recording/2024/ChirpArray/Akitsu/20240824_1700.wav,1.0225081,0.20126109,1.074298,0.6556106,1.0221558
../TrueNAS/nies_audio_recording/2024/ChirpArray/Akitsu/20240824_1710.wav,1.0280999,0.19383945,0.087251976,0.5132885,0.972309
../TrueNAS/nies_audio_recording/2024/ChirpArray/Akitsu/20240824_1800.wav,1.0243112,0.7746429,0.17320599,0.41953063,1.0157323
../TrueNAS/nies_audio_recording/2024/ChirpArray/Akitsu/20240824_1810.wav,0.65939176,0.0338582,0.07044096,0.06907104,1.0326146
../TrueNAS/nies_audio_recording/2024/ChirpArray/Akitsu/20240824_1900.wav,0.2681682,0.008036021,0.026413944,0.26363575,0.0042545274
../TrueNAS/nies_audio_recording/2024/ChirpArray/Akitsu/20240824_1910.wav,0.6175618,0.0015614331,0.033884656,0.09873969,-0.0010939427
../TrueNAS/nies_audio_recording/2024/ChirpArray/Akitsu/20240824_2000.wav,0.31116915,0.14740393,0.009758864,-0.0022128522,0.015569061
../TrueNAS/nies_audio_recording/2024/ChirpArray/Akitsu/20240824_2010.wav,0.34932196,0.08422268,0.0049551204,0.020267636,0.006925877
../TrueNAS/nies_audio_recording/2024/ChirpArray/Akitsu/20240824_2100.wav,0.0907392,0.0022815429,-0.0037861168,0.0131924525,0.017417341
../TrueNAS/nies_audio_recording/2024/ChirpArray/Akitsu/20240824_2110.wav,0.048608363,0.006229246,-0.0053481497,-0.00091317296,0.018227547
../TrueNAS/nies_audio_recording/2024/ChirpArray/Akitsu/20240824_2200.wav,0.024232097,0.0016186852,-0.008899026,-4.1998923e-05,0.021440022
../TrueNAS/nies_audio_recording/2024/ChirpArray/Akitsu/20240824_2210.wav,0.031822152,0.0020842627,-0.007838473,0.013364077,0.01981783
../TrueNAS/nies_audio_recording/2024/ChirpArray/Akitsu/20240824_2300.wav,0.06040621,0.029029809,0.014028322,0.931786,0.022594929
../TrueNAS/nies_audio_recording/2024/ChirpArray/Akitsu/20240824_2310.wav,0.023093551,0.020864643,-0.010858368,0.010876156,0.014743626
../TrueNAS/nies_audio_recording/2024/ChirpArray/Akitsu/20240825_0000.wav,0.030404903,0.0057824366,-0.007485319,0.6067753,0.016254634
../TrueNAS/nies_audio_recording/2024/ChirpArray/Akitsu/20240825_0100.wav,0.03812514,0.017707396,0.05727793,0.011733532,0.014476985
../TrueNAS/nies_audio_recording/2024/ChirpArray/Akitsu/20240825_0110.wav,0.028787948,0.1362373,-0.0086973235,0.50563085,0.019099846
../TrueNAS/nies_audio_recording/2024/ChirpArray/Akitsu/20240825_0200.wav,0.0174359,0.0024281777,-0.0026235282,0.5054154,0.013210803
../TrueNAS/nies_audio_recording/2024/ChirpArray/Akitsu/20240825_0210.wav,0.03685591,0.0056952797,-0.0061291903,0.623889,0.024092384
../TrueNAS/nies_audio_recording/2024/ChirpArray/Akitsu/20240825_0300.wav,0.030594096,0.002518952,-0.0063756034,0.17221451,0.016668499
../TrueNAS/nies_audio_recording/2024/ChirpArray/Akitsu/20240825_0310.wav,0.022935506,0.0017222073,0.039337482,0.010397702,0.013171341
../TrueNAS/nies_audio_recording/2024/ChirpArray/Akitsu/20240825_0400.wav,0.045318678,-0.00032801554,0.004046738,0.12779494,0.011110358
../TrueNAS/nies_audio_recording/2024/ChirpArray/Akitsu/20240825_0410.wav,0.056526218,-0.006873101,0.0029799268,0.08261226,0.012509115
../TrueNAS/nies_audio_recording/2024/ChirpArray/Akitsu/20240825_0500.wav,0.9393855,0.04873959,1.0779109,0.44830585,1.0612935
../TrueNAS/nies_audio_recording/2024/ChirpArray/Akitsu/20240825_0510.wav,0.12713979,0.06338872,1.0266055,0.17397082,1.0329729
../TrueNAS/nies_audio_recording/2024/ChirpArray/Akitsu/20240825_0600.wav,0.21211621,0.086535186,1.0546678,0.3010164,1.0203066
../TrueNAS/nies_audio_recording/2024/ChirpArray/Akitsu/20240825_0610.wav,0.05708075,0.04587152,0.9533845,0.10201649,0.5624006
../TrueNAS/nies_audio_recording/2024/ChirpArray/Akitsu/20240825_0700.wav,0.95779663,0.7237303,1.0843283,0.8650648,1.0746689
../TrueNAS/nies_audio_recording/2024/ChirpArray/Akitsu/20240825_0710.wav,1.0103021,0.15552852,1.0982752,0.86672324,1.0348345
../TrueNAS/nies_audio_recording/2024/ChirpArray/Akitsu/20240825_0800.wav,0.21246758,0.61229306,1.0681523,0.17330918,1.0643935
../TrueNAS/nies_audio_recording/2024/ChirpArray/Akitsu/20240825_0810.wav,0.16870037,0.2009749,1.0821072,1.0477626,1.0730827
../TrueNAS/nies_audio_recording/2024/ChirpArray/Akitsu/20240825_0900.wav,0.15592179,0.6394652,1.0810257,0.7335649,1.0794309
../TrueNAS/nies_audio_recording/2024/ChirpArray/Akitsu/20240825_0910.wav,0.07509779,0.76582867,1.0757719,0.21254282,1.0560427
../TrueNAS/nies_audio_recording/2024/ChirpArray/Akitsu/20240825_1000.wav,0.8346594,1.0082405,0.40311697,0.15808308,1.0362843
../TrueNAS/nies_audio_recording/2024/ChirpArray/Akitsu/20240825_1010.wav,0.82674026,0.3116969,1.0421443,0.13268307,1.0601242
../TrueNAS/nies_audio_recording/2024/ChirpArray/Akitsu/20240825_1100.wav,1.0115632,0.8970585,0.12632309,0.14264622,1.0541692
../TrueNAS/nies_audio_recording/2024/ChirpArray/Akitsu/20240825_1110.wav,1.0036118,0.66609067,1.061488,0.47229862,1.0510795
../TrueNAS/nies_audio_recording/2024/ChirpArray/Akitsu/20240825_1200.wav,1.0096744,0.8171804,1.1076428,0.7484824,1.0705639
../TrueNAS/nies_audio_recording/2024/ChirpArray/Akitsu/20240825_1210.wav,1.0199549,0.3909281,1.0882891,0.70212483,1.0105045
../TrueNAS/nies_audio_recording/2024/ChirpArray/Akitsu/20240825_1300.wav,1.011208,0.41661155,1.10913,0.34970897,1.047415
../TrueNAS/nies_audio_recording/2024/ChirpArray/Akitsu/20240825_1310.wav,1.0089229,0.065065905,1.0871674,0.2799464,1.041452
../TrueNAS/nies_audio_recording/2024/ChirpArray/Akitsu/20240825_1400.wav,1.0044428,0.0698787,0.75658,0.19993193,1.0184124
../TrueNAS/nies_audio_recording/2024/ChirpArray/Akitsu/20240825_1410.wav,1.0081292,0.17806622,1.0892763,0.22224034,1.0275743
../TrueNAS/nies_audio_recording/2024/ChirpArray/Akitsu/20240825_1500.wav,1.0248423,0.931561,1.075697,0.28303325,1.0481484
../TrueNAS/nies_audio_recording/2024/ChirpArray/Akitsu/20240825_1510.wav,1.0171257,0.6069157,1.0757535,0.8377684,1.0473695
../TrueNAS/nies_audio_recording/2024/ChirpArray/Akitsu/20240825_1600.wav,1.0250283,0.060642272,0.11435211,0.40867776,0.9673451
../TrueNAS/nies_audio_recording/2024/ChirpArray/Akitsu/20240825_1610.wav,1.0151385,0.16832273,1.0866067,0.3933674,1.0393672
../TrueNAS/nies_audio_recording/2024/ChirpArray/Akitsu/20240825_1700.wav,1.0390265,0.48727006,1.0618571,0.18423328,1.0223293
../TrueNAS/nies_audio_recording/2024/ChirpArray/Akitsu/20240825_1710.wav,1.014843,0.76825136,0.9688872,0.21537815,1.0321312
../TrueNAS/nies_audio_recording/2024/ChirpArray/Akitsu/20240825_1800.wav,0.9943628,0.282008,1.0816597,0.38545293,1.0155798
../TrueNAS/nies_audio_recording/2024/ChirpArray/Akitsu/20240825_1810.wav,1.0256274,0.5983811,0.14127348,0.25854236,0.9783968
../TrueNAS/nies_audio_recording/2024/ChirpArray/Akitsu/20240825_1900.wav,0.031877458,0.0069625564,0.0015555806,0.038827777,0.008078314
../TrueNAS/nies_audio_recording/2024/ChirpArray/Akitsu/20240825_1910.wav,0.20073062,0.10430217,0.62471676,0.44920945,0.008477721
../TrueNAS/nies_audio_recording/2024/ChirpArray/Akitsu/20240825_2000.wav,0.06358232,0.6909266,0.019702967,0.513291,0.004078068
../TrueNAS/nies_audio_recording/2024/ChirpArray/Akitsu/20240825_2010.wav,0.12521575,0.0070850626,0.007478621,0.115064055,0.01134669
../TrueNAS/nies_audio_recording/2024/ChirpArray/Akitsu/20240825_2100.wav,0.29507193,0.010698371,0.008703388,0.31709743,0.0047234483
../TrueNAS/nies_audio_recording/2024/ChirpArray/Akitsu/20240825_2110.wav,0.26815897,0.16282152,7.7329576e-05,0.031160742,0.017615758
../TrueNAS/nies_audio_recording/2024/ChirpArray/Akitsu/20240825_2200.wav,0.24907342,0.102550566,0.5869677,0.053812616,0.020197198
../TrueNAS/nies_audio_recording/2024/ChirpArray/Akitsu/20240825_2210.wav,0.310158,0.040226072,0.0060064495,0.05573733,0.021771252
../TrueNAS/nies_audio_recording/2024/ChirpArray/Akitsu/20240825_2300.wav,0.32848105,0.16364552,-0.0063816495,0.015566997,0.023022652
../TrueNAS/nies_audio_recording/2024/ChirpArray/Akitsu/20240825_2310.wav,0.074119076,0.097026944,-0.0017599873,0.02252765,0.021670133
../TrueNAS/nies_audio_recording/2024/ChirpArray/Akitsu/20240826_0000.wav,0.05229124,0.054374896,-0.002828993,0.006591752,0.028415084
../TrueNAS/nies_audio_recording/2024/ChirpArray/Akitsu/20240826_0100.wav,0.047041863,0.036723044,0.0012527071,0.0050189346,0.023136243
../TrueNAS/nies_audio_recording/2024/ChirpArray/Akitsu/20240826_0110.wav,0.045682225,0.13161685,0.024024244,0.003367357,0.022850841
../TrueNAS/nies_audio_recording/2024/ChirpArray/Akitsu/20240826_0200.wav,0.046943553,0.06165966,-0.0056824647,0.0055925474,0.023367211
../TrueNAS/nies_audio_recording/2024/ChirpArray/Akitsu/20240826_0211.wav,0.118481964,0.25708544,-0.0050298013,0.04151629,0.020594776
../TrueNAS/nies_audio_recording/2024/ChirpArray/Akitsu/20240826_0300.wav,0.17341039,0.5533986,0.030536126,0.120833635,0.023016855
../TrueNAS/nies_audio_recording/2024/ChirpArray/Akitsu/20240826_0310.wav,0.054981645,0.22757812,-0.0038015954,0.0678567,0.021856606
../TrueNAS/nies_audio_recording/2024/ChirpArray/Akitsu/20240826_0400.wav,0.46301132,0.5127027,0.07449013,0.57729346,0.018614747
../TrueNAS/nies_audio_recording/2024/ChirpArray/Akitsu/20240826_0410.wav,0.3165731,0.45321643,0.03464332,0.13147624,0.015107185
../TrueNAS/nies_audio_recording/2024/ChirpArray/Akitsu/20240826_0500.wav,0.117457315,0.44681096,1.0926416,0.844675,1.0734429
../TrueNAS/nies_audio_recording/2024/ChirpArray/Akitsu/20240826_0510.wav,0.08512234,0.12220539,0.96039104,0.20634472,0.024777576
../TrueNAS/nies_audio_recording/2024/ChirpArray/Akitsu/20240826_0600.wav,0.26814055,0.08071828,0.99820745,0.89744884,0.0362532
../TrueNAS/nies_audio_recording/2024/ChirpArray/Akitsu/20240826_0610.wav,0.15087438,0.2108317,1.0657322,0.68903965,1.0609548
../TrueNAS/nies_audio_recording/2024/ChirpArray/Akitsu/20240826_0700.wav,0.23880216,0.85555,1.056012,0.15151367,1.0231724
../TrueNAS/nies_audio_recording/2024/ChirpArray/Akitsu/20240826_0714.wav,0.41609308,0.72824585,1.0456285,0.19419101,1.0180881
../TrueNAS/nies_audio_recording/2024/ChirpArray/Akitsu/20240826_0800.wav,0.123802565,0.49555087,1.094718,0.26387393,1.036205
../TrueNAS/nies_audio_recording/2024/ChirpArray/Akitsu/20240826_0810.wav,0.22049117,0.17163143,1.0678271,0.13799554,1.0490706
../TrueNAS/nies_audio_recording/2024/ChirpArray/Akitsu/20240826_0900.wav,0.04196709,0.11265859,1.0397059,0.07707966,1.0101452
../TrueNAS/nies_audio_recording/2024/ChirpArray/Akitsu/20240826_0910.wav,0.053334445,0.7881537,0.03737894,0.043939464,1.0236698
../TrueNAS/nies_audio_recording/2024/ChirpArray/Akitsu/20240826_1000.wav,0.04021548,0.73205924,0.03858618,0.038642302,1.0138687
../TrueNAS/nies_audio_recording/2024/ChirpArray/Akitsu/20240826_1010.wav,1.0088363,0.7898149,1.0992045,0.21787688,1.0469613
../TrueNAS/nies_audio_recording/2024/ChirpArray/Akitsu/20240826_1100.wav,1.0170777,0.7906452,1.0978607,0.4488898,1.044637
../TrueNAS/nies_audio_recording/2024/ChirpArray/Akitsu/20240826_1110.wav,0.9638169,0.896609,1.0911108,0.2098087,1.0344828
../TrueNAS/nies_audio_recording/2024/ChirpArray/Akitsu/20240826_1114.wav,0.98196405,0.54303384,1.0363219,0.1748896,1.0392761
../TrueNAS/nies_audio_recording/2024/ChirpArray/Akitsu/20240826_1200.wav,1.0296679,0.42291194,1.0580226,0.35409206,1.0004716
../TrueNAS/nies_audio_recording/2024/ChirpArray/Akitsu/20240826_1210.wav,1.0051446,0.13886477,1.0822965,0.26784825,1.0311544
../TrueNAS/nies_audio_recording/2024/ChirpArray/Akitsu/20240826_1300.wav,0.9755393,0.73525506,1.0822126,0.09627543,1.0211272
../TrueNAS/nies_audio_recording/2024/ChirpArray/Akitsu/20240826_1310.wav,0.9889653,0.026299518,0.09464817,0.18110108,1.0005198
../TrueNAS/nies_audio_recording/2024/ChirpArray/Akitsu/20240826_1400.wav,1.0208384,0.6769539,1.081121,0.48024064,1.02009
../TrueNAS/nies_audio_recording/2024/ChirpArray/Akitsu/20240826_1410.wav,1.0227677,0.07309327,1.0941794,0.5555027,1.0467137
../TrueNAS/nies_audio_recording/2024/ChirpArray/Akitsu/20240826_1500.wav,1.0045302,0.23064163,1.1070629,0.3967461,1.0164222
../TrueNAS/nies_audio_recording/2024/ChirpArray/Akitsu/20240826_1510.wav,1.0029377,0.69302267,1.1096407,0.6554424,1.0744998
../TrueNAS/nies_audio_recording/2024/ChirpArray/Akitsu/20240826_1600.wav,1.0017967,0.5884252,1.0953566,0.41589385,1.0393915
../TrueNAS/nies_audio_recording/2024/ChirpArray/Akitsu/20240826_1610.wav,1.0243819,0.8854661,1.0988529,0.8779409,1.0545666
../TrueNAS/nies_audio_recording/2024/ChirpArray/Akitsu/20240826_1700.wav,1.0215125,0.7134779,0.96188414,0.28448373,1.0319847
../TrueNAS/nies_audio_recording/2024/ChirpArray/Akitsu/20240826_1710.wav,1.0323839,0.95834005,1.059621,0.5111374,0.9828682
../TrueNAS/nies_audio_recording/2024/ChirpArray/Akitsu/20240826_1800.wav,1.0123762,0.4376852,1.0954496,0.83622944,1.018535
../TrueNAS/nies_audio_recording/2024/ChirpArray/Akitsu/20240826_1810.wav,1.0146157,0.76260024,1.0641752,0.45338988,0.99414504
../TrueNAS/nies_audio_recording/2024/ChirpArray/Akitsu/20240826_1900.wav,0.17639539,0.15281257,0.33203083,0.8001849,0.2413015
../TrueNAS/nies_audio_recording/2024/ChirpArray/Akitsu/20240826_1910.wav,0.83628744,0.091622084,0.06712578,0.75491744,0.014948331
../TrueNAS/nies_audio_recording/2024/ChirpArray/Akitsu/20240826_2000.wav,0.25731152,0.27963758,0.009502489,0.7592488,0.008953534
../TrueNAS/nies_audio_recording/2024/ChirpArray/Akitsu/20240826_2010.wav,0.41327566,0.23570219,0.06347197,0.8976517,0.010208853
../TrueNAS/nies_audio_recording/2024/ChirpArray/Akitsu/20240826_2100.wav,0.21446106,0.12913248,0.005218882,0.060904704,0.01654175
../TrueNAS/nies_audio_recording/2024/ChirpArray/Akitsu/20240826_2110.wav,0.22589743,0.09592848,0.0032148808,0.022626832,0.018570282
../TrueNAS/nies_audio_recording/2024/ChirpArray/Akitsu/20240826_2200.wav,0.2662713,0.06778397,0.004443582,0.023222715,0.019749723
../TrueNAS/nies_audio_recording/2024/ChirpArray/Akitsu/20240826_2210.wav,0.15651679,0.17824052,0.012264006,0.013529718,0.028567962
../TrueNAS/nies_audio_recording/2024/ChirpArray/Akitsu/20240826_2300.wav,0.10802081,0.019891314,-0.0052787997,0.006124541,0.024404183
../TrueNAS/nies_audio_recording/2024/ChirpArray/Akitsu/20240826_2310.wav,0.12339537,0.012227507,-0.0062713325,0.005954273,0.022990927
../TrueNAS/nies_audio_recording/2024/ChirpArray/Akitsu/20240827_0000.wav,0.15247747,0.011425149,0.00088860467,0.023205578,0.023054376
../TrueNAS/nies_audio_recording/2024/ChirpArray/Akitsu/20240827_0100.wav,0.075501725,0.017856782,-0.0071718544,0.016031146,0.024184197
../TrueNAS/nies_audio_recording/2024/ChirpArray/Akitsu/20240827_0110.wav,0.45242617,0.016156837,0.015725303,0.020991579,0.021690741
../TrueNAS/nies_audio_recording/2024/ChirpArray/Akitsu/20240827_0200.wav,0.38335818,0.006961899,0.013463322,0.038287684,0.026265875
../TrueNAS/nies_audio_recording/2024/ChirpArray/Akitsu/20240827_0210.wav,0.43407676,0.03204109,0.01724827,0.08246938,0.027273118
../TrueNAS/nies_audio_recording/2024/ChirpArray/Akitsu/20240827_0300.wav,0.16363072,0.06987044,0.017783415,0.118899204,0.023764558
../TrueNAS/nies_audio_recording/2024/ChirpArray/Akitsu/20240827_0310.wav,0.2678985,0.08237097,0.019962106,0.14131212,0.019702494
../TrueNAS/nies_audio_recording/2024/ChirpArray/Akitsu/20240827_0400.wav,0.19824365,0.09879553,0.029074337,0.10874134,0.021804169
../TrueNAS/nies_audio_recording/2024/ChirpArray/Akitsu/20240827_0410.wav,0.05726526,0.06600624,-0.007919755,0.034783706,0.021795385
../TrueNAS/nies_audio_recording/2024/ChirpArray/Akitsu/20240827_0500.wav,0.26639426,0.82066315,1.0996366,0.41815668,1.0799401
../TrueNAS/nies_audio_recording/2024/ChirpArray/Akitsu/20240827_0510.wav,0.20363104,0.6363051,1.0160843,0.21080841,0.7886888
../TrueNAS/nies_audio_recording/2024/ChirpArray/Akitsu/20240827_0600.wav,0.15769978,0.14359502,0.9799459,0.21929847,0.029202193
../TrueNAS/nies_audio_recording/2024/ChirpArray/Akitsu/20240827_0610.wav,0.08006497,0.28453743,1.0649132,0.17671782,1.0727108
../TrueNAS/nies_audio_recording/2024/ChirpArray/Akitsu/20240827_0700.wav,0.18231302,0.069115184,1.0801245,0.25369835,1.0634964
../TrueNAS/nies_audio_recording/2024/ChirpArray/Akitsu/20240827_0710.wav,0.072051525,0.92781496,1.1046318,0.16514985,1.0955343
../TrueNAS/nies_audio_recording/2024/ChirpArray/Akitsu/20240827_0800.wav,0.14492312,0.89132774,1.0680381,0.21617621,1.0695814
../TrueNAS/nies_audio_recording/2024/ChirpArray/Akitsu/20240827_0810.wav,0.11627541,0.11844562,1.0741823,0.18554968,1.0633509
../TrueNAS/nies_audio_recording/2024/ChirpArray/Akitsu/20240827_0900.wav,0.9908406,0.23995298,1.1091005,0.25476855,1.0359727
../TrueNAS/nies_audio_recording/2024/ChirpArray/Akitsu/20240827_0910.wav,1.0037924,0.65520126,1.0954279,0.27460748,1.0109859
../TrueNAS/nies_audio_recording/2024/ChirpArray/Akitsu/20240827_1000.wav,1.0304995,0.07558849,1.1004008,0.34842277,1.0373018
../TrueNAS/nies_audio_recording/2024/ChirpArray/Akitsu/20240827_1010.wav,1.0152688,0.30723596,0.07548,0.1219369,1.0445752
../TrueNAS/nies_audio_recording/2024/ChirpArray/Akitsu/20240827_1100.wav,1.0193306,0.8092241,1.1105207,0.35114247,1.0525947
../TrueNAS/nies_audio_recording/2024/ChirpArray/Akitsu/20240827_1110.wav,1.0330884,0.15100601,1.073084,0.6011262,0.92587245
../TrueNAS/nies_audio_recording/2024/ChirpArray/Akitsu/20240827_1200.wav,1.0167054,0.019942243,0.11986625,0.15456718,0.9565642
../TrueNAS/nies_audio_recording/2024/ChirpArray/Akitsu/20240827_1210.wav,1.0160822,0.8143397,1.0967504,0.57352066,1.0474881
../TrueNAS/nies_audio_recording/2024/ChirpArray/Akitsu/20240827_1300.wav,1.0010068,0.62278485,1.1135229,0.4476329,1.0150746
../TrueNAS/nies_audio_recording/2024/ChirpArray/Akitsu/20240827_1310.wav,0.9945269,0.73960704,1.1068802,0.49089736,1.0373139
../TrueNAS/nies_audio_recording/2024/ChirpArray/Akitsu/20240827_1400.wav,1.014413,0.11160153,0.22890614,0.20340548,1.0075905
../TrueNAS/nies_audio_recording/2024/ChirpArray/Akitsu/20240827_1410.wav,1.0393953,0.8623664,1.0702384,0.43288416,0.9985362
../TrueNAS/nies_audio_recording/2024/ChirpArray/Akitsu/20240827_1500.wav,1.0141464,0.9072199,1.1028003,0.24024034,1.0455116
../TrueNAS/nies_audio_recording/2024/ChirpArray/Akitsu/20240827_1510.wav,1.0102915,0.9553625,1.0804647,0.49487597,1.0459554
../TrueNAS/nies_audio_recording/2024/ChirpArray/Akitsu/20240827_1600.wav,1.0133814,0.9118324,1.0820898,0.32299906,1.0462205
../TrueNAS/nies_audio_recording/2024/ChirpArray/Akitsu/20240827_1610.wav,0.99558777,0.71879077,1.0885434,0.4036414,1.0426264
../TrueNAS/nies_audio_recording/2024/ChirpArray/Akitsu/20240827_1700.wav,1.0364404,0.2647945,1.0902487,0.2331644,1.0236909
../TrueNAS/nies_audio_recording/2024/ChirpArray/Akitsu/20240827_1710.wav,1.0317115,0.502854,0.12748916,0.46439523,0.9914824
../TrueNAS/nies_audio_recording/2024/ChirpArray/Akitsu/20240827_1800.wav,0.99645966,0.7267249,0.57272935,0.6086977,1.0361617
../TrueNAS/nies_audio_recording/2024/ChirpArray/Akitsu/20240827_1810.wav,1.0139056,0.84836495,0.5869452,0.36527783,1.0474045
../TrueNAS/nies_audio_recording/2024/ChirpArray/Akitsu/20240827_1900.wav,0.38851538,0.010187522,0.1981794,0.83501536,0.009396959
../TrueNAS/nies_audio_recording/2024/ChirpArray/Akitsu/20240827_1910.wav,0.35449407,0.014121007,0.06520493,0.8651461,0.0072727688
../TrueNAS/nies_audio_recording/2024/ChirpArray/Akitsu/20240827_2000.wav,0.47497463,0.0008164812,0.010903951,0.0481259,0.010398708
../TrueNAS/nies_audio_recording/2024/ChirpArray/Akitsu/20240827_2010.wav,0.66547257,0.1519067,0.014806803,0.11453934,0.0065452494
../TrueNAS/nies_audio_recording/2024/ChirpArray/Akitsu/20240827_2100.wav,0.53605497,0.04896451,0.008226309,0.019958556,0.018970057
../TrueNAS/nies_audio_recording/2024/ChirpArray/Akitsu/20240827_2110.wav,0.4361055,0.009500477,0.0017866567,0.031588078,0.014115289
../TrueNAS/nies_audio_recording/2024/ChirpArray/Akitsu/20240827_2200.wav,0.48231262,0.03898099,-0.00021625683,0.009052917,0.0211436
../TrueNAS/nies_audio_recording/2024/ChirpArray/Akitsu/20240827_2210.wav,0.39844787,0.03608534,-0.0020502321,0.013834491,0.021732166
../TrueNAS/nies_audio_recording/2024/ChirpArray/Akitsu/20240827_2300.wav,0.3430311,0.031658873,0.014042761,0.29835045,0.015727863
../TrueNAS/nies_audio_recording/2024/ChirpArray/Akitsu/20240827_2310.wav,0.62000453,0.009245489,0.016267028,0.4405601,0.003192611
../TrueNAS/nies_audio_recording/2024/ChirpArray/Akitsu/20240828_0000.wav,0.31934303,0.002948355,-0.0010958314,0.0039602667,0.015652254
../TrueNAS/nies_audio_recording/2024/ChirpArray/Akitsu/20240828_0100.wav,0.20791349,0.0043228045,0.0033695512,0.02205515,0.016099885
../TrueNAS/nies_audio_recording/2024/ChirpArray/Akitsu/20240828_0110.wav,0.22711644,0.035319656,0.0037470274,0.029039443,0.019757599
../TrueNAS/nies_audio_recording/2024/ChirpArray/Akitsu/20240828_0200.wav,0.031601988,0.006786911,-0.0057872757,-0.00036440045,0.025364704
../TrueNAS/nies_audio_recording/2024/ChirpArray/Akitsu/20240828_0210.wav,0.045068897,0.007888645,-0.00840709,0.0051959604,0.021292888
../TrueNAS/nies_audio_recording/2024/ChirpArray/Akitsu/20240828_0300.wav,0.1487497,0.3333826,0.09746112,0.87787175,0.023252122
../TrueNAS/nies_audio_recording/2024/ChirpArray/Akitsu/20240828_0310.wav,0.1668553,0.46435976,0.017111462,0.79622716,0.029389337
../TrueNAS/nies_audio_recording/2024/ChirpArray/Akitsu/20240828_0400.wav,0.2723624,0.8387869,0.03415866,0.7429145,0.030622244
../TrueNAS/nies_audio_recording/2024/ChirpArray/Akitsu/20240828_0410.wav,0.117378436,0.42430222,0.024188142,0.18972543,0.019639894
../TrueNAS/nies_audio_recording/2024/ChirpArray/Akitsu/20240828_0500.wav,0.6350326,0.27032325,1.0714611,0.33033103,1.0130185
../TrueNAS/nies_audio_recording/2024/ChirpArray/Akitsu/20240828_0510.wav,0.34637785,0.023053795,1.0042826,0.9860118,0.021140985
../TrueNAS/nies_audio_recording/2024/ChirpArray/Akitsu/20240828_0600.wav,0.11321331,0.11583379,0.9829773,0.3046509,0.024662092
../TrueNAS/nies_audio_recording/2024/ChirpArray/Akitsu/20240828_0610.wav,0.2890077,0.806871,1.0974776,0.275719,1.0509067
../TrueNAS/nies_audio_recording/2024/ChirpArray/Akitsu/20240828_0700.wav,0.05514974,0.025579236,0.9767488,0.09084464,1.0577846
../TrueNAS/nies_audio_recording/2024/ChirpArray/Akitsu/20240828_0710.wav,0.05467283,0.01830063,0.03964864,0.04546295,0.9978088
../TrueNAS/nies_audio_recording/2024/ChirpArray/Akitsu/20240828_0800.wav,0.14244132,0.5100953,1.0774778,0.1952765,1.0481026
../TrueNAS/nies_audio_recording/2024/ChirpArray/Akitsu/20240828_0810.wav,0.10846464,0.76966804,1.0457333,0.13835996,1.0514522
../TrueNAS/nies_audio_recording/2024/ChirpArray/Akitsu/20240828_0900.wav,0.114910044,0.86447614,1.0919923,0.08891381,1.0472839
../TrueNAS/nies_audio_recording/2024/ChirpArray/Akitsu/20240828_0910.wav,0.0538046,0.609463,0.9877459,0.082947135,1.0338509
../TrueNAS/nies_audio_recording/2024/ChirpArray/Akitsu/20240828_1000.wav,0.20078662,0.50805354,1.0704249,0.5028016,1.0656841
../TrueNAS/nies_audio_recording/2024/ChirpArray/Akitsu/20240828_1010.wav,1.024304,0.056535542,0.7198423,0.48520648,1.0550078
../TrueNAS/nies_audio_recording/2024/ChirpArray/Akitsu/20240828_1100.wav,1.030079,0.18315126,0.07965888,0.26331383,1.0228641
../TrueNAS/nies_audio_recording/2024/ChirpArray/Akitsu/20240828_1110.wav,1.0265157,0.70356244,1.0776628,0.48565686,1.0378805
../TrueNAS/nies_audio_recording/2024/ChirpArray/Akitsu/20240828_1200.wav,1.020645,0.10097741,1.1065341,0.6791566,1.0356151
../TrueNAS/nies_audio_recording/2024/ChirpArray/Akitsu/20240828_1210.wav,1.0299964,0.87910175,1.0710902,0.24513438,0.9681504
../TrueNAS/nies_audio_recording/2024/ChirpArray/Akitsu/20240828_1300.wav,0.045060445,0.6461863,0.038241442,0.04466228,1.0285542
../TrueNAS/nies_audio_recording/2024/ChirpArray/Akitsu/20240828_1310.wav,0.8012686,0.8626897,0.03961571,0.042317584,1.0218623
../TrueNAS/nies_audio_recording/2024/ChirpArray/Akitsu/20240828_1400.wav,1.0072052,0.81666857,1.0864489,0.25767788,0.9989648
../TrueNAS/nies_audio_recording/2024/ChirpArray/Akitsu/20240828_1410.wav,1.0078555,0.7946774,1.0925759,0.53268963,1.0548362
../TrueNAS/nies_audio_recording/2024/ChirpArray/Akitsu/20240828_1500.wav,1.0237612,0.12343982,1.088806,0.33697855,1.0304188
../TrueNAS/nies_audio_recording/2024/ChirpArray/Akitsu/20240828_1510.wav,0.98171675,0.94928175,1.0852236,0.44971955,1.0527283
../TrueNAS/nies_audio_recording/2024/ChirpArray/Akitsu/20240828_1600.wav,1.0117652,0.645997,1.0849203,0.5081741,1.0579357
../TrueNAS/nies_audio_recording/2024/ChirpArray/Akitsu/20240828_1610.wav,1.0223435,0.031306088,1.0930717,0.8222658,1.0108272
../TrueNAS/nies_audio_recording/2024/ChirpArray/Akitsu/20240828_1700.wav,1.0263867,0.77454,0.13424459,0.55752665,0.96367884
../TrueNAS/nies_audio_recording/2024/ChirpArray/Akitsu/20240828_1710.wav,1.0404639,0.5379855,0.9946146,0.47016615,1.0279641
../TrueNAS/nies_audio_recording/2024/ChirpArray/Akitsu/20240828_1800.wav,0.99887353,0.83884555,1.0090605,0.7132409,1.0303404
../TrueNAS/nies_audio_recording/2024/ChirpArray/Akitsu/20240828_1810.wav,1.0371822,0.81486344,1.0313772,0.20549518,0.9919102
../TrueNAS/nies_audio_recording/2024/ChirpArray/Akitsu/20240828_1900.wav,0.16139102,0.026293978,0.024279032,0.57147634,0.0018044785
../TrueNAS/nies_audio_recording/2024/ChirpArray/Akitsu/20240828_1910.wav,0.16422188,0.13892472,0.004465036,0.2583868,0.012272343
../TrueNAS/nies_audio_recording/2024/ChirpArray/Akitsu/20240828_2000.wav,0.6546889,0.6777559,0.026867155,0.37188667,-0.0020453706
../TrueNAS/nies_audio_recording/2024/ChirpArray/Akitsu/20240828_2010.wav,0.5589369,-0.0026988424,0.013099525,0.058838375,0.008152515
../TrueNAS/nies_audio_recording/2024/ChirpArray/Akitsu/20240828_2100.wav,0.40737492,0.001463864,0.001709912,0.006301746,0.009329002
../TrueNAS/nies_audio_recording/2024/ChirpArray/Akitsu/20240828_2110.wav,0.19473451,0.004404979,-0.0048743673,0.018448532,0.014913015
../TrueNAS/nies_audio_recording/2024/ChirpArray/Akitsu/20240828_2200.wav,0.5506515,0.4781618,0.0059629716,-0.0030380487,0.02489321
../TrueNAS/nies_audio_recording/2024/ChirpArray/Akitsu/20240828_2210.wav,0.36576515,0.49538332,0.014820781,0.90814155,0.023478553
../TrueNAS/nies_audio_recording/2024/ChirpArray/Akitsu/20240828_2300.wav,0.38705814,0.08321518,0.0043533966,0.11193897,0.011491116
../TrueNAS/nies_audio_recording/2024/ChirpArray/Akitsu/20240828_2310.wav,0.8354694,0.112756,0.020046186,0.8411333,0.01894281
../TrueNAS/nies_audio_recording/2024/ChirpArray/Akitsu/20240829_0000.wav,0.19045398,0.6631561,0.007825609,0.904826,0.008967396
../TrueNAS/nies_audio_recording/2024/ChirpArray/Akitsu/20240829_0100.wav,0.26138055,0.2293921,0.005140621,0.90509903,0.023742482
../TrueNAS/nies_audio_recording/2024/ChirpArray/Akitsu/20240829_0110.wav,0.32678246,0.23864919,0.19580236,0.9115796,0.022758856
../TrueNAS/nies_audio_recording/2024/ChirpArray/Akitsu/20240829_0200.wav,0.39801317,0.5755708,0.15241298,0.905551,0.025057934
../TrueNAS/nies_audio_recording/2024/ChirpArray/Akitsu/20240829_0210.wav,0.18951645,0.18581043,0.09744187,0.9343067,0.022426672
../TrueNAS/nies_audio_recording/2024/ChirpArray/Akitsu/20240829_0300.wav,0.1989964,0.13237691,0.034784254,0.86283153,0.03516712
../TrueNAS/nies_audio_recording/2024/ChirpArray/Akitsu/20240829_0310.wav,0.21017238,0.13154054,0.02018715,0.9034488,0.028668657
../TrueNAS/nies_audio_recording/2024/ChirpArray/Akitsu/20240829_0400.wav,0.21540555,0.792919,0.0023533963,0.857606,0.030543193
../TrueNAS/nies_audio_recording/2024/ChirpArray/Akitsu/20240829_0410.wav,0.1921508,0.9694582,-0.0065720417,0.7841991,0.030488811
../TrueNAS/nies_audio_recording/2024/ChirpArray/Akitsu/20240829_0500.wav,0.09230736,0.57210225,0.97398436,0.19576025,0.95914483
../TrueNAS/nies_audio_recording/2024/ChirpArray/Akitsu/20240829_0510.wav,0.10366003,0.8823281,0.9491625,0.52410644,0.016162187
../TrueNAS/nies_audio_recording/2024/ChirpArray/Akitsu/20240829_0600.wav,0.12065598,0.7758934,1.0036496,0.8581016,0.03374607
../TrueNAS/nies_audio_recording/2024/ChirpArray/Akitsu/20240829_0610.wav,0.06575923,0.9028736,0.04051199,0.44972914,1.0348823
../TrueNAS/nies_audio_recording/2024/ChirpArray/Akitsu/20240829_0615.wav,0.1914177,0.6025919,-0.0018550344,0.70862466,0.020804375
../TrueNAS/nies_audio_recording/2024/ChirpArray/Akitsu/20240829_0700.wav,0.21836501,0.21994413,1.0316108,0.11918395,1.056285
../TrueNAS/nies_audio_recording/2024/ChirpArray/Akitsu/20240829_0712.wav,0.38006106,0.6833717,1.0409466,0.15772294,1.0671114
../TrueNAS/nies_audio_recording/2024/ChirpArray/Akitsu/20240829_0800.wav,0.13256183,0.6804686,1.0048922,0.42025918,1.0094703
../TrueNAS/nies_audio_recording/2024/ChirpArray/Akitsu/20240829_0810.wav,0.03924535,0.5264805,0.012850013,0.015243202,0.31449398
../TrueNAS/nies_audio_recording/2024/ChirpArray/Akitsu/20240829_0900.wav,0.06369639,0.33047724,1.0309352,0.09713822,1.0564424
../TrueNAS/nies_audio_recording/2024/ChirpArray/Akitsu/20240829_0910.wav,0.04498574,0.04495724,0.03290583,0.033133425,1.0126959
../TrueNAS/nies_audio_recording/2024/ChirpArray/Akitsu/20240829_1000.wav,0.9934216,0.58360827,1.0376248,0.15234205,1.0441794
../TrueNAS/nies_audio_recording/2024/ChirpArray/Akitsu/20240829_1010.wav,0.9399098,0.77219564,0.05825353,0.12930033,0.61545265
../TrueNAS/nies_audio_recording/2024/ChirpArray/Akitsu/20240829_1100.wav,0.08441463,0.8978296,1.0406123,0.07526782,1.048284
../TrueNAS/nies_audio_recording/2024/ChirpArray/Akitsu/20240829_1110.wav,0.052031375,0.044748805,0.028251525,0.040475696,0.99408627
../TrueNAS/nies_audio_recording/2024/ChirpArray/Akitsu/20240829_1200.wav,1.0222216,0.38975745,1.1043323,0.38886255,1.0486429
../TrueNAS/nies_audio_recording/2024/ChirpArray/Akitsu/20240829_1210.wav,0.99637127,0.9410866,1.1184287,0.69856507,1.0587065
../TrueNAS/nies_audio_recording/2024/ChirpArray/Akitsu/20240829_1300.wav,1.0195211,0.84943706,1.0852977,0.51200515,1.0242771
../TrueNAS/nies_audio_recording/2024/ChirpArray/Akitsu/20240829_1310.wav,1.0418917,0.58933145,1.0896548,0.2753728,1.0196357
../TrueNAS/nies_audio_recording/2024/ChirpArray/Akitsu/20240829_1400.wav,1.0272962,0.892389,1.106067,0.55336905,1.0248728
../TrueNAS/nies_audio_recording/2024/ChirpArray/Akitsu/20240829_1410.wav,1.0231538,0.12497894,0.7465639,0.20936263,1.0121657
../TrueNAS/nies_audio_recording/2024/ChirpArray/Akitsu/20240829_1500.wav,0.10399746,0.48656207,0.031160224,0.044672713,1.0179905
../TrueNAS/nies_audio_recording/2024/ChirpArray/Akitsu/20240829_1510.wav,1.0265158,0.85626084,0.302629,0.20215772,1.0319443
../TrueNAS/nies_audio_recording/2024/ChirpArray/Akitsu/20240829_1600.wav,1.0289979,0.3886289,1.0745083,0.33348846,1.0383322
../TrueNAS/nies_audio_recording/2024/ChirpArray/Akitsu/20240829_1610.wav,1.0060455,0.123403475,1.09184,0.60243267,1.0320259
../TrueNAS/nies_audio_recording/2024/ChirpArray/Akitsu/20240829_1700.wav,1.0279391,0.8786156,0.088084206,0.20506953,1.0096114
../TrueNAS/nies_audio_recording/2024/ChirpArray/Akitsu/20240829_1710.wav,1.0265988,0.075589746,0.11620735,0.2513966,1.0449593
../TrueNAS/nies_audio_recording/2024/ChirpArray/Akitsu/20240829_1800.wav,1.0016106,0.26476967,0.12675136,0.3383668,1.0205152
../TrueNAS/nies_audio_recording/2024/ChirpArray/Akitsu/20240829_1810.wav,0.9934246,0.77830005,0.06555216,0.20015457,0.9687134
../TrueNAS/nies_audio_recording/2024/ChirpArray/Akitsu/20240829_1900.wav,0.18358222,0.03439614,0.58785367,0.11938556,0.0052756853
../TrueNAS/nies_audio_recording/2024/ChirpArray/Akitsu/20240829_1910.wav,0.5756555,0.18890329,0.19237493,0.18477128,0.0022071078
../TrueNAS/nies_audio_recording/2024/ChirpArray/Akitsu/20240829_2000.wav,0.34284145,0.0012225658,0.004969299,0.2133277,-0.0045778863
../TrueNAS/nies_audio_recording/2024/ChirpArray/Akitsu/20240829_2010.wav,0.39208037,0.034892455,0.34103093,0.07650812,-0.005145438
../TrueNAS/nies_audio_recording/2024/ChirpArray/Akitsu/20240829_2100.wav,0.29651746,0.08652521,0.008284081,0.023333311,0.0075410306
../TrueNAS/nies_audio_recording/2024/ChirpArray/Akitsu/20240829_2110.wav,0.27501276,0.46327412,0.06982015,0.023913048,0.0014238246
../TrueNAS/nies_audio_recording/2024/ChirpArray/Akitsu/20240829_2200.wav,0.322262,0.02160884,0.0077902824,0.00097265095,0.01985193
../TrueNAS/nies_audio_recording/2024/ChirpArray/Akitsu/20240829_2210.wav,0.25123286,0.008276878,-0.003010776,-0.0017402619,0.016189322
../TrueNAS/nies_audio_recording/2024/ChirpArray/Akitsu/20240829_2300.wav,0.4643008,0.7580175,0.18159707,0.39654732,0.7227168
../TrueNAS/nies_audio_recording/2024/ChirpArray/Akitsu/20240829_2310.wav,0.19071493,0.042421184,0.02441528,0.0008810535,0.19835836
../TrueNAS/nies_audio_recording/2024/ChirpArray/Akitsu/20240830_0000.wav,0.05580593,0.0036916714,0.016666573,0.0022445396,0.018402576
../TrueNAS/nies_audio_recording/2024/ChirpArray/Akitsu/20240830_0100.wav,0.18488286,0.8437472,0.0067742057,0.43774414,0.6440555
../TrueNAS/nies_audio_recording/2024/ChirpArray/Akitsu/20240830_0110.wav,0.27558452,0.880981,0.48151222,0.42853844,0.9167757
../TrueNAS/nies_audio_recording/2024/ChirpArray/Akitsu/20240830_0200.wav,0.1546568,0.805783,0.0161631,0.04987414,0.07311034
../TrueNAS/nies_audio_recording/2024/ChirpArray/Akitsu/20240830_0210.wav,0.08393597,0.9318922,0.07231203,0.023615643,0.192215
../TrueNAS/nies_audio_recording/2024/ChirpArray/Akitsu/20240830_0300.wav,0.08530173,0.64157104,0.00066052005,0.15927112,0.023664407
../TrueNAS/nies_audio_recording/2024/ChirpArray/Akitsu/20240830_0310.wav,0.06792852,0.06561552,0.0029248148,0.03451495,0.021888763
../TrueNAS/nies_audio_recording/2024/ChirpArray/Akitsu/20240830_0400.wav,0.102145635,0.16138819,0.0045801997,0.053079203,0.019907087
../TrueNAS/nies_audio_recording/2024/ChirpArray/Akitsu/20240830_0410.wav,0.045836177,0.18658487,0.0013802126,0.037713222,0.015722342
../TrueNAS/nies_audio_recording/2024/ChirpArray/Akitsu/20240830_0500.wav,0.10534942,0.8701268,0.01337244,0.060882803,0.12946942
../TrueNAS/nies_audio_recording/2024/ChirpArray/Akitsu/20240830_0510.wav,0.12811881,0.071712665,0.0027733706,0.036416948,0.08884682
../TrueNAS/nies_audio_recording/2024/ChirpArray/Akitsu/20240830_0600.wav,0.3148913,0.9135911,0.006115753,0.026291616,0.39880168
../TrueNAS/nies_audio_recording/2024/ChirpArray/Akitsu/20240830_0610.wav,0.06866518,0.39672214,0.00057953224,0.017140888,0.09146276
../TrueNAS/nies_audio_recording/2024/ChirpArray/Akitsu/20240830_0700.wav,0.12911068,0.58040524,0.002945874,0.030028358,0.643293
../TrueNAS/nies_audio_recording/2024/ChirpArray/Akitsu/20240830_0710.wav,0.2672315,0.7691847,-0.0027284734,0.05602514,0.20894712
../TrueNAS/nies_audio_recording/2024/ChirpArray/Akitsu/20240830_0800.wav,0.04616755,0.79915994,0.00032404438,0.019704208,0.15871042
../TrueNAS/nies_audio_recording/2024/ChirpArray/Akitsu/20240830_0810.wav,0.2037583,0.9093366,0.014711078,0.036110856,0.29330188
../TrueNAS/nies_audio_recording/2024/ChirpArray/Akitsu/20240830_0900.wav,0.08134812,0.93838096,0.0063112155,0.1534358,0.43833238
../TrueNAS/nies_audio_recording/2024/ChirpArray/Akitsu/20240830_0910.wav,0.21431172,0.9237727,0.0059959367,0.041864343,0.6688645
../TrueNAS/nies_audio_recording/2024/ChirpArray/Akitsu/20240830_1000.wav,0.1534968,0.85958666,0.96359575,0.115854025,0.22829369
../TrueNAS/nies_audio_recording/2024/ChirpArray/Akitsu/20240830_1010.wav,1.0314479,0.93147355,0.03750268,0.058646295,0.6253618
../TrueNAS/nies_audio_recording/2024/ChirpArray/Akitsu/20240830_1100.wav,0.50276136,0.80325264,0.015419152,0.04131838,0.7295579
../TrueNAS/nies_audio_recording/2024/ChirpArray/Akitsu/20240830_1110.wav,0.08265825,0.9396375,0.010128137,0.03483218,0.15057524
../TrueNAS/nies_audio_recording/2024/ChirpArray/Akitsu/20240830_1200.wav,0.060405947,0.75479496,1.0513521,0.15501475,1.0679116
../TrueNAS/nies_audio_recording/2024/ChirpArray/Akitsu/20240830_1210.wav,1.0258454,0.33271384,1.0897992,0.34888342,1.0039586
../TrueNAS/nies_audio_recording/2024/ChirpArray/Akitsu/20240830_1300.wav,1.025546,0.7953966,1.1182016,0.41975993,1.01926
../TrueNAS/nies_audio_recording/2024/ChirpArray/Akitsu/20240830_1310.wav,1.029903,0.43181884,1.0146827,0.85306674,0.9882964
../TrueNAS/nies_audio_recording/2024/ChirpArray/Akitsu/20240830_1400.wav,1.010796,0.08964042,1.102228,0.6195874,1.0390704
../TrueNAS/nies_audio_recording/2024/ChirpArray/Akitsu/20240830_1410.wav,1.0127456,0.891287,1.0873151,0.92424697,1.0416694
../TrueNAS/nies_audio_recording/2024/ChirpArray/Akitsu/20240830_1500.wav,1.0232792,0.23519398,1.0919474,0.36282212,1.0134794
../TrueNAS/nies_audio_recording/2024/ChirpArray/Akitsu/20240830_1510.wav,1.0152956,0.12125343,0.9559585,0.39555568,1.0132918
../TrueNAS/nies_audio_recording/2024/ChirpArray/Akitsu/20240830_1600.wav,1.0018382,0.24505664,1.1058611,0.52327126,1.0016905
../TrueNAS/nies_audio_recording/2024/ChirpArray/Akitsu/20240830_1610.wav,0.91613483,0.92586523,0.06975627,0.08973816,1.0189235
../TrueNAS/nies_audio_recording/2024/ChirpArray/Akitsu/20240830_1700.wav,1.0265267,0.5547566,1.0791649,0.6963087,0.988907
../TrueNAS/nies_audio_recording/2024/ChirpArray/Akitsu/20240830_1710.wav,1.0123298,0.6126651,1.0940925,0.8690888,1.0450636
../TrueNAS/nies_audio_recording/2024/ChirpArray/Akitsu/20240830_1800.wav,1.0262713,0.20515291,0.9227109,0.852318,1.013335
../TrueNAS/nies_audio_recording/2024/ChirpArray/Akitsu/20240830_1810.wav,1.0030727,0.2852124,0.3900122,0.835051,1.0111213
../TrueNAS/nies_audio_recording/2024/ChirpArray/Akitsu/20240830_1900.wav,0.3658389,0.21290864,0.012526888,0.16803044,0.19168782
../TrueNAS/nies_audio_recording/2024/ChirpArray/Akitsu/20240830_1910.wav,0.45878106,0.0032215603,0.67304635,0.12145299,-0.00032187253
../TrueNAS/nies_audio_recording/2024/ChirpArray/Akitsu/20240830_2000.wav,0.5965689,0.025416568,0.22595786,0.0959495,0.0046357587
../TrueNAS/nies_audio_recording/2024/ChirpArray/Akitsu/20240830_2010.wav,0.6476329,0.1583701,0.20919244,0.13945118,0.009902179
../TrueNAS/nies_audio_recording/2024/ChirpArray/Akitsu/20240830_2100.wav,0.4749681,0.0046038628,0.010671489,0.01927492,0.008978501
../TrueNAS/nies_audio_recording/2024/ChirpArray/Akitsu/20240830_2110.wav,0.20278707,0.010555543,0.038635235,0.02174732,0.018749848
../TrueNAS/nies_audio_recording/2024/ChirpArray/Akitsu/20240830_2200.wav,0.25403488,0.0030044243,-4.3176115e-06,0.0066020787,0.014841393
../TrueNAS/nies_audio_recording/2024/ChirpArray/Akitsu/20240830_2210.wav,0.3357821,0.003975833,0.06691271,0.018821955,0.016860738
../TrueNAS/nies_audio_recording/2024/ChirpArray/Akitsu/20240830_2300.wav,0.08563488,0.011816125,-0.007589612,0.2782858,0.01619798
../TrueNAS/nies_audio_recording/2024/ChirpArray/Akitsu/20240830_2310.wav,0.41297698,0.07006787,-0.002584394,0.8004972,0.016835287
../TrueNAS/nies_audio_recording/2024/ChirpArray/Akitsu/20240831_0000.wav,0.32724735,0.0063883457,0.0044763163,0.014151849,0.013578802
../TrueNAS/nies_audio_recording/2024/ChirpArray/Akitsu/20240831_0100.wav,0.78997487,0.05256272,0.014825683,0.058383927,0.019937143
../TrueNAS/nies_audio_recording/2024/ChirpArray/Akitsu/20240831_0110.wav,0.46414003,0.019600442,0.018224712,0.030951276,0.01852125
../TrueNAS/nies_audio_recording/2024/ChirpArray/Akitsu/20240831_0200.wav,0.20022514,0.0217374,0.015999217,0.034703314,0.019073829
../TrueNAS/nies_audio_recording/2024/ChirpArray/Akitsu/20240831_0210.wav,0.3211597,0.00779929,0.0033928491,0.049660675,0.019938245
../TrueNAS/nies_audio_recording/2024/ChirpArray/Akitsu/20240831_0300.wav,0.4966766,0.4003604,0.015508179,0.077555805,0.023942828
../TrueNAS/nies_audio_recording/2024/ChirpArray/Akitsu/20240831_0310.wav,0.25558126,0.27767384,0.008095164,0.025858745,0.023997664
../TrueNAS/nies_audio_recording/2024/ChirpArray/Akitsu/20240831_0400.wav,0.2962188,0.1700999,0.021426413,0.16391689,0.8467934
../TrueNAS/nies_audio_recording/2024/ChirpArray/Akitsu/20240831_0410.wav,0.052891187,0.05742244,-0.0015083812,0.025924914,0.02543161
../TrueNAS/nies_audio_recording/2024/ChirpArray/Akitsu/20240831_0500.wav,0.04056195,-0.009440966,-0.0021578074,0.03330469,0.015812151
../TrueNAS/nies_audio_recording/2024/ChirpArray/Akitsu/20240831_0510.wav,0.38554,0.2623534,0.9896648,0.15394665,1.0257485
../TrueNAS/nies_audio_recording/2024/ChirpArray/Akitsu/20240831_0600.wav,0.049326904,0.10558145,0.027646821,0.042948097,0.9930949
../TrueNAS/nies_audio_recording/2024/ChirpArray/Akitsu/20240831_0610.wav,0.305142,0.66105455,1.0401026,0.25687855,1.0776136
../TrueNAS/nies_audio_recording/2024/ChirpArray/Akitsu/20240831_0700.wav,0.1368735,0.9015843,0.0051475205,0.03595823,0.030927263
../TrueNAS/nies_audio_recording/2024/ChirpArray/Akitsu/20240831_0710.wav,0.03174937,0.0052197464,0.016596947,0.041866414,0.7285352
../TrueNAS/nies_audio_recording/2024/ChirpArray/Akitsu/20240831_0800.wav,0.0536948,0.117813945,0.95480216,0.07894859,1.04391
../TrueNAS/nies_audio_recording/2024/ChirpArray/Akitsu/20240831_0810.wav,0.04490944,0.86416584,1.0578998,0.09747681,1.0649066
../TrueNAS/nies_audio_recording/2024/ChirpArray/Akitsu/20240831_0900.wav,1.0050722,0.5856276,1.0848628,0.4334889,1.0628865
../TrueNAS/nies_audio_recording/2024/ChirpArray/Akitsu/20240831_0910.wav,1.0205599,0.29946244,1.0467294,0.50729877,0.22372544
../TrueNAS/nies_audio_recording/2024/ChirpArray/Akitsu/20240831_1000.wav,1.0136398,0.7074851,1.1097791,0.26390284,1.0585058
../TrueNAS/nies_audio_recording/2024/ChirpArray/Akitsu/20240831_1010.wav,0.997835,0.15515026,1.1172713,0.36143917,1.0572618
../TrueNAS/nies_audio_recording/2024/ChirpArray/Akitsu/20240831_1100.wav,1.0082397,0.7356177,1.1316695,0.52812517,1.0335784
../TrueNAS/nies_audio_recording/2024/ChirpArray/Akitsu/20240831_1110.wav,1.0075203,0.5929117,0.38300538,0.49208546,1.0351931
../TrueNAS/nies_audio_recording/2024/ChirpArray/Akitsu/20240831_1200.wav,1.0108908,0.19348216,1.0926503,0.9776333,1.0148141
../TrueNAS/nies_audio_recording/2024/ChirpArray/Akitsu/20240831_1210.wav,1.021883,0.8039265,1.0936346,0.39113128,0.99689126
../TrueNAS/nies_audio_recording/2024/ChirpArray/Akitsu/20240831_1300.wav,0.9987314,0.8169016,1.0854251,0.26560748,1.0392787
../TrueNAS/nies_audio_recording/2024/ChirpArray/Akitsu/20240831_1310.wav,1.0316421,0.88988906,1.093655,0.32808274,1.0229661
../TrueNAS/nies_audio_recording/2024/ChirpArray/Akitsu/20240831_1400.wav,1.0394677,0.6908805,0.1337062,0.7579999,0.9980204
../TrueNAS/nies_audio_recording/2024/ChirpArray/Akitsu/20240831_1410.wav,0.9971593,0.69099,1.0993901,0.52153444,1.0426694
../TrueNAS/nies_audio_recording/2024/ChirpArray/Akitsu/20240831_1500.wav,0.99450094,0.82826,1.1090529,0.47259843,1.0298604
../TrueNAS/nies_audio_recording/2024/ChirpArray/Akitsu/20240831_1510.wav,1.0253139,0.24824362,1.0658478,0.2655493,1.0017983
../TrueNAS/nies_audio_recording/2024/ChirpArray/Akitsu/20240831_1600.wav,1.0341191,0.0542479,0.103862286,0.52352065,1.0010982
../TrueNAS/nies_audio_recording/2024/ChirpArray/Akitsu/20240831_1610.wav,1.0298293,0.7592443,0.32193413,0.2770592,1.0256753
../TrueNAS/nies_audio_recording/2024/ChirpArray/Akitsu/20240831_1700.wav,1.0255148,0.74371564,0.09737225,0.5231371,1.0469235
../TrueNAS/nies_audio_recording/2024/ChirpArray/Akitsu/20240831_1710.wav,1.0220093,0.24872977,0.17761561,0.35597265,1.0339779
../TrueNAS/nies_audio_recording/2024/ChirpArray/Akitsu/20240831_1800.wav,0.7268291,0.040097836,0.040608797,0.053746514,1.0220445
../TrueNAS/nies_audio_recording/2024/ChirpArray/Akitsu/20240831_1810.wav,0.24224398,0.022766521,0.04461367,0.05336407,0.73991406
../TrueNAS/nies_audio_recording/2024/ChirpArray/Akitsu/20240831_1900.wav,0.4776966,0.31224495,0.27871758,0.63915473,0.005236201
../TrueNAS/nies_audio_recording/2024/ChirpArray/Akitsu/20240831_1910.wav,0.22678092,0.15526256,0.1150883,0.83115774,-0.00027897954
../TrueNAS/nies_audio_recording/2024/ChirpArray/Akitsu/20240831_2000.wav,0.65158814,0.123848036,0.5273942,0.045985144,-0.0019960254
../TrueNAS/nies_audio_recording/2024/ChirpArray/Akitsu/20240831_2010.wav,0.5668767,0.14733529,0.020509925,0.25780594,-0.0038102902
../TrueNAS/nies_audio_recording/2024/ChirpArray/Akitsu/20240831_2100.wav,0.65794426,0.13069795,0.018283527,0.02203022,0.017395422
../TrueNAS/nies_audio_recording/2024/ChirpArray/Akitsu/20240831_2110.wav,0.7132204,0.45214152,0.009698778,0.054061577,0.016185172
../TrueNAS/nies_audio_recording/2024/ChirpArray/Akitsu/20240831_2200.wav,0.30719012,0.0134398965,0.17231278,-0.0015428811,0.022855282
../TrueNAS/nies_audio_recording/2024/ChirpArray/Akitsu/20240831_2210.wav,0.21449974,0.40156728,-0.002971772,0.004813105,0.022564173
../TrueNAS/nies_audio_recording/2024/ChirpArray/Akitsu/20240831_2300.wav,0.50650597,0.062730566,0.0037985258,0.045066707,0.013603203
../TrueNAS/nies_audio_recording/2024/ChirpArray/Akitsu/20240831_2310.wav,0.30954307,0.09758407,0.006253861,0.0027020052,0.017961465
../TrueNAS/nies_audio_recording/2024/ChirpArray/Akitsu/20240901_0000.wav,0.24696037,0.15166813,0.015930634,0.27294594,0.018494904
../TrueNAS/nies_audio_recording/2024/ChirpArray/Akitsu/20240901_0100.wav,0.19408783,0.055408165,-0.00444334,0.7005158,0.015818462
../TrueNAS/nies_audio_recording/2024/ChirpArray/Akitsu/20240901_0110.wav,0.052527964,0.029244326,0.01396909,0.011883013,0.019561887
../TrueNAS/nies_audio_recording/2024/ChirpArray/Akitsu/20240901_0200.wav,0.049569104,0.09822619,-0.0051988885,0.016784027,0.024059176
../TrueNAS/nies_audio_recording/2024/ChirpArray/Akitsu/20240901_0210.wav,0.025585711,0.093432106,-0.004281562,-0.006599836,0.02234532
../TrueNAS/nies_audio_recording/2024/ChirpArray/Akitsu/20240901_0300.wav,0.03700785,0.08785091,-0.005607661,0.03559061,0.02061896
../TrueNAS/nies_audio_recording/2024/ChirpArray/Akitsu/20240901_0310.wav,0.050716266,-0.0027642772,0.0039699003,0.05089768,0.016804397
../TrueNAS/nies_audio_recording/2024/ChirpArray/Akitsu/20240901_0400.wav,0.124621384,0.22057956,0.042022984,0.25217485,0.0060858987
../TrueNAS/nies_audio_recording/2024/ChirpArray/Akitsu/20240901_0410.wav,0.38387954,0.54584855,0.057273243,0.89734393,0.02722685
../TrueNAS/nies_audio_recording/2024/ChirpArray/Akitsu/20240901_0500.wav,0.14481322,0.80978906,0.055761363,0.89351827,1.0255374
../TrueNAS/nies_audio_recording/2024/ChirpArray/Akitsu/20240901_0510.wav,0.21160689,0.80484575,0.2170492,0.8747959,0.028524168
../TrueNAS/nies_audio_recording/2024/ChirpArray/Akitsu/20240901_0600.wav,0.2669505,0.0327826,0.037154872,0.8774249,0.8899957
../TrueNAS/nies_audio_recording/2024/ChirpArray/Akitsu/20240901_0610.wav,0.12047312,0.02282931,0.052296866,0.90038687,1.040956
../TrueNAS/nies_audio_recording/2024/ChirpArray/Akitsu/20240901_0700.wav,0.4685772,0.028701268,1.0662537,1.0323482,1.0223774
../TrueNAS/nies_audio_recording/2024/ChirpArray/Akitsu/20240901_0710.wav,0.37061757,0.8934682,0.049834188,0.9109085,0.99250793
../TrueNAS/nies_audio_recording/2024/ChirpArray/Akitsu/20240901_0800.wav,0.084811464,0.3368405,0.043070134,0.08501002,1.0159056
../TrueNAS/nies_audio_recording/2024/ChirpArray/Akitsu/20240901_0810.wav,0.07791341,0.029930599,1.055461,0.1501312,1.0433056
../TrueNAS/nies_audio_recording/2024/ChirpArray/Akitsu/20240901_0900.wav,1.0267963,0.09055248,1.1056243,0.24813499,1.0496683
../TrueNAS/nies_audio_recording/2024/ChirpArray/Akitsu/20240901_0910.wav,0.9981827,0.90511143,1.0824028,0.24403663,1.05271
../TrueNAS/nies_audio_recording/2024/ChirpArray/Akitsu/20240901_1000.wav,1.0284828,0.7403582,1.1094859,0.4320677,1.0097791
../TrueNAS/nies_audio_recording/2024/ChirpArray/Akitsu/20240901_1010.wav,1.0593514,0.89984393,1.0575327,0.27978656,1.0257738
../TrueNAS/nies_audio_recording/2024/ChirpArray/Akitsu/20240901_1100.wav,1.0231899,0.8404309,0.110887334,0.7734495,1.0372294
../TrueNAS/nies_audio_recording/2024/ChirpArray/Akitsu/20240901_1110.wav,1.024162,0.50706625,1.044291,0.25206217,1.0158615
../TrueNAS/nies_audio_recording/2024/ChirpArray/Akitsu/20240901_1200.wav,1.0275776,0.86311215,0.110929266,0.20474413,1.0222939
../TrueNAS/nies_audio_recording/2024/ChirpArray/Akitsu/20240901_1210.wav,1.0231658,0.27237588,1.0820869,0.6496754,1.0282335
../TrueNAS/nies_audio_recording/2024/ChirpArray/Akitsu/20240901_1300.wav,1.0196626,0.44865376,0.10734184,0.47300094,1.0310168
../TrueNAS/nies_audio_recording/2024/ChirpArray/Akitsu/20240901_1310.wav,0.53915274,0.42262805,1.0773609,0.11333879,1.0670604
../TrueNAS/nies_audio_recording/2024/ChirpArray/Akitsu/20240901_1400.wav,1.0171455,0.32744873,0.09858203,0.30148518,1.0022807
../TrueNAS/nies_audio_recording/2024/ChirpArray/Akitsu/20240901_1410.wav,1.0117811,0.22145858,0.11103521,0.26573205,1.0282419
../TrueNAS/nies_audio_recording/2024/ChirpArray/Akitsu/20240901_1500.wav,1.0254761,0.24492162,1.092503,0.42213696,1.0153154
../TrueNAS/nies_audio_recording/2024/ChirpArray/Akitsu/20240901_1510.wav,1.0339167,0.595895,0.10598321,0.35873818,1.038389
../TrueNAS/nies_audio_recording/2024/ChirpArray/Akitsu/20240901_1600.wav,1.0254966,0.6664575,1.0806686,0.39316517,1.0264573
../TrueNAS/nies_audio_recording/2024/ChirpArray/Akitsu/20240901_1610.wav,1.0238411,0.50403875,0.40005472,0.56027865,1.0138761
../TrueNAS/nies_audio_recording/2024/ChirpArray/Akitsu/20240901_1700.wav,1.0348306,0.016480898,0.42267802,0.34881565,0.9731542
../TrueNAS/nies_audio_recording/2024/ChirpArray/Akitsu/20240901_1710.wav,1.0339509,0.17280516,0.12643924,0.27747124,1.0201008
../TrueNAS/nies_audio_recording/2024/ChirpArray/Akitsu/20240901_1800.wav,1.0315546,0.085574955,0.13378811,0.54197824,1.0389555
../TrueNAS/nies_audio_recording/2024/ChirpArray/Akitsu/20240901_1810.wav,1.0156912,0.025423821,0.49736682,0.34677935,1.018023
../TrueNAS/nies_audio_recording/2024/ChirpArray/Akitsu/20240901_1900.wav,0.30283645,0.008489743,0.021449488,0.0712573,0.012131777
../TrueNAS/nies_audio_recording/2024/ChirpArray/Akitsu/20240901_1910.wav,0.6252045,0.008048421,0.16197376,0.038332626,0.008815825
../TrueNAS/nies_audio_recording/2024/ChirpArray/Akitsu/20240901_2000.wav,0.42439014,0.1432432,0.21711539,0.08174207,-4.1805208e-05
../TrueNAS/nies_audio_recording/2024/ChirpArray/Akitsu/20240901_2010.wav,0.66558343,0.13764459,0.04013359,0.054044917,0.010004535
../TrueNAS/nies_audio_recording/2024/ChirpArray/Akitsu/20240901_2100.wav,0.35373843,0.0053125005,0.0057929717,0.0331332,0.00034289807
../TrueNAS/nies_audio_recording/2024/ChirpArray/Akitsu/20240901_2111.wav,0.4309329,0.04590672,0.025438327,0.044310298,0.0017414019
../TrueNAS/nies_audio_recording/2024/ChirpArray/Akitsu/20240901_2200.wav,0.30654627,0.067069106,0.017034467,0.01900033,0.052159578
../TrueNAS/nies_audio_recording/2024/ChirpArray/Akitsu/20240901_2210.wav,0.6375664,0.0923276,0.042086896,0.023986354,0.050279334
../TrueNAS/nies_audio_recording/2024/ChirpArray/Akitsu/20240901_2300.wav,0.5147857,0.6095024,0.20305021,0.1117048,0.026119374
../TrueNAS/nies_audio_recording/2024/ChirpArray/Akitsu/20240901_2310.wav,0.26440644,0.35060012,0.018647995,0.018835977,0.04253131
../TrueNAS/nies_audio_recording/2024/ChirpArray/Akitsu/20240902_0000.wav,0.16307476,0.53590626,0.008987155,0.054475144,0.4750423
../TrueNAS/nies_audio_recording/2024/ChirpArray/Akitsu/20240902_0100.wav,0.064536594,0.15348512,-0.0036102198,-0.0007762611,0.023289353
../TrueNAS/nies_audio_recording/2024/ChirpArray/Akitsu/20240902_0110.wav,0.036361583,0.00557575,-0.014257193,-0.0056107044,0.017041564
../TrueNAS/nies_audio_recording/2024/ChirpArray/Akitsu/20240902_0200.wav,0.018299483,0.06181741,-0.012710072,0.005457923,0.018790856
../TrueNAS/nies_audio_recording/2024/ChirpArray/Akitsu/20240902_0210.wav,0.03502006,0.026037313,-0.011466119,0.018382326,0.01783809
../TrueNAS/nies_audio_recording/2024/ChirpArray/Akitsu/20240902_0300.wav,0.19366197,0.10841568,-0.0029595084,0.02002421,0.02404283
../TrueNAS/nies_audio_recording/2024/ChirpArray/Akitsu/20240902_0312.wav,0.034735635,0.03694664,-0.0017352924,0.023959354,0.020669937
../TrueNAS/nies_audio_recording/2024/ChirpArray/Akitsu/20240902_0400.wav,0.04397081,0.18795174,0.06087118,0.08619116,0.016510323
../TrueNAS/nies_audio_recording/2024/ChirpArray/Akitsu/20240902_0410.wav,0.08669002,0.08679265,0.019554239,0.103019744,0.0078945905
../TrueNAS/nies_audio_recording/2024/ChirpArray/Akitsu/20240902_0500.wav,0.11753316,-0.0018585976,0.011533793,0.04757531,0.021137044
../TrueNAS/nies_audio_recording/2024/ChirpArray/Akitsu/20240902_0510.wav,0.09492594,0.17458348,0.050389122,0.087076664,0.89957464
../TrueNAS/nies_audio_recording/2024/ChirpArray/Akitsu/20240902_0600.wav,0.1671341,0.09313056,1.018849,0.271828,1.0481836
../TrueNAS/nies_audio_recording/2024/ChirpArray/Akitsu/20240902_0610.wav,0.06544387,0.096141964,0.040970143,0.06866039,0.8365165
../TrueNAS/nies_audio_recording/2024/ChirpArray/Akitsu/20240902_0700.wav,0.08919431,0.032394644,1.0344163,0.14394547,1.0552893
../TrueNAS/nies_audio_recording/2024/ChirpArray/Akitsu/20240902_0710.wav,0.06726722,0.08527565,0.9412372,0.1174119,1.0332468
../TrueNAS/nies_audio_recording/2024/ChirpArray/Akitsu/20240902_0800.wav,0.05580444,0.7607416,0.041620154,0.052834563,1.0072615
../TrueNAS/nies_audio_recording/2024/ChirpArray/Akitsu/20240902_0810.wav,0.06345596,0.6191387,1.0222136,0.12383658,0.93998337
../TrueNAS/nies_audio_recording/2024/ChirpArray/Akitsu/20240902_0900.wav,0.057747617,0.57764035,1.0505944,0.0889943,1.0460747
../TrueNAS/nies_audio_recording/2024/ChirpArray/Akitsu/20240902_0910.wav,0.06400237,0.14692722,0.03096195,0.034052454,1.0227617
../TrueNAS/nies_audio_recording/2024/ChirpArray/Akitsu/20240902_1000.wav,0.8227879,0.25299782,0.0403749,0.07863375,1.0050839
../TrueNAS/nies_audio_recording/2024/ChirpArray/Akitsu/20240902_1010.wav,0.053559117,0.027364455,0.034283694,0.033798724,1.0085064
../TrueNAS/nies_audio_recording/2024/ChirpArray/Akitsu/20240902_1100.wav,1.020521,0.71138424,0.22587971,0.1637758,1.0250862
../TrueNAS/nies_audio_recording/2024/ChirpArray/Akitsu/20240902_1110.wav,1.0268534,0.31227618,0.067901045,0.59773767,1.026331
../TrueNAS/nies_audio_recording/2024/ChirpArray/Akitsu/20240902_1200.wav,1.0237328,0.13348913,0.8746625,0.3498357,0.9869299
../TrueNAS/nies_audio_recording/2024/ChirpArray/Akitsu/20240902_1210.wav,1.029004,0.18283115,0.15342231,0.4204563,0.9781258
../TrueNAS/nies_audio_recording/2024/ChirpArray/Akitsu/20240902_1300.wav,1.0226103,0.9174366,0.09340413,0.14406294,1.0169723
../TrueNAS/nies_audio_recording/2024/ChirpArray/Akitsu/20240902_1310.wav,1.0258659,0.0676363,0.30598283,0.49822873,0.9739349
../TrueNAS/nies_audio_recording/2024/ChirpArray/Akitsu/20240902_1400.wav,1.0285481,0.86031914,0.11051679,0.46669108,1.0438645
../TrueNAS/nies_audio_recording/2024/ChirpArray/Akitsu/20240902_1410.wav,1.033183,0.36251545,0.32912496,0.2870518,1.0313367
../TrueNAS/nies_audio_recording/2024/ChirpArray/Akitsu/20240902_1500.wav,1.0151812,0.9657362,1.1166863,0.58799523,1.0320082
../TrueNAS/nies_audio_recording/2024/ChirpArray/Akitsu/20240902_1510.wav,1.0195405,0.6551259,0.09909457,0.20081747,1.021039
../TrueNAS/nies_audio_recording/2024/ChirpArray/Akitsu/20240902_1600.wav,1.018006,0.427283,1.0480717,0.52173775,1.0047444
../TrueNAS/nies_audio_recording/2024/ChirpArray/Akitsu/20240902_1610.wav,0.9734864,0.8110427,0.107025266,0.28322986,1.0371157
../TrueNAS/nies_audio_recording/2024/ChirpArray/Akitsu/20240902_1700.wav,1.0170417,0.039695583,0.13305266,0.39025038,1.0135753
../TrueNAS/nies_audio_recording/2024/ChirpArray/Akitsu/20240902_1710.wav,1.0071462,0.4792177,1.0682163,0.63083965,1.0262047
../TrueNAS/nies_audio_recording/2024/ChirpArray/Akitsu/20240902_1800.wav,1.029696,0.5032042,0.08571002,0.30552799,1.0476689
../TrueNAS/nies_audio_recording/2024/ChirpArray/Akitsu/20240902_1810.wav,1.000026,0.63424,0.13160768,0.2992189,1.0585656
../TrueNAS/nies_audio_recording/2024/ChirpArray/Akitsu/20240902_1900.wav,0.21460137,0.027336728,0.38593856,0.056144282,0.0064410195
../TrueNAS/nies_audio_recording/2024/ChirpArray/Akitsu/20240902_1910.wav,0.2597084,0.31347954,0.02709471,0.08452067,0.010086097
../TrueNAS/nies_audio_recording/2024/ChirpArray/Akitsu/20240902_2000.wav,0.2916611,0.0017298739,0.0033021793,0.10285589,0.009984553
../TrueNAS/nies_audio_recording/2024/ChirpArray/Akitsu/20240902_2010.wav,0.44008982,0.038306102,0.03358752,0.17314315,0.016765185
../TrueNAS/nies_audio_recording/2024/ChirpArray/Akitsu/20240902_2100.wav,0.13479298,0.027640784,0.6452067,0.14477934,0.019800648
../TrueNAS/nies_audio_recording/2024/ChirpArray/Akitsu/20240902_2110.wav,0.34867868,0.03820076,0.00072645023,0.00995139,0.019708887
../TrueNAS/nies_audio_recording/2024/ChirpArray/Akitsu/20240902_2200.wav,0.09282535,0.0009929314,-0.0025113337,0.0019736886,0.015195206
../TrueNAS/nies_audio_recording/2024/ChirpArray/Akitsu/20240902_2210.wav,0.28953236,0.006393729,0.03255571,-0.0020782799,0.017117083
../TrueNAS/nies_audio_recording/2024/ChirpArray/Akitsu/20240902_2300.wav,0.43782642,0.024649557,-0.002588544,-0.008252539,0.018525928
../TrueNAS/nies_audio_recording/2024/ChirpArray/Akitsu/20240902_2310.wav,0.2650493,0.01177278,0.004667338,0.00879471,0.016620897
../TrueNAS/nies_audio_recording/2024/ChirpArray/Akitsu/20240903_0000.wav,0.75714827,0.024597613,0.0152676515,0.017139494,0.013285585
../TrueNAS/nies_audio_recording/2024/ChirpArray/Akitsu/20240903_0100.wav,0.6748442,0.0053859465,0.03734499,0.040497884,0.012669064
../TrueNAS/nies_audio_recording/2024/ChirpArray/Akitsu/20240903_0110.wav,0.73205924,0.02288026,0.029083561,0.020270675,0.015075229
../TrueNAS/nies_audio_recording/2024/ChirpArray/Akitsu/20240903_0200.wav,0.16036981,0.032309182,0.008419447,0.031183168,0.027878478
../TrueNAS/nies_audio_recording/2024/ChirpArray/Akitsu/20240903_0210.wav,0.1354035,0.097336166,0.020363849,0.7979153,0.02281773
../TrueNAS/nies_audio_recording/2024/ChirpArray/Akitsu/20240903_0300.wav,0.07955004,0.8224316,0.03289647,0.3219639,0.013736337
../TrueNAS/nies_audio_recording/2024/ChirpArray/Akitsu/20240903_0310.wav,0.21626917,0.699569,0.03883258,0.23415264,0.008894578
../TrueNAS/nies_audio_recording/2024/ChirpArray/Akitsu/20240903_0400.wav,0.08526301,0.41384065,0.021375883,0.16227606,0.0122666955
../TrueNAS/nies_audio_recording/2024/ChirpArray/Akitsu/20240903_0410.wav,0.101668164,0.5361167,0.026659708,0.13166456,0.015802085
../TrueNAS/nies_audio_recording/2024/ChirpArray/Akitsu/20240903_0500.wav,0.066309,0.10229921,0.023576412,0.10594806,0.02623485
../TrueNAS/nies_audio_recording/2024/ChirpArray/Akitsu/20240903_0510.wav,0.07136099,-0.0005701836,0.02378964,0.14891246,0.016029373
../TrueNAS/nies_audio_recording/2024/ChirpArray/Akitsu/20240903_0600.wav,0.08905133,0.010285474,-0.003996115,0.6953132,0.02678094
../TrueNAS/nies_audio_recording/2024/ChirpArray/Akitsu/20240903_0610.wav,0.07925682,0.005511537,0.0022534095,0.67156273,0.019751936
../TrueNAS/nies_audio_recording/2024/ChirpArray/Akitsu/20240903_0700.wav,0.0549566,0.0070808586,0.008777548,0.026740722,0.023387633
../TrueNAS/nies_audio_recording/2024/ChirpArray/Akitsu/20240903_0710.wav,0.05511255,0.027149364,-0.0023858584,0.019621536,0.031074718
../TrueNAS/nies_audio_recording/2024/ChirpArray/Akitsu/20240903_0800.wav,0.563856,0.9420359,0.9691709,0.62462646,0.6860013
../TrueNAS/nies_audio_recording/2024/ChirpArray/Akitsu/20240903_0810.wav,0.0712505,0.8538818,0.0129474215,0.11525885,0.49865732
../TrueNAS/nies_audio_recording/2024/ChirpArray/Akitsu/20240903_0900.wav,0.037751373,0.04554101,-0.0015623756,0.0041289106,0.027644232
../TrueNAS/nies_audio_recording/2024/ChirpArray/Akitsu/20240903_0910.wav,0.055134326,0.08025152,0.03367613,0.033222623,1.0384445
../TrueNAS/nies_audio_recording/2024/ChirpArray/Akitsu/20240903_1000.wav,0.42004463,0.14463021,1.0390351,0.22027019,1.0703855
../TrueNAS/nies_audio_recording/2024/ChirpArray/Akitsu/20240903_1010.wav,0.056574807,0.3243336,1.0110575,0.068543725,1.056288
../TrueNAS/nies_audio_recording/2024/ChirpArray/Akitsu/20240903_1100.wav,0.97545254,0.034476727,1.0973195,0.724263,1.0529698
../TrueNAS/nies_audio_recording/2024/ChirpArray/Akitsu/20240903_1110.wav,0.1239097,0.19821028,0.03290588,0.90114695,0.6206002
../TrueNAS/nies_audio_recording/2024/ChirpArray/Akitsu/20240903_1200.wav,1.0435679,0.24746768,1.0891601,0.43047053,0.95385027
../TrueNAS/nies_audio_recording/2024/ChirpArray/Akitsu/20240903_1210.wav,1.0253787,0.27296674,0.81997013,0.4082836,1.0162935
../TrueNAS/nies_audio_recording/2024/ChirpArray/Akitsu/20240903_1300.wav,1.0197958,0.7218823,0.664854,0.67728907,1.0199246
../TrueNAS/nies_audio_recording/2024/ChirpArray/Akitsu/20240903_1310.wav,1.0242743,0.27626345,0.34513286,0.7303739,0.97645974
../TrueNAS/nies_audio_recording/2024/ChirpArray/Akitsu/20240903_1400.wav,1.0233852,0.4962377,0.11350888,0.72653455,1.018835
../TrueNAS/nies_audio_recording/2024/ChirpArray/Akitsu/20240903_1410.wav,1.0413352,0.06401429,1.0580901,0.84704614,1.0463061
../TrueNAS/nies_audio_recording/2024/ChirpArray/Akitsu/20240903_1500.wav,1.0165564,0.38846982,0.8479013,0.1592602,0.99786186
../TrueNAS/nies_audio_recording/2024/ChirpArray/Akitsu/20240903_1510.wav,1.020807,0.2930624,0.17232521,0.23961093,1.0276479
../TrueNAS/nies_audio_recording/2024/ChirpArray/Akitsu/20240903_1600.wav,0.96067864,0.083379775,0.19551855,0.47930378,1.0164605
../TrueNAS/nies_audio_recording/2024/ChirpArray/Akitsu/20240903_1610.wav,0.84684175,0.15677565,0.09753065,0.25558734,1.0392605
../TrueNAS/nies_audio_recording/2024/ChirpArray/Akitsu/20240903_1700.wav,0.04400361,0.021149397,0.026058223,0.049942926,0.9340873
../TrueNAS/nies_audio_recording/2024/ChirpArray/Akitsu/20240903_1710.wav,0.037548464,0.80214167,0.032070246,0.098761976,0.9718907
../TrueNAS/nies_audio_recording/2024/ChirpArray/Akitsu/20240903_1800.wav,1.0244373,0.5773958,0.26506078,0.8372677,1.0551741
../TrueNAS/nies_audio_recording/2024/ChirpArray/Akitsu/20240903_1810.wav,0.97403497,0.2601285,0.13993904,0.78739685,1.039186
../TrueNAS/nies_audio_recording/2024/ChirpArray/Akitsu/20240903_1900.wav,0.6692915,0.1315284,0.01782095,0.6653512,0.0067885146
../TrueNAS/nies_audio_recording/2024/ChirpArray/Akitsu/20240903_1910.wav,0.8622946,0.0639924,0.03624363,0.7580811,0.0034932122
../TrueNAS/nies_audio_recording/2024/ChirpArray/Akitsu/20240903_2000.wav,0.4222948,0.01857459,0.143135,0.052608587,0.014246866
../TrueNAS/nies_audio_recording/2024/ChirpArray/Akitsu/20240903_2010.wav,0.19229746,0.01979515,0.017135251,0.76564264,0.030334234
../TrueNAS/nies_audio_recording/2024/ChirpArray/Akitsu/20240903_2100.wav,0.21344769,0.5683667,0.026600141,0.8089673,0.026353426
../TrueNAS/nies_audio_recording/2024/ChirpArray/Akitsu/20240903_2110.wav,0.22184834,0.7357468,0.1335962,0.75508225,0.025406241
../TrueNAS/nies_audio_recording/2024/ChirpArray/Akitsu/20240903_2200.wav,0.36528313,0.7128565,0.06913723,0.831984,0.02077514
../TrueNAS/nies_audio_recording/2024/ChirpArray/Akitsu/20240903_2210.wav,0.28857908,0.07325615,0.19931166,0.84231895,0.019911848
../TrueNAS/nies_audio_recording/2024/ChirpArray/Akitsu/20240903_2300.wav,0.36590946,0.055664375,0.051819447,0.3201812,0.011482261
../TrueNAS/nies_audio_recording/2024/ChirpArray/Akitsu/20240903_2310.wav,0.6037151,0.20705807,1.0244515,0.6129125,0.011272382
../TrueNAS/nies_audio_recording/2024/ChirpArray/Akitsu/20240904_0000.wav,0.31826532,0.0563387,0.03915586,0.67671263,0.021007061
../TrueNAS/nies_audio_recording/2024/ChirpArray/Akitsu/20240904_0100.wav,0.20721382,0.3709333,0.18200468,0.33579573,0.013059042
../TrueNAS/nies_audio_recording/2024/ChirpArray/Akitsu/20240904_0110.wav,0.06199307,0.13166714,0.013142746,0.12755315,0.021784984
../TrueNAS/nies_audio_recording/2024/ChirpArray/Akitsu/20240904_0200.wav,0.46786305,0.4426229,0.05844139,0.39244246,0.010893021
../TrueNAS/nies_audio_recording/2024/ChirpArray/Akitsu/20240904_0210.wav,0.45402002,0.19128047,0.04971653,0.1669275,0.01599551
../TrueNAS/nies_audio_recording/2024/ChirpArray/Akitsu/20240904_0300.wav,0.07048094,0.46298265,0.23237489,0.061989095,0.032910325
../TrueNAS/nies_audio_recording/2024/ChirpArray/Akitsu/20240904_0310.wav,0.10995354,0.29637694,0.027525272,0.1651691,0.024249583
../TrueNAS/nies_audio_recording/2024/ChirpArray/Akitsu/20240904_0400.wav,0.3336664,0.07656353,0.022609126,0.07533115,0.013398062
../TrueNAS/nies_audio_recording/2024/ChirpArray/Akitsu/20240904_0410.wav,0.148724,0.21284848,0.0075632185,0.060258664,0.011099841
../TrueNAS/nies_audio_recording/2024/ChirpArray/Akitsu/20240904_0500.wav,0.82946336,0.035910983,0.04546153,0.105800875,0.01316306
../TrueNAS/nies_audio_recording/2024/ChirpArray/Akitsu/20240904_0510.wav,0.8716561,0.09024523,1.0126199,0.26018983,0.01416954
../TrueNAS/nies_audio_recording/2024/ChirpArray/Akitsu/20240904_0600.wav,0.13743159,0.04074174,0.0018222556,0.43394518,0.029642269
../TrueNAS/nies_audio_recording/2024/ChirpArray/Akitsu/20240904_0610.wav,0.22803238,0.28653282,0.009073865,0.075988896,0.019652016
../TrueNAS/nies_audio_recording/2024/ChirpArray/Akitsu/20240904_0700.wav,0.2144444,0.6443327,0.047859963,0.67734426,1.033677
../TrueNAS/nies_audio_recording/2024/ChirpArray/Akitsu/20240904_0710.wav,0.17767324,0.09005959,0.041128878,0.8754309,1.0300643
../TrueNAS/nies_audio_recording/2024/ChirpArray/Akitsu/20240904_0800.wav,0.34707987,1.0080596,0.047428977,0.8906648,1.0480962
../TrueNAS/nies_audio_recording/2024/ChirpArray/Akitsu/20240904_0810.wav,0.3621528,0.12858206,0.04117534,0.84527427,1.0381831
../TrueNAS/nies_audio_recording/2024/ChirpArray/Akitsu/20240904_0900.wav,0.37434417,0.36420923,1.083536,0.99323225,1.0857697
../TrueNAS/nies_audio_recording/2024/ChirpArray/Akitsu/20240904_0910.wav,0.09562695,0.7708724,0.96858525,0.68157405,1.0097648
../TrueNAS/nies_audio_recording/2024/ChirpArray/Akitsu/20240904_1000.wav,0.97748154,0.3861482,1.1029099,0.34187764,1.033465
../TrueNAS/nies_audio_recording/2024/ChirpArray/Akitsu/20240904_1010.wav,0.8356082,0.57483053,0.083096996,0.100802355,1.034719
../TrueNAS/nies_audio_recording/2024/ChirpArray/Akitsu/20240904_1100.wav,1.0396073,0.86871904,0.08136013,0.12995856,0.94520855
../TrueNAS/nies_audio_recording/2024/ChirpArray/Akitsu/20240904_1110.wav,1.0410807,0.94623387,1.0575407,0.7952889,0.98620665
../TrueNAS/nies_audio_recording/2024/ChirpArray/Akitsu/20240904_1200.wav,1.0261472,0.18462966,0.09142503,0.22051716,1.0298406
../TrueNAS/nies_audio_recording/2024/ChirpArray/Akitsu/20240904_1210.wav,1.0307161,0.26985008,0.461863,0.3174315,1.0003765
../TrueNAS/nies_audio_recording/2024/ChirpArray/Akitsu/20240904_1300.wav,1.0355698,0.9739819,0.2839149,0.5199791,1.0247133
../TrueNAS/nies_audio_recording/2024/ChirpArray/Akitsu/20240904_1310.wav,1.0142711,0.6628706,0.6982757,0.093666464,0.3449833
../TrueNAS/nies_audio_recording/2024/ChirpArray/Akitsu/20240904_1400.wav,1.017854,0.87180144,0.09630324,0.16736913,0.9460733
../TrueNAS/nies_audio_recording/2024/ChirpArray/Akitsu/20240904_1410.wav,1.0250206,0.3965881,0.1019185,0.635874,1.0375619
../TrueNAS/nies_audio_recording/2024/ChirpArray/Akitsu/20240904_1500.wav,1.0591272,0.6417616,0.067504615,0.27879095,0.9285859
../TrueNAS/nies_audio_recording/2024/ChirpArray/Akitsu/20240904_1510.wav,0.041877598,0.802923,0.03397986,0.03803888,1.0272111
../TrueNAS/nies_audio_recording/2024/ChirpArray/Akitsu/20240904_1600.wav,0.9330113,0.87620497,0.037901018,0.04386417,1.0486732
../TrueNAS/nies_audio_recording/2024/ChirpArray/Akitsu/20240904_1610.wav,1.0062665,0.85689515,0.6258111,0.27727717,1.028909
../TrueNAS/nies_audio_recording/2024/ChirpArray/Akitsu/20240904_1700.wav,0.04704373,0.02400114,0.029343676,0.03062062,1.0024409
../TrueNAS/nies_audio_recording/2024/ChirpArray/Akitsu/20240904_1710.wav,0.05920135,0.075338796,0.029883321,0.69246733,1.0274692
../TrueNAS/nies_audio_recording/2024/ChirpArray/Akitsu/20240904_1800.wav,1.0311263,0.93577516,0.18457824,0.7614423,1.026784
../TrueNAS/nies_audio_recording/2024/ChirpArray/Akitsu/20240904_1810.wav,1.0403831,0.8587037,0.863369,0.9557707,1.0533388
../TrueNAS/nies_audio_recording/2024/ChirpArray/Akitsu/20240904_1900.wav,0.6526711,0.47980553,0.024437893,0.19960606,0.009905562
../TrueNAS/nies_audio_recording/2024/ChirpArray/Akitsu/20240904_1910.wav,0.80366445,0.7147695,0.034102585,0.46100402,0.009889703
../TrueNAS/nies_audio_recording/2024/ChirpArray/Akitsu/20240904_2000.wav,0.5057077,0.03182867,0.018668752,0.78322387,0.018678494
../TrueNAS/nies_audio_recording/2024/ChirpArray/Akitsu/20240904_2010.wav,0.48947763,0.059562303,0.017003257,0.81842285,0.032978825
../TrueNAS/nies_audio_recording/2024/ChirpArray/Akitsu/20240904_2100.wav,0.2337676,0.43850017,0.010910887,0.20343933,0.016900808
../TrueNAS/nies_audio_recording/2024/ChirpArray/Akitsu/20240904_2110.wav,0.20323819,0.48990613,0.4502212,0.86153173,0.02668593
../TrueNAS/nies_audio_recording/2024/ChirpArray/Akitsu/20240904_2200.wav,0.3619022,0.62365955,0.053757783,0.9051638,0.012429852
../TrueNAS/nies_audio_recording/2024/ChirpArray/Akitsu/20240904_2210.wav,0.20837754,0.15470825,0.038459223,0.8283393,0.027832396
../TrueNAS/nies_audio_recording/2024/ChirpArray/Akitsu/20240904_2300.wav,0.16106886,0.15346104,0.034641173,0.93148446,-0.0030078925
../TrueNAS/nies_audio_recording/2024/ChirpArray/Akitsu/20240904_2310.wav,0.20232284,0.20319986,0.008359496,0.9000982,0.025019169
../TrueNAS/nies_audio_recording/2024/ChirpArray/Akitsu/20240905_0000.wav,0.5089427,0.014314465,0.020928707,0.8930509,0.01706636
../TrueNAS/nies_audio_recording/2024/ChirpArray/Akitsu/20240905_0100.wav,0.916774,0.04574638,0.020113688,0.9072447,0.017555997
../TrueNAS/nies_audio_recording/2024/ChirpArray/Akitsu/20240905_0110.wav,0.87044924,0.01511807,0.028934043,0.8755227,0.016506277
../TrueNAS/nies_audio_recording/2024/ChirpArray/Akitsu/20240905_0200.wav,0.89386827,0.025878955,0.06434645,0.8922707,0.020609945
../TrueNAS/nies_audio_recording/2024/ChirpArray/Akitsu/20240905_0210.wav,0.6831888,0.048991982,0.029541034,0.20198736,0.027611986
../TrueNAS/nies_audio_recording/2024/ChirpArray/Akitsu/20240905_0300.wav,0.249901,0.021356894,0.01797061,0.05882694,0.01287625
../TrueNAS/nies_audio_recording/2024/ChirpArray/Akitsu/20240905_0310.wav,0.55509907,0.052208863,0.03689025,0.4044844,0.018577501
../TrueNAS/nies_audio_recording/2024/ChirpArray/Akitsu/20240905_0400.wav,0.6781276,0.06184763,0.03407235,0.0637544,0.013949264
../TrueNAS/nies_audio_recording/2024/ChirpArray/Akitsu/20240905_0410.wav,0.472682,0.0050547235,0.022581909,0.086063124,0.019113258
../TrueNAS/nies_audio_recording/2024/ChirpArray/Akitsu/20240905_0500.wav,0.7109087,0.01065103,0.05067833,0.089013465,0.012982573
../TrueNAS/nies_audio_recording/2024/ChirpArray/Akitsu/20240905_0510.wav,0.2600973,0.045233242,0.010388147,0.033079788,0.018845037
../TrueNAS/nies_audio_recording/2024/ChirpArray/Akitsu/20240905_0600.wav,0.4780721,0.013610136,0.0431781,0.06894174,0.022035941
../TrueNAS/nies_audio_recording/2024/ChirpArray/Akitsu/20240905_0610.wav,0.26619658,0.039855458,0.055288043,0.4751913,1.0249547
../TrueNAS/nies_audio_recording/2024/ChirpArray/Akitsu/20240905_0700.wav,0.11473152,0.91874653,1.0785955,0.16144955,1.0427073
../TrueNAS/nies_audio_recording/2024/ChirpArray/Akitsu/20240905_0710.wav,0.12996455,0.07608212,0.98655474,0.12770408,0.9953079
../TrueNAS/nies_audio_recording/2024/ChirpArray/Akitsu/20240905_0800.wav,0.19265068,0.067788094,1.0814003,1.0050561,1.0220525
../TrueNAS/nies_audio_recording/2024/ChirpArray/Akitsu/20240905_0810.wav,0.15733425,0.07787099,0.047208276,0.9399842,1.0347134
../TrueNAS/nies_audio_recording/2024/ChirpArray/Akitsu/20240905_0900.wav,0.95152247,0.36645,1.1210775,1.0130061,1.0679364
../TrueNAS/nies_audio_recording/2024/ChirpArray/Akitsu/20240905_0910.wav,1.0091194,0.9981752,1.0449077,0.14250213,1.0425457
../TrueNAS/nies_audio_recording/2024/ChirpArray/Akitsu/20240905_1000.wav,0.06117454,0.07439479,0.9684342,0.08992521,1.0378525
../TrueNAS/nies_audio_recording/2024/ChirpArray/Akitsu/20240905_1010.wav,0.054264497,0.2817368,0.04203673,0.04538372,1.0430772
../TrueNAS/nies_audio_recording/2024/ChirpArray/Akitsu/20240905_1100.wav,1.0221497,0.615855,0.12265308,0.45286667,1.0394526
../TrueNAS/nies_audio_recording/2024/ChirpArray/Akitsu/20240905_1110.wav,1.0167176,0.32179612,1.0721213,0.52974665,0.9876846
../TrueNAS/nies_audio_recording/2024/ChirpArray/Akitsu/20240905_1200.wav,1.0232952,0.51454616,1.1069357,0.50917494,1.0531356
../TrueNAS/nies_audio_recording/2024/ChirpArray/Akitsu/20240905_1210.wav,1.0241427,0.67572844,0.9544103,0.24161816,1.0209669
../TrueNAS/nies_audio_recording/2024/ChirpArray/Akitsu/20240905_1300.wav,1.0265985,0.7843091,0.18773827,0.6318,1.0542822
../TrueNAS/nies_audio_recording/2024/ChirpArray/Akitsu/20240905_1310.wav,1.0122628,0.19472489,0.8863902,0.27122205,1.0176651
../TrueNAS/nies_audio_recording/2024/ChirpArray/Akitsu/20240905_1400.wav,1.0378029,0.8215112,1.0563121,0.47328913,0.7641593
../TrueNAS/nies_audio_recording/2024/ChirpArray/Akitsu/20240905_1410.wav,0.8213468,0.2041491,1.0316721,0.08615754,1.0358
../TrueNAS/nies_audio_recording/2024/ChirpArray/Akitsu/20240905_1500.wav,1.0166607,0.46475327,1.1138822,0.6829802,1.0579679
../TrueNAS/nies_audio_recording/2024/ChirpArray/Akitsu/20240905_1510.wav,1.0210505,0.18579634,0.11071728,0.30878538,1.0345031
../TrueNAS/nies_audio_recording/2024/ChirpArray/Akitsu/20240905_1600.wav,1.019555,0.42508566,1.0508019,0.43688267,1.0025584
../TrueNAS/nies_audio_recording/2024/ChirpArray/Akitsu/20240905_1610.wav,0.043376468,0.1979682,0.037687633,0.034829587,1.040169
../TrueNAS/nies_audio_recording/2024/ChirpArray/Akitsu/20240905_1700.wav,1.0025624,0.82059103,1.0210954,0.6758681,1.0514796
../TrueNAS/nies_audio_recording/2024/ChirpArray/Akitsu/20240905_1710.wav,1.0054789,0.6794737,0.17619565,0.2967928,1.0233138
../TrueNAS/nies_audio_recording/2024/ChirpArray/Akitsu/20240905_1800.wav,1.027905,0.21663567,0.5875386,0.34455216,1.0130522
../TrueNAS/nies_audio_recording/2024/ChirpArray/Akitsu/20240905_1810.wav,1.0436425,0.8337868,0.7758096,0.78969234,1.0189662
../TrueNAS/nies_audio_recording/2024/ChirpArray/Akitsu/20240905_1900.wav,0.673988,0.10479063,0.48895988,0.14705071,-0.009840015
../TrueNAS/nies_audio_recording/2024/ChirpArray/Akitsu/20240905_1910.wav,0.76692003,0.7361344,0.034694385,0.19427194,-0.008497663
../TrueNAS/nies_audio_recording/2024/ChirpArray/Akitsu/20240905_2000.wav,0.61210907,0.006790139,0.8189719,0.70057917,0.0012449361
../TrueNAS/nies_audio_recording/2024/ChirpArray/Akitsu/20240905_2010.wav,0.5982016,0.011959793,0.42846388,0.7266795,0.008862916
../TrueNAS/nies_audio_recording/2024/ChirpArray/Akitsu/20240905_2100.wav,0.21963158,0.021248914,0.54353356,0.82190764,0.026536122
../TrueNAS/nies_audio_recording/2024/ChirpArray/Akitsu/20240905_2110.wav,0.27366263,0.054360915,-0.0035579912,0.77478224,0.02405399
../TrueNAS/nies_audio_recording/2024/ChirpArray/Akitsu/20240905_2200.wav,0.14263642,0.47509688,0.013795052,0.858271,0.03453864
../TrueNAS/nies_audio_recording/2024/ChirpArray/Akitsu/20240905_2210.wav,0.54261845,0.49949932,0.015822385,0.85511345,0.03784895
../TrueNAS/nies_audio_recording/2024/ChirpArray/Akitsu/20240905_2300.wav,0.117229044,0.18993859,0.01289342,0.91176426,0.02912733
../TrueNAS/nies_audio_recording/2024/ChirpArray/Akitsu/20240905_2310.wav,0.10029684,0.37050092,0.015646603,0.89696336,0.027521133
../TrueNAS/nies_audio_recording/2024/ChirpArray/Akitsu/20240906_0004.wav,0.22783473,0.9098994,0.1458206,0.6968909,0.02930189
../TrueNAS/nies_audio_recording/2024/ChirpArray/Akitsu/20240906_0100.wav,0.8946764,0.14443013,0.035784643,0.874721,0.02763924
../TrueNAS/nies_audio_recording/2024/ChirpArray/Akitsu/20240906_0110.wav,0.13033098,0.12519065,0.013005119,0.8887218,0.02681645
../TrueNAS/nies_audio_recording/2024/ChirpArray/Akitsu/20240906_0200.wav,0.7707464,0.45538163,0.06390792,0.8755912,0.032484606
../TrueNAS/nies_audio_recording/2024/ChirpArray/Akitsu/20240906_0210.wav,0.77645236,0.51991075,0.07918322,0.9174016,0.017936736
../TrueNAS/nies_audio_recording/2024/ChirpArray/Akitsu/20240906_0300.wav,0.1996589,0.5039154,0.032894168,0.87240887,0.027320325
../TrueNAS/nies_audio_recording/2024/ChirpArray/Akitsu/20240906_0310.wav,0.18214753,0.20993243,0.04055434,0.89189476,0.01770319
../TrueNAS/nies_audio_recording/2024/ChirpArray/Akitsu/20240906_0400.wav,0.03271178,0.32707804,-0.0038950332,0.06463332,0.014574412
../TrueNAS/nies_audio_recording/2024/ChirpArray/Akitsu/20240906_0410.wav,0.033829805,0.6509878,-0.0041220672,0.037943915,0.010694012
../TrueNAS/nies_audio_recording/2024/ChirpArray/Akitsu/20240906_0500.wav,0.077972434,0.05210165,0.01309767,0.08592066,0.16473185
../TrueNAS/nies_audio_recording/2024/ChirpArray/Akitsu/20240906_0510.wav,0.12472847,0.08084372,0.029959884,0.7678576,0.018677518
../TrueNAS/nies_audio_recording/2024/ChirpArray/Akitsu/20240906_0600.wav,0.15584591,0.028131425,0.0017022379,0.86708647,0.025951281
../TrueNAS/nies_audio_recording/2024/ChirpArray/Akitsu/20240906_0610.wav,0.1813708,0.9451407,1.0260228,0.90442485,1.0617163
../TrueNAS/nies_audio_recording/2024/ChirpArray/Akitsu/20240906_0700.wav,0.17221463,0.21309094,0.9797559,0.30798107,0.9439827
../TrueNAS/nies_audio_recording/2024/ChirpArray/Akitsu/20240906_0710.wav,0.49581778,0.863149,0.31186903,0.5770817,1.0353649
../TrueNAS/nies_audio_recording/2024/ChirpArray/Akitsu/20240906_0800.wav,0.0681413,0.39013308,0.029362615,0.030176952,1.0388945
../TrueNAS/nies_audio_recording/2024/ChirpArray/Akitsu/20240906_0810.wav,0.24027097,0.18530242,1.0326804,0.13045503,1.0293581
../TrueNAS/nies_audio_recording/2024/ChirpArray/Akitsu/20240906_0900.wav,1.0036619,0.103184894,1.119799,0.2562459,1.0491416
../TrueNAS/nies_audio_recording/2024/ChirpArray/Akitsu/20240906_0910.wav,0.05430326,0.5445372,0.044814724,0.038826242,1.0140237
../TrueNAS/nies_audio_recording/2024/ChirpArray/Akitsu/20240906_1000.wav,0.055111215,0.755778,1.081244,0.094978206,1.0647064
../TrueNAS/nies_audio_recording/2024/ChirpArray/Akitsu/20240906_1010.wav,1.0139015,0.80781585,1.0450137,0.119691275,1.0452471
../TrueNAS/nies_audio_recording/2024/ChirpArray/Akitsu/20240906_1100.wav,1.0037668,0.097780384,0.09648807,0.25034225,1.0074787
../TrueNAS/nies_audio_recording/2024/ChirpArray/Akitsu/20240906_1110.wav,1.0246111,0.84135634,0.8058924,0.15637396,1.0054531
../TrueNAS/nies_audio_recording/2024/ChirpArray/Akitsu/20240906_1200.wav,1.0198659,0.024597041,0.06822875,0.14610022,1.0131929
../TrueNAS/nies_audio_recording/2024/ChirpArray/Akitsu/20240906_1210.wav,1.0049121,0.042979278,1.0796217,0.25935382,1.0242352
../TrueNAS/nies_audio_recording/2024/ChirpArray/Akitsu/20240906_1301.wav,0.035267185,0.6416655,0.032719124,0.029571831,1.023816
../TrueNAS/nies_audio_recording/2024/ChirpArray/Akitsu/20240906_1310.wav,1.0068359,0.03200521,0.059111882,0.79219896,0.9872438
../TrueNAS/nies_audio_recording/2024/ChirpArray/Akitsu/20240906_1400.wav,1.0377277,0.3565727,0.25245225,0.6257449,0.99278605
../TrueNAS/nies_audio_recording/2024/ChirpArray/Akitsu/20240906_1410.wav,1.000187,0.1291393,1.0876614,0.93503183,1.0387063
../TrueNAS/nies_audio_recording/2024/ChirpArray/Akitsu/20240906_1500.wav,1.0291554,0.8925685,1.0923166,0.6520205,1.0269561
../TrueNAS/nies_audio_recording/2024/ChirpArray/Akitsu/20240906_1510.wav,1.0075322,0.8166289,0.12783451,0.117963046,1.046342
../TrueNAS/nies_audio_recording/2024/ChirpArray/Akitsu/20240906_1600.wav,0.96857977,0.5331627,1.0753784,0.1337156,1.0592613
../TrueNAS/nies_audio_recording/2024/ChirpArray/Akitsu/20240906_1610.wav,1.0168434,0.17908609,0.99108326,0.46187884,0.97508633
../TrueNAS/nies_audio_recording/2024/ChirpArray/Akitsu/20240906_1700.wav,1.0199785,0.51812845,0.6869153,0.6698933,1.0254741
../TrueNAS/nies_audio_recording/2024/ChirpArray/Akitsu/20240906_1710.wav,1.0198823,0.09668824,0.27277914,0.5108596,1.022813
../TrueNAS/nies_audio_recording/2024/ChirpArray/Akitsu/20240906_1800.wav,1.0229335,0.39598817,0.092607215,0.39286566,1.012108
../TrueNAS/nies_audio_recording/2024/ChirpArray/Akitsu/20240906_1810.wav,0.9892867,0.86878353,0.3806142,0.16387102,1.0260288
../TrueNAS/nies_audio_recording/2024/ChirpArray/Akitsu/20240906_1900.wav,0.1403341,0.33211613,0.07705693,0.45971465,0.0055576637
../TrueNAS/nies_audio_recording/2024/ChirpArray/Akitsu/20240906_1910.wav,0.3523341,0.8311471,0.2154877,0.7484067,0.0018157326
../TrueNAS/nies_audio_recording/2024/ChirpArray/Akitsu/20240906_2000.wav,0.66264427,0.55675596,0.120681,0.41108418,-0.0034018606
../TrueNAS/nies_audio_recording/2024/ChirpArray/Akitsu/20240906_2010.wav,0.8902399,0.48951864,0.5358343,0.16338113,-0.0025080554
../TrueNAS/nies_audio_recording/2024/ChirpArray/Akitsu/20240906_2100.wav,0.80061334,0.9082375,0.16409603,0.19058804,0.0070743226
../TrueNAS/nies_audio_recording/2024/ChirpArray/Akitsu/20240906_2110.wav,0.7228208,0.91529316,0.0296592,0.2041317,0.0035694689
../TrueNAS/nies_audio_recording/2024/ChirpArray/Akitsu/20240906_2200.wav,0.72961265,0.23661847,0.50684726,0.070233494,0.00400272
../TrueNAS/nies_audio_recording/2024/ChirpArray/Akitsu/20240906_2210.wav,0.7721568,0.5734239,0.016618986,0.04219988,0.01625456
../TrueNAS/nies_audio_recording/2024/ChirpArray/Akitsu/20240906_2300.wav,0.52108437,0.21693955,0.0017033629,0.05000288,0.011490613
../TrueNAS/nies_audio_recording/2024/ChirpArray/Akitsu/20240906_2310.wav,0.5646904,0.7213717,0.005629096,0.20241016,0.010994103
../TrueNAS/nies_audio_recording/2024/ChirpArray/Akitsu/20240907_0000.wav,0.5787897,0.14906302,0.013397317,0.79362434,0.021448389
../TrueNAS/nies_audio_recording/2024/ChirpArray/Akitsu/20240907_0100.wav,0.39711088,0.9041385,0.0033026785,0.7572529,0.019080564
../TrueNAS/nies_audio_recording/2024/ChirpArray/Akitsu/20240907_0110.wav,0.23047268,0.19347677,0.18819375,0.7292535,0.024175286
../TrueNAS/nies_audio_recording/2024/ChirpArray/Akitsu/20240907_0200.wav,0.123208106,0.6265576,0.00010380149,0.7471282,0.021371096
../TrueNAS/nies_audio_recording/2024/ChirpArray/Akitsu/20240907_0210.wav,0.15426457,0.4658782,0.0025057085,0.84152555,0.024425954
../TrueNAS/nies_audio_recording/2024/ChirpArray/Akitsu/20240907_0300.wav,0.03500514,0.7479237,0.0021300837,0.12487835,0.01836408
../TrueNAS/nies_audio_recording/2024/ChirpArray/Akitsu/20240907_0310.wav,0.06962709,0.57627016,-0.0021066107,0.82328665,0.032049283
../TrueNAS/nies_audio_recording/2024/ChirpArray/Akitsu/20240907_0400.wav,0.0727642,0.88392705,0.011790205,0.2991115,0.023269348
../TrueNAS/nies_audio_recording/2024/ChirpArray/Akitsu/20240907_0410.wav,0.19478539,0.7674755,0.017937835,0.8521886,0.037801422
../TrueNAS/nies_audio_recording/2024/ChirpArray/Akitsu/20240907_0500.wav,0.22875434,0.897553,1.0001522,0.9674108,0.7748624
../TrueNAS/nies_audio_recording/2024/ChirpArray/Akitsu/20240907_0510.wav,0.3996272,0.5095725,0.9933909,0.99379534,0.07043499
../TrueNAS/nies_audio_recording/2024/ChirpArray/Akitsu/20240907_0600.wav,0.34007007,0.84705526,1.0074159,0.91301113,0.020245537
../TrueNAS/nies_audio_recording/2024/ChirpArray/Akitsu/20240907_0610.wav,0.2400325,0.9122842,1.0003536,0.32612592,0.01726602
../TrueNAS/nies_audio_recording/2024/ChirpArray/Akitsu/20240907_0700.wav,0.072694555,0.9404876,1.0602844,0.13556358,1.0308723
../TrueNAS/nies_audio_recording/2024/ChirpArray/Akitsu/20240907_0710.wav,0.06953828,0.8768099,1.053762,0.26567787,1.0325344
../TrueNAS/nies_audio_recording/2024/ChirpArray/Akitsu/20240907_0800.wav,0.05575864,0.7993061,0.9059633,0.07296433,0.925563
../TrueNAS/nies_audio_recording/2024/ChirpArray/Akitsu/20240907_0810.wav,0.07220394,0.8970305,1.0804411,0.13292906,1.0463923
../TrueNAS/nies_audio_recording/2024/ChirpArray/Akitsu/20240907_0900.wav,0.04637526,0.1773704,0.010297164,0.0510303,0.023214273
../TrueNAS/nies_audio_recording/2024/ChirpArray/Akitsu/20240907_0905.wav,0.050326385,0.96296084,0.032471236,0.054393493,0.98626983
../TrueNAS/nies_audio_recording/2024/ChirpArray/Akitsu/20240907_0910.wav,0.05005546,0.088074386,0.0048672073,0.022677287,0.027792796
../TrueNAS/nies_audio_recording/2024/ChirpArray/Akitsu/20240907_1000.wav,1.0114648,0.6844535,0.06602277,0.08110982,0.99179184
../TrueNAS/nies_audio_recording/2024/ChirpArray/Akitsu/20240907_1010.wav,0.04256619,0.06946898,0.015229408,0.019175857,0.7770163
../TrueNAS/nies_audio_recording/2024/ChirpArray/Akitsu/20240907_1100.wav,0.06487295,0.7101993,0.8993604,0.0579607,0.9444592
../TrueNAS/nies_audio_recording/2024/ChirpArray/Akitsu/20240907_1110.wav,1.0069108,0.2073284,0.051650714,0.095964506,0.9286097
../TrueNAS/nies_audio_recording/2024/ChirpArray/Akitsu/20240907_1200.wav,0.96812826,0.6478178,0.04932062,0.062120177,0.9641136
../TrueNAS/nies_audio_recording/2024/ChirpArray/Akitsu/20240907_1210.wav,1.0197378,0.012017446,0.12474778,0.14287756,0.9928651
../TrueNAS/nies_audio_recording/2024/ChirpArray/Akitsu/20240907_1300.wav,0.96230173,0.05480742,0.04017726,0.029956758,0.97656715
../TrueNAS/nies_audio_recording/2024/ChirpArray/Akitsu/20240907_1310.wav,0.0647968,0.026713677,0.037877146,0.040219523,0.970971
../TrueNAS/nies_audio_recording/2024/ChirpArray/Akitsu/20240907_1400.wav,1.0062319,0.056410156,0.6570438,0.31236982,1.0014278
../TrueNAS/nies_audio_recording/2024/ChirpArray/Akitsu/20240907_1410.wav,1.0221174,0.4448049,0.08338444,0.17789173,0.96460354
../TrueNAS/nies_audio_recording/2024/ChirpArray/Akitsu/20240907_1500.wav,1.0095488,0.019971028,0.08694218,0.16480808,0.97556615
../TrueNAS/nies_audio_recording/2024/ChirpArray/Akitsu/20240907_1510.wav,0.9984441,0.038884558,0.047159325,0.0687134,0.39462623
../TrueNAS/nies_audio_recording/2024/ChirpArray/Akitsu/20240907_1600.wav,1.0285455,0.42685527,0.09845056,0.47130656,0.98238206
../TrueNAS/nies_audio_recording/2024/ChirpArray/Akitsu/20240907_1610.wav,1.0083224,0.75905,0.2796179,0.41430414,1.0189005
../TrueNAS/nies_audio_recording/2024/ChirpArray/Akitsu/20240907_1700.wav,0.05438135,0.8623179,0.03295337,0.04536265,1.0186834
../TrueNAS/nies_audio_recording/2024/ChirpArray/Akitsu/20240907_1710.wav,0.9983385,0.62155217,0.06834805,0.18855354,1.0446624
../TrueNAS/nies_audio_recording/2024/ChirpArray/Akitsu/20240907_1800.wav,0.9986703,0.045985788,0.37437472,0.3338362,1.0286274
../TrueNAS/nies_audio_recording/2024/ChirpArray/Akitsu/20240907_1810.wav,0.96924835,0.3447156,0.077032536,0.20017967,0.9664831
../TrueNAS/nies_audio_recording/2024/ChirpArray/Akitsu/20240907_1900.wav,0.32622865,0.829841,0.024201345,0.37179232,0.005919434
../TrueNAS/nies_audio_recording/2024/ChirpArray/Akitsu/20240907_1910.wav,0.34964427,0.74053204,0.03453171,0.1539204,0.011620499
../TrueNAS/nies_audio_recording/2024/ChirpArray/Akitsu/20240907_2000.wav,0.48266685,0.831297,0.043863777,0.73285097,0.0051022395
../TrueNAS/nies_audio_recording/2024/ChirpArray/Akitsu/20240907_2010.wav,0.6942487,0.2255145,0.4755765,0.6163312,0.008557811
../TrueNAS/nies_audio_recording/2024/ChirpArray/Akitsu/20240907_2100.wav,0.8059514,0.5416099,0.022394735,0.020840168,0.005329881
../TrueNAS/nies_audio_recording/2024/ChirpArray/Akitsu/20240907_2110.wav,0.8479958,0.6148439,0.1631159,0.025624633,0.0061900914
../TrueNAS/nies_audio_recording/2024/ChirpArray/Akitsu/20240907_2200.wav,0.6089601,0.7534788,0.29956454,0.038787752,0.004344195
../TrueNAS/nies_audio_recording/2024/ChirpArray/Akitsu/20240907_2210.wav,0.6175097,0.4901359,0.111636534,0.03306678,0.0065257065
../TrueNAS/nies_audio_recording/2024/ChirpArray/Akitsu/20240907_2300.wav,0.62524897,0.10659096,0.076304495,0.5607043,0.0134417005
../TrueNAS/nies_audio_recording/2024/ChirpArray/Akitsu/20240907_2310.wav,0.7656243,0.4693833,0.21430115,0.22985548,0.005613923
../TrueNAS/nies_audio_recording/2024/ChirpArray/Akitsu/20240908_0000.wav,0.3114979,0.5915932,0.0621874,0.012038805,0.017924242
../TrueNAS/nies_audio_recording/2024/ChirpArray/Akitsu/20240908_0100.wav,0.8001862,0.8276183,0.08306751,0.85840106,0.017300159
../TrueNAS/nies_audio_recording/2024/ChirpArray/Akitsu/20240908_0112.wav,0.5430833,0.46449536,0.0805891,0.77618635,0.03610505
../TrueNAS/nies_audio_recording/2024/ChirpArray/Akitsu/20240908_0200.wav,0.5002107,0.5394504,0.046194892,0.84925556,0.015106171
../TrueNAS/nies_audio_recording/2024/ChirpArray/Akitsu/20240908_0210.wav,0.54576653,0.3570416,0.050369125,0.827192,0.01746732
../TrueNAS/nies_audio_recording/2024/ChirpArray/Akitsu/20240908_0300.wav,0.2435796,0.61222994,0.0018781163,0.8008279,0.029333524
../TrueNAS/nies_audio_recording/2024/ChirpArray/Akitsu/20240908_0310.wav,0.075616926,0.4249105,0.02928571,0.82015544,0.028633952
../TrueNAS/nies_audio_recording/2024/ChirpArray/Akitsu/20240908_0400.wav,0.14074324,0.6154204,0.015568417,0.84641,0.03187845
../TrueNAS/nies_audio_recording/2024/ChirpArray/Akitsu/20240908_0410.wav,0.054320127,0.5474017,-0.002159018,0.637052,0.020823203
../TrueNAS/nies_audio_recording/2024/ChirpArray/Akitsu/20240908_0500.wav,0.048990294,0.8766137,0.018111449,0.027177967,0.7902037
../TrueNAS/nies_audio_recording/2024/ChirpArray/Akitsu/20240908_0510.wav,0.17977887,0.5370095,0.96902645,0.93337566,1.0710971
../TrueNAS/nies_audio_recording/2024/ChirpArray/Akitsu/20240908_0600.wav,0.14942293,0.05457183,0.005365528,0.8981627,0.02362582
../TrueNAS/nies_audio_recording/2024/ChirpArray/Akitsu/20240908_0610.wav,0.21615872,0.013292164,0.9106847,0.9097057,0.027156204
../TrueNAS/nies_audio_recording/2024/ChirpArray/Akitsu/20240908_0700.wav,0.34093043,0.08003477,0.03682513,0.80739385,1.050555
../TrueNAS/nies_audio_recording/2024/ChirpArray/Akitsu/20240908_0710.wav,0.1440541,0.45265353,0.47332367,0.8273524,0.024788424
../TrueNAS/nies_audio_recording/2024/ChirpArray/Akitsu/20240908_0800.wav,0.068627544,0.38094544,0.0384817,0.04559861,1.0187819
../TrueNAS/nies_audio_recording/2024/ChirpArray/Akitsu/20240908_0810.wav,0.052046474,0.19996138,1.0023425,0.15259235,0.8984417
../TrueNAS/nies_audio_recording/2024/ChirpArray/Akitsu/20240908_0900.wav,0.058489747,0.2250861,0.033460233,0.03197755,1.0199186
../TrueNAS/nies_audio_recording/2024/ChirpArray/Akitsu/20240908_0911.wav,0.043735974,0.86977696,0.03762619,0.037375703,1.0264568
../TrueNAS/nies_audio_recording/2024/ChirpArray/Akitsu/20240908_1000.wav,0.033028737,0.032856658,0.023518901,0.04098913,1.0298151
../TrueNAS/nies_audio_recording/2024/ChirpArray/Akitsu/20240908_1010.wav,0.04175,0.32249916,0.023848128,0.033821873,1.0343642
../TrueNAS/nies_audio_recording/2024/ChirpArray/Akitsu/20240908_1100.wav,1.0276314,0.034644645,0.08562295,0.19121936,1.0016962
../TrueNAS/nies_audio_recording/2024/ChirpArray/Akitsu/20240908_1110.wav,1.0027559,0.037136972,0.08705059,0.18929917,1.0201977
../TrueNAS/nies_audio_recording/2024/ChirpArray/Akitsu/20240908_1200.wav,1.0294545,0.92916274,1.0976909,0.67942244,1.0346053
../TrueNAS/nies_audio_recording/2024/ChirpArray/Akitsu/20240908_1210.wav,0.9998118,0.1609961,0.09848131,0.27396604,1.0383345
../TrueNAS/nies_audio_recording/2024/ChirpArray/Akitsu/20240908_1300.wav,1.0221788,0.053725004,1.0821735,0.2654057,1.0312449
../TrueNAS/nies_audio_recording/2024/ChirpArray/Akitsu/20240908_1310.wav,1.0327929,0.055035636,1.0858296,0.63319135,1.0384822
../TrueNAS/nies_audio_recording/2024/ChirpArray/Akitsu/20240908_1400.wav,0.04047419,0.15947007,0.030921195,0.044408053,0.8258686
../TrueNAS/nies_audio_recording/2024/ChirpArray/Akitsu/20240908_1410.wav,0.05228787,0.95212954,0.02883694,0.032554254,1.0195922
../TrueNAS/nies_audio_recording/2024/ChirpArray/Akitsu/20240908_1500.wav,1.0292505,0.040208492,1.0489618,0.20484348,0.952023
../TrueNAS/nies_audio_recording/2024/ChirpArray/Akitsu/20240908_1510.wav,1.0245305,0.8738341,0.122417495,0.43544054,0.9821336
../TrueNAS/nies_audio_recording/2024/ChirpArray/Akitsu/20240908_1600.wav,1.0129019,0.8846255,1.0626467,0.7843223,0.9157556
../TrueNAS/nies_audio_recording/2024/ChirpArray/Akitsu/20240908_1610.wav,1.0172291,0.09514442,0.14547756,0.5327045,0.96809936
../TrueNAS/nies_audio_recording/2024/ChirpArray/Akitsu/20240908_1700.wav,1.0262496,0.2607459,0.12271629,0.34560472,0.9925828
../TrueNAS/nies_audio_recording/2024/ChirpArray/Akitsu/20240908_1710.wav,1.0123776,0.32027447,0.121490955,0.38907588,1.0270624
../TrueNAS/nies_audio_recording/2024/ChirpArray/Akitsu/20240908_1800.wav,1.0109303,0.7134908,0.072966546,0.09860857,1.0140398
../TrueNAS/nies_audio_recording/2024/ChirpArray/Akitsu/20240908_1810.wav,0.8665022,0.030010436,0.025983345,0.048044033,1.0324564
../TrueNAS/nies_audio_recording/2024/ChirpArray/Akitsu/20240908_1900.wav,0.4279301,0.14680085,0.15594013,0.28183204,0.0033546463
../TrueNAS/nies_audio_recording/2024/ChirpArray/Akitsu/20240908_1910.wav,0.6466891,0.032982443,0.15964346,0.10778988,-0.0044704005
../TrueNAS/nies_audio_recording/2024/ChirpArray/Akitsu/20240908_2000.wav,0.7770315,0.5897476,0.029445317,0.08770707,-0.001660008
../TrueNAS/nies_audio_recording/2024/ChirpArray/Akitsu/20240908_2010.wav,0.7794056,0.11104989,0.66245294,0.07110415,0.008187406
../TrueNAS/nies_audio_recording/2024/ChirpArray/Akitsu/20240908_2100.wav,0.67199856,0.39847994,0.13597392,0.1560381,0.013617784
../TrueNAS/nies_audio_recording/2024/ChirpArray/Akitsu/20240908_2110.wav,0.63384056,0.67398375,0.021430131,0.13592738,0.008843768
../TrueNAS/nies_audio_recording/2024/ChirpArray/Akitsu/20240908_2200.wav,0.5745239,0.20586824,0.015302833,0.08538209,0.017319344
../TrueNAS/nies_audio_recording/2024/ChirpArray/Akitsu/20240908_2210.wav,0.77854615,0.9340337,0.02411313,0.03774234,0.01865016
../TrueNAS/nies_audio_recording/2024/ChirpArray/Akitsu/20240908_2300.wav,0.8365168,0.8352018,0.029019471,0.81904787,0.009704612
../TrueNAS/nies_audio_recording/2024/ChirpArray/Akitsu/20240908_2310.wav,0.9071437,0.42683083,0.4294012,0.76889306,0.0019069426
../TrueNAS/nies_audio_recording/2024/ChirpArray/Akitsu/20240909_0000.wav,0.742953,0.35129642,0.123786524,0.83547145,0.014018223
../TrueNAS/nies_audio_recording/2024/ChirpArray/Akitsu/20240909_0100.wav,0.6604549,0.12736239,0.40817958,0.79366964,0.009293217
../TrueNAS/nies_audio_recording/2024/ChirpArray/Akitsu/20240909_0110.wav,0.75262535,0.17832118,0.029875737,0.8383138,0.0052027926
../TrueNAS/nies_audio_recording/2024/ChirpArray/Akitsu/20240909_0200.wav,0.33104357,0.60825044,0.048044447,0.2694869,0.01417172
../TrueNAS/nies_audio_recording/2024/ChirpArray/Akitsu/20240909_0210.wav,0.08424298,0.3579185,0.037308794,0.30617878,0.026060462
../TrueNAS/nies_audio_recording/2024/ChirpArray/Akitsu/20240909_0300.wav,0.03551736,0.5688023,0.0513024,0.043897618,0.020380579
../TrueNAS/nies_audio_recording/2024/ChirpArray/Akitsu/20240909_0310.wav,0.035289146,0.8685321,-0.0022532977,0.054026287,0.017101884
../TrueNAS/nies_audio_recording/2024/ChirpArray/Akitsu/20240909_0400.wav,0.034209304,0.36461264,-0.0008232482,0.25651264,0.018492743
../TrueNAS/nies_audio_recording/2024/ChirpArray/Akitsu/20240909_0410.wav,0.052287243,0.7479242,0.010660227,0.13659139,0.018531367
../TrueNAS/nies_audio_recording/2024/ChirpArray/Akitsu/20240909_0500.wav,0.041364558,0.5298283,0.01830465,0.11577065,0.011202
../TrueNAS/nies_audio_recording/2024/ChirpArray/Akitsu/20240909_0510.wav,0.061297104,0.24312778,0.9860076,0.31278175,0.5658858
../TrueNAS/nies_audio_recording/2024/ChirpArray/Akitsu/20240909_0600.wav,0.12631124,0.7312514,-0.005504396,0.7775455,0.028423078
../TrueNAS/nies_audio_recording/2024/ChirpArray/Akitsu/20240909_0605.wav,0.11663582,0.68890154,-0.0066303276,0.67418075,0.025309145
../TrueNAS/nies_audio_recording/2024/ChirpArray/Akitsu/20240909_0615.wav,0.10990859,0.18653,-0.0071633086,0.7316491,0.023443967
../TrueNAS/nies_audio_recording/2024/ChirpArray/Akitsu/20240909_0700.wav,0.059850108,0.06155187,-0.009294696,0.026211835,0.02348122
../TrueNAS/nies_audio_recording/2024/ChirpArray/Akitsu/20240909_0710.wav,0.09022975,0.7896053,0.81134605,0.047092468,0.027472124
../TrueNAS/nies_audio_recording/2024/ChirpArray/Akitsu/20240909_0800.wav,0.1465696,0.08556843,0.04419097,0.05406799,0.8312565
../TrueNAS/nies_audio_recording/2024/ChirpArray/Akitsu/20240909_0810.wav,0.12714031,0.17345645,0.010101948,0.03454928,0.016395435
../TrueNAS/nies_audio_recording/2024/ChirpArray/Akitsu/20240909_0900.wav,0.03439682,0.0041631144,0.007340353,0.0072319806,0.016807884
../TrueNAS/nies_audio_recording/2024/ChirpArray/Akitsu/20240909_0910.wav,0.031009667,0.08508306,0.009321865,0.013446391,0.011201564
../TrueNAS/nies_audio_recording/2024/ChirpArray/Akitsu/20240909_1000.wav,0.039960306,0.12784815,0.035061214,0.03476566,1.0141146
../TrueNAS/nies_audio_recording/2024/ChirpArray/Akitsu/20240909_1010.wav,0.053411666,0.39814943,0.03508896,0.037724987,0.9958769
../TrueNAS/nies_audio_recording/2024/ChirpArray/Akitsu/20240909_1100.wav,0.03148001,0.0422739,0.03667665,0.030633323,1.0213559
../TrueNAS/nies_audio_recording/2024/ChirpArray/Akitsu/20240909_1110.wav,0.03947611,0.15854314,0.02827866,0.029589713,1.006635
../TrueNAS/nies_audio_recording/2024/ChirpArray/Akitsu/20240909_1200.wav,1.0180368,0.7896833,0.18409802,0.10044797,1.0306242
../TrueNAS/nies_audio_recording/2024/ChirpArray/Akitsu/20240909_1210.wav,1.0100349,0.9527002,0.043598477,0.08812931,0.9106611
../TrueNAS/nies_audio_recording/2024/ChirpArray/Akitsu/20240909_1300.wav,1.0210044,0.522334,0.040451344,0.036082126,1.0261476
../TrueNAS/nies_audio_recording/2024/ChirpArray/Akitsu/20240909_1310.wav,1.0107253,0.09128305,0.06688544,0.11925412,1.003926
../TrueNAS/nies_audio_recording/2024/ChirpArray/Akitsu/20240909_1400.wav,0.98030794,0.31555617,0.0853845,0.30663198,1.0239098
../TrueNAS/nies_audio_recording/2024/ChirpArray/Akitsu/20240909_1410.wav,1.0242548,0.4278834,0.06561622,0.24125952,1.0221539
../TrueNAS/nies_audio_recording/2024/ChirpArray/Akitsu/20240909_1500.wav,1.0031874,0.017508022,0.0629593,0.500087,0.9415873
../TrueNAS/nies_audio_recording/2024/ChirpArray/Akitsu/20240909_1510.wav,0.9927126,0.12154076,0.29777303,0.3115232,1.0176139
../TrueNAS/nies_audio_recording/2024/ChirpArray/Akitsu/20240909_1600.wav,0.04710246,0.93689555,0.035907056,0.041050345,0.96427107
../TrueNAS/nies_audio_recording/2024/ChirpArray/Akitsu/20240909_1610.wav,0.040694155,0.48268855,0.027294379,0.024610475,0.3858855
../TrueNAS/nies_audio_recording/2024/ChirpArray/Akitsu/20240909_1700.wav,0.97749424,0.50142443,0.07476139,0.16615024,1.0185933
../TrueNAS/nies_audio_recording/2024/ChirpArray/Akitsu/20240909_1710.wav,1.0208017,0.79617363,0.04601257,0.3522694,0.7567316
../TrueNAS/nies_audio_recording/2024/ChirpArray/Akitsu/20240909_1800.wav,1.0261703,0.6057714,0.24449669,0.20149392,1.0113398
../TrueNAS/nies_audio_recording/2024/ChirpArray/Akitsu/20240909_1810.wav,0.7001291,0.58701104,0.055916887,0.06017484,1.036683
../TrueNAS/nies_audio_recording/2024/ChirpArray/Akitsu/20240909_1900.wav,0.83707637,0.20565549,0.040948953,0.1335798,-0.0043423176
../TrueNAS/nies_audio_recording/2024/ChirpArray/Akitsu/20240909_1910.wav,0.94694364,0.584298,0.07926035,0.22147411,-0.0074134544
../TrueNAS/nies_audio_recording/2024/ChirpArray/Akitsu/20240909_2000.wav,0.8226984,0.74781996,0.34872437,0.08872466,0.008709297
../TrueNAS/nies_audio_recording/2024/ChirpArray/Akitsu/20240909_2010.wav,0.8731126,0.56884617,0.041332986,0.07390657,-0.004706867
../TrueNAS/nies_audio_recording/2024/ChirpArray/Akitsu/20240909_2100.wav,0.54842037,0.98116,0.025082763,0.034822367,0.015079439
../TrueNAS/nies_audio_recording/2024/ChirpArray/Akitsu/20240909_2110.wav,0.68332165,0.71027714,0.026876684,0.07891802,0.020294845
../TrueNAS/nies_audio_recording/2024/ChirpArray/Akitsu/20240909_2200.wav,0.537936,0.20903672,0.016039137,0.16473393,0.025652677
../TrueNAS/nies_audio_recording/2024/ChirpArray/Akitsu/20240909_2214.wav,0.41859323,0.8248375,0.005825799,0.13771138,0.03147155
../TrueNAS/nies_audio_recording/2024/ChirpArray/Akitsu/20240909_2300.wav,0.2880113,0.49556088,-0.004982371,0.0017771795,0.018374741
../TrueNAS/nies_audio_recording/2024/ChirpArray/Akitsu/20240909_2310.wav,0.5131984,0.7704924,0.001239948,0.051522706,0.013987988
../TrueNAS/nies_audio_recording/2024/ChirpArray/Akitsu/20240910_0000.wav,0.17810054,0.9083723,-0.0044087656,0.572199,0.018575467
../TrueNAS/nies_audio_recording/2024/ChirpArray/Akitsu/20240910_0100.wav,0.21272132,0.9978157,0.0036294796,0.0826726,0.01869779
../TrueNAS/nies_audio_recording/2024/ChirpArray/Akitsu/20240910_0110.wav,0.1791831,0.7795252,-0.0047093667,0.04370661,0.017813027
../TrueNAS/nies_audio_recording/2024/ChirpArray/Akitsu/20240910_0200.wav,0.21968874,0.67035496,0.0076567084,0.871987,0.028664865
../TrueNAS/nies_audio_recording/2024/ChirpArray/Akitsu/20240910_0210.wav,0.2897695,0.34717137,0.011309441,0.8559127,0.012416996
../TrueNAS/nies_audio_recording/2024/ChirpArray/Akitsu/20240910_0300.wav,0.06590009,0.89202,0.003216546,0.69915587,0.026026912
../TrueNAS/nies_audio_recording/2024/ChirpArray/Akitsu/20240910_0310.wav,0.067935266,0.8053326,0.0058691986,0.75067025,0.02196148
../TrueNAS/nies_audio_recording/2024/ChirpArray/Akitsu/20240910_0400.wav,0.054713324,0.9401129,0.012173653,0.07945928,0.027870558
../TrueNAS/nies_audio_recording/2024/ChirpArray/Akitsu/20240910_0410.wav,0.058539707,0.8438608,0.0067584924,0.08943163,0.011780113
../TrueNAS/nies_audio_recording/2024/ChirpArray/Akitsu/20240910_0500.wav,0.08664057,0.8580447,0.00037618354,0.74988276,0.026390597
../TrueNAS/nies_audio_recording/2024/ChirpArray/Akitsu/20240910_0510.wav,0.06392073,0.8707959,0.063204944,0.16892387,1.0062716
../TrueNAS/nies_audio_recording/2024/ChirpArray/Akitsu/20240910_0600.wav,0.081772745,0.96060485,0.00573387,0.87538713,0.025146365
../TrueNAS/nies_audio_recording/2024/ChirpArray/Akitsu/20240910_0610.wav,0.10290481,0.99769884,0.005701389,0.87510914,0.037316293
../TrueNAS/nies_audio_recording/2024/ChirpArray/Akitsu/20240910_0700.wav,0.07478895,0.9529906,0.023344483,0.8342909,0.68976104
../TrueNAS/nies_audio_recording/2024/ChirpArray/Akitsu/20240910_0710.wav,0.09700921,0.11639186,0.009497445,0.9375393,0.044161662
../TrueNAS/nies_audio_recording/2024/ChirpArray/Akitsu/20240910_0800.wav,0.17655954,0.7774214,0.01598395,0.9357881,0.007602595
../TrueNAS/nies_audio_recording/2024/ChirpArray/Akitsu/20240910_0810.wav,0.061450668,0.4158759,0.028898362,0.017490253,0.6865175
../TrueNAS/nies_audio_recording/2024/ChirpArray/Akitsu/20240910_0900.wav,0.06100661,0.19941106,0.015240695,0.024757117,0.8119614
../TrueNAS/nies_audio_recording/2024/ChirpArray/Akitsu/20240910_0910.wav,0.054475687,0.18589516,0.013265055,0.028554522,0.7916931
../TrueNAS/nies_audio_recording/2024/ChirpArray/Akitsu/20240910_1000.wav,0.057928942,0.8565912,0.03565682,0.03689061,1.0262555
../TrueNAS/nies_audio_recording/2024/ChirpArray/Akitsu/20240910_1010.wav,0.69050217,0.35809237,0.04374479,0.406528,1.0195211
../TrueNAS/nies_audio_recording/2024/ChirpArray/Akitsu/20240910_1101.wav,0.9984837,0.020815916,0.058480825,0.6987633,0.902341
../TrueNAS/nies_audio_recording/2024/ChirpArray/Akitsu/20240910_1110.wav,1.0149995,0.066897504,0.06872907,0.1952882,0.9897777
../TrueNAS/nies_audio_recording/2024/ChirpArray/Akitsu/20240910_1200.wav,0.052262187,0.44308138,0.030808356,0.03565462,1.0012958
../TrueNAS/nies_audio_recording/2024/ChirpArray/Akitsu/20240910_1210.wav,0.99550277,0.18222798,0.073837176,0.26101476,0.7698165
../TrueNAS/nies_audio_recording/2024/ChirpArray/Akitsu/20240910_1300.wav,1.0198221,0.03507192,0.05876861,0.12453176,0.016153418
../TrueNAS/nies_audio_recording/2024/ChirpArray/Akitsu/20240910_1310.wav,0.98882717,0.024141511,0.06564236,0.2909989,0.9713706
../TrueNAS/nies_audio_recording/2024/ChirpArray/Akitsu/20240910_1400.wav,0.04644887,0.8868061,0.3533801,0.020394042,0.019452602
../TrueNAS/nies_audio_recording/2024/ChirpArray/Akitsu/20240910_1410.wav,0.88839847,0.62958807,0.0352196,0.046700522,0.9954264
../TrueNAS/nies_audio_recording/2024/ChirpArray/Akitsu/20240910_1500.wav,0.9732389,0.034090787,0.060070332,0.4556772,1.0076786
../TrueNAS/nies_audio_recording/2024/ChirpArray/Akitsu/20240910_1510.wav,1.0213629,0.07009031,0.16846985,0.3791319,0.841972
../TrueNAS/nies_audio_recording/2024/ChirpArray/Akitsu/20240910_1600.wav,1.0202845,0.2620343,0.06656368,0.115162775,0.059380904
../TrueNAS/nies_audio_recording/2024/ChirpArray/Akitsu/20240910_1610.wav,0.5059508,0.48628098,0.3480542,0.06481755,0.6451075
../TrueNAS/nies_audio_recording/2024/ChirpArray/Akitsu/20240910_1700.wav,1.0078202,0.056884773,0.10636665,0.48248512,1.0251195
../TrueNAS/nies_audio_recording/2024/ChirpArray/Akitsu/20240910_1710.wav,1.030827,0.82004863,0.22307141,0.14561182,1.0227771
../TrueNAS/nies_audio_recording/2024/ChirpArray/Akitsu/20240910_1800.wav,1.017055,0.27038854,0.05940758,0.073629424,1.0334332
../TrueNAS/nies_audio_recording/2024/ChirpArray/Akitsu/20240910_1810.wav,0.885284,0.633361,0.03710584,0.09074348,1.0091417
../TrueNAS/nies_audio_recording/2024/ChirpArray/Akitsu/20240910_1900.wav,0.1271252,0.49306434,0.10196145,0.45264453,0.0002741441
../TrueNAS/nies_audio_recording/2024/ChirpArray/Akitsu/20240910_1910.wav,0.11881365,0.023703545,0.30244526,0.22495484,0.008962087
../TrueNAS/nies_audio_recording/2024/ChirpArray/Akitsu/20240910_2000.wav,0.5118376,0.087016985,0.05733676,0.8333212,0.005568795
../TrueNAS/nies_audio_recording/2024/ChirpArray/Akitsu/20240910_2010.wav,0.66511303,0.90865636,0.083122864,0.8666124,0.0071478337
../TrueNAS/nies_audio_recording/2024/ChirpArray/Akitsu/20240910_2100.wav,0.63040656,0.4735828,0.05985899,0.76385486,0.004568197
../TrueNAS/nies_audio_recording/2024/ChirpArray/Akitsu/20240910_2110.wav,0.686932,0.71090716,0.0527361,0.6640583,0.009474196
../TrueNAS/nies_audio_recording/2024/ChirpArray/Akitsu/20240910_2200.wav,0.5221629,0.017611347,0.012707699,0.46510917,0.0059204325
../TrueNAS/nies_audio_recording/2024/ChirpArray/Akitsu/20240910_2210.wav,0.6230559,0.06464216,0.07124297,0.77864367,0.009367652
../TrueNAS/nies_audio_recording/2024/ChirpArray/Akitsu/20240910_2300.wav,0.84432393,0.54958963,0.03401911,0.44823098,0.00053121895
../TrueNAS/nies_audio_recording/2024/ChirpArray/Akitsu/20240910_2310.wav,0.664045,0.104471534,0.012762133,0.07945606,0.008048214
../TrueNAS/nies_audio_recording/2024/ChirpArray/Akitsu/20240911_0001.wav,0.6234841,0.3007114,0.014547478,0.5431636,0.011456218
../TrueNAS/nies_audio_recording/2024/ChirpArray/Akitsu/20240911_0100.wav,0.77697587,0.85970145,0.020822521,0.7378567,-2.4743378e-05
../TrueNAS/nies_audio_recording/2024/ChirpArray/Akitsu/20240911_0110.wav,0.6476278,0.94562143,0.017389376,0.82751614,0.016718283
../TrueNAS/nies_audio_recording/2024/ChirpArray/Akitsu/20240911_0200.wav,0.96199733,0.36279225,0.035549868,0.8422113,0.017301127
../TrueNAS/nies_audio_recording/2024/ChirpArray/Akitsu/20240911_0210.wav,0.78738743,0.027358174,0.021166023,0.7796076,0.018304102
../TrueNAS/nies_audio_recording/2024/ChirpArray/Akitsu/20240911_0300.wav,0.76476866,0.77163166,0.038315978,0.8802765,0.029828273
../TrueNAS/nies_audio_recording/2024/ChirpArray/Akitsu/20240911_0310.wav,0.14322975,0.8377393,0.0068666376,0.8766557,0.0334159
../TrueNAS/nies_audio_recording/2024/ChirpArray/Akitsu/20240911_0400.wav,0.09147084,0.8652782,0.028832037,0.37851632,0.03135348
../TrueNAS/nies_audio_recording/2024/ChirpArray/Akitsu/20240911_0410.wav,0.12388976,0.8432905,0.013886895,0.083928235,0.03124173
../TrueNAS/nies_audio_recording/2024/ChirpArray/Akitsu/20240911_0500.wav,0.0792495,0.87440926,0.05321161,0.3835168,0.76432323
../TrueNAS/nies_audio_recording/2024/ChirpArray/Akitsu/20240911_0510.wav,0.065113574,0.6551186,-0.001669541,0.34206188,0.023205556
../TrueNAS/nies_audio_recording/2024/ChirpArray/Akitsu/20240911_0600.wav,0.06850785,0.034643885,-0.0036254898,0.3431937,0.02585879
../TrueNAS/nies_audio_recording/2024/ChirpArray/Akitsu/20240911_0610.wav,0.11080312,0.05299175,0.04159626,0.08277553,1.0320946
../TrueNAS/nies_audio_recording/2024/ChirpArray/Akitsu/20240911_0700.wav,0.055085123,0.17890981,0.0027504712,0.024873435,0.023331113
../TrueNAS/nies_audio_recording/2024/ChirpArray/Akitsu/20240911_0710.wav,0.06389424,0.24767338,0.03408994,0.032920375,1.0153177
../TrueNAS/nies_audio_recording/2024/ChirpArray/Akitsu/20240911_0800.wav,0.045574658,0.58522475,0.015046705,0.018415712,0.5344075
../TrueNAS/nies_audio_recording/2024/ChirpArray/Akitsu/20240911_0810.wav,0.064698234,0.8175286,0.047534894,0.040706657,0.99290323
../TrueNAS/nies_audio_recording/2024/ChirpArray/Akitsu/20240911_0900.wav,0.049924634,0.054880474,0.031503003,0.036539942,1.0010324
../TrueNAS/nies_audio_recording/2024/ChirpArray/Akitsu/20240911_0910.wav,0.05868372,0.83506185,0.031338368,0.04242935,0.88837135
../TrueNAS/nies_audio_recording/2024/ChirpArray/Akitsu/20240911_1000.wav,0.042924702,0.322891,0.033762258,0.03475246,1.0133781
../TrueNAS/nies_audio_recording/2024/ChirpArray/Akitsu/20240911_1010.wav,0.041175667,0.11720677,0.022295695,0.015770853,0.9178338
../TrueNAS/nies_audio_recording/2024/ChirpArray/Akitsu/20240911_1100.wav,0.03464488,0.07385596,0.0048753396,0.028805062,0.107964545
../TrueNAS/nies_audio_recording/2024/ChirpArray/Akitsu/20240911_1110.wav,0.043148488,0.051167633,0.03537907,0.03505221,1.0092102
../TrueNAS/nies_audio_recording/2024/ChirpArray/Akitsu/20240911_1200.wav,1.0257081,0.042394005,0.07029192,0.3527782,1.0311127
../TrueNAS/nies_audio_recording/2024/ChirpArray/Akitsu/20240911_1210.wav,1.0226232,0.044300906,0.060416784,0.30383384,0.9832487
../TrueNAS/nies_audio_recording/2024/ChirpArray/Akitsu/20240911_1300.wav,1.0171647,0.14424081,0.058545973,0.2043642,0.9800334
../TrueNAS/nies_audio_recording/2024/ChirpArray/Akitsu/20240911_1310.wav,0.9782153,0.13053389,0.08719131,0.18752614,1.0158598
../TrueNAS/nies_audio_recording/2024/ChirpArray/Akitsu/20240911_1400.wav,0.034466002,0.040922996,0.03273787,0.035153463,0.9356799
../TrueNAS/nies_audio_recording/2024/ChirpArray/Akitsu/20240911_1410.wav,0.044910673,0.14044496,0.023698281,0.01653272,0.77130604
../TrueNAS/nies_audio_recording/2024/ChirpArray/Akitsu/20240911_1500.wav,0.035523023,0.055516854,0.018634912,0.02633895,0.76751316
../TrueNAS/nies_audio_recording/2024/ChirpArray/Akitsu/20240911_1510.wav,0.05593764,0.83465844,0.03519165,0.040178783,1.0058796
../TrueNAS/nies_audio_recording/2024/ChirpArray/Akitsu/20240911_1600.wav,0.031969182,0.09493798,0.027804334,0.028862767,0.8429097
../TrueNAS/nies_audio_recording/2024/ChirpArray/Akitsu/20240911_1610.wav,0.041831624,0.9148577,0.025506746,0.02844458,0.8801409
../TrueNAS/nies_audio_recording/2024/ChirpArray/Akitsu/20240911_1700.wav,0.040838026,0.9394905,0.02920388,0.03709632,1.0173246
../TrueNAS/nies_audio_recording/2024/ChirpArray/Akitsu/20240911_1710.wav,0.98558563,0.74350816,0.05960023,0.08380702,1.0207219
../TrueNAS/nies_audio_recording/2024/ChirpArray/Akitsu/20240911_1800.wav,0.99685806,0.073985055,0.074743986,0.10895447,1.0353897
../TrueNAS/nies_audio_recording/2024/ChirpArray/Akitsu/20240911_1810.wav,0.34158194,0.7804311,0.026505876,0.08350739,1.039824
../TrueNAS/nies_audio_recording/2024/ChirpArray/Akitsu/20240911_1900.wav,0.046395913,0.030540511,0.017080855,0.22604504,0.016900435
../TrueNAS/nies_audio_recording/2024/ChirpArray/Akitsu/20240911_1910.wav,0.04961824,0.05067128,0.005544111,0.28661436,0.008317556
../TrueNAS/nies_audio_recording/2024/ChirpArray/Akitsu/20240911_2000.wav,0.5830256,0.43724257,0.016766187,0.16608447,0.00831699
../TrueNAS/nies_audio_recording/2024/ChirpArray/Akitsu/20240911_2013.wav,0.619894,0.7374455,0.02193987,0.11201005,0.01170937
../TrueNAS/nies_audio_recording/2024/ChirpArray/Akitsu/20240911_2100.wav,0.42106152,0.9461804,0.0032305978,0.06206671,0.020663537
../TrueNAS/nies_audio_recording/2024/ChirpArray/Akitsu/20240911_2110.wav,0.49409467,0.037586633,0.013945449,0.05969831,0.011093032
../TrueNAS/nies_audio_recording/2024/ChirpArray/Akitsu/20240911_2200.wav,0.42234266,0.07532562,-0.00018805638,0.091973245,0.005769588
../TrueNAS/nies_audio_recording/2024/ChirpArray/Akitsu/20240911_2210.wav,0.43649068,0.052867483,-0.0022048913,0.10705534,0.014712647
../TrueNAS/nies_audio_recording/2024/ChirpArray/Akitsu/20240911_2300.wav,0.38272622,0.44361252,-0.00077417865,0.03066381,0.026191533
../TrueNAS/nies_audio_recording/2024/ChirpArray/Akitsu/20240911_2310.wav,0.26689503,0.7050901,0.00634972,0.066753894,0.013655681
../TrueNAS/nies_audio_recording/2024/ChirpArray/Akitsu/20240912_0000.wav,0.61474234,0.11990906,0.020188015,0.043209296,0.010350019
../TrueNAS/nies_audio_recording/2024/ChirpArray/Akitsu/20240912_0100.wav,0.46325904,0.5188056,0.013497245,0.02717816,0.022486895
../TrueNAS/nies_audio_recording/2024/ChirpArray/Akitsu/20240912_0110.wav,0.6368553,0.8552164,0.14661948,0.03086339,0.0127342865
../TrueNAS/nies_audio_recording/2024/ChirpArray/Akitsu/20240912_0200.wav,0.8505451,0.85536855,0.3094439,0.024603136,0.02277875
../TrueNAS/nies_audio_recording/2024/ChirpArray/Akitsu/20240912_0210.wav,0.7693256,0.9165606,0.012609933,0.04829801,0.02020447
../TrueNAS/nies_audio_recording/2024/ChirpArray/Akitsu/20240912_0300.wav,0.040905528,0.8985593,-0.0060619265,0.0055332705,0.025319465
../TrueNAS/nies_audio_recording/2024/ChirpArray/Akitsu/20240912_0310.wav,0.13150094,0.8207827,-0.006839007,0.008227579,0.019425295
../TrueNAS/nies_audio_recording/2024/ChirpArray/Akitsu/20240912_0400.wav,0.047999904,0.89015955,0.009297665,0.060990345,0.015155129
../TrueNAS/nies_audio_recording/2024/ChirpArray/Akitsu/20240912_0410.wav,0.06421673,0.7960568,0.013451401,0.10563479,0.016211867
../TrueNAS/nies_audio_recording/2024/ChirpArray/Akitsu/20240912_0500.wav,0.049228758,0.09620588,0.0492977,0.10203167,0.8129519
../TrueNAS/nies_audio_recording/2024/ChirpArray/Akitsu/20240912_0510.wav,0.06183476,0.035208948,0.059255686,0.22826135,0.9909308
../TrueNAS/nies_audio_recording/2024/ChirpArray/Akitsu/20240912_0600.wav,0.067486465,0.9664565,0.047059786,0.07243944,1.0037602
../TrueNAS/nies_audio_recording/2024/ChirpArray/Akitsu/20240912_0610.wav,0.066794,0.85583234,0.045974877,0.058648225,0.6640364
../TrueNAS/nies_audio_recording/2024/ChirpArray/Akitsu/20240912_0700.wav,0.098467484,0.5567896,0.027394515,0.043071,0.4868686
../TrueNAS/nies_audio_recording/2024/ChirpArray/Akitsu/20240912_0710.wav,0.06253189,0.8885766,0.0011482313,0.021808006,0.051135525
../TrueNAS/nies_audio_recording/2024/ChirpArray/Akitsu/20240912_0800.wav,0.051075943,0.93344694,0.015541967,0.010340035,0.036417365
../TrueNAS/nies_audio_recording/2024/ChirpArray/Akitsu/20240912_0810.wav,0.06691557,0.9726859,0.039875176,0.03895075,1.0070711
../TrueNAS/nies_audio_recording/2024/ChirpArray/Akitsu/20240912_0900.wav,0.03596948,0.24340813,0.036335785,0.020058945,0.99973917
../TrueNAS/nies_audio_recording/2024/ChirpArray/Akitsu/20240912_0910.wav,0.03348551,0.019023538,0.0036312044,0.009722769,0.023688093
../TrueNAS/nies_audio_recording/2024/ChirpArray/Akitsu/20240912_1000.wav,0.0456807,0.36294103,0.03212468,0.0371776,0.9812771
../TrueNAS/nies_audio_recording/2024/ChirpArray/Akitsu/20240912_1010.wav,0.033578437,0.017562388,0.02951422,0.022816047,0.79836977
../TrueNAS/nies_audio_recording/2024/ChirpArray/Akitsu/20240912_1100.wav,0.033567607,0.049185712,0.02065004,0.01992201,0.9865025
../TrueNAS/nies_audio_recording/2024/ChirpArray/Akitsu/20240912_1110.wav,0.04298211,0.7785701,0.032163646,0.044285588,1.00209
../TrueNAS/nies_audio_recording/2024/ChirpArray/Akitsu/20240912_1200.wav,0.037227817,0.96195537,0.030933436,0.042644773,0.9207026
../TrueNAS/nies_audio_recording/2024/ChirpArray/Akitsu/20240912_1210.wav,0.046610057,0.49424124,0.03638762,0.030118719,1.0402563
../TrueNAS/nies_audio_recording/2024/ChirpArray/Akitsu/20240912_1300.wav,1.0152184,0.08218522,0.06483653,0.07079528,0.9907484
../TrueNAS/nies_audio_recording/2024/ChirpArray/Akitsu/20240912_1310.wav,1.0082748,0.7594642,0.04958983,0.071863554,0.017980322
../TrueNAS/nies_audio_recording/2024/ChirpArray/Akitsu/20240912_1400.wav,0.024122477,0.004265869,0.00017671287,0.0076307952,0.0254367
../TrueNAS/nies_audio_recording/2024/ChirpArray/Akitsu/20240912_1410.wav,0.029366381,0.35252476,0.03427792,0.051165745,0.9454644
../TrueNAS/nies_audio_recording/2024/ChirpArray/Akitsu/20240912_1500.wav,0.93454605,0.48640084,0.041301947,0.029374786,0.99476767
../TrueNAS/nies_audio_recording/2024/ChirpArray/Akitsu/20240912_1510.wav,1.0225097,0.01696651,0.060388643,0.0900534,0.6306819
../TrueNAS/nies_audio_recording/2024/ChirpArray/Akitsu/20240912_1600.wav,1.0177615,0.11507124,0.06791146,0.13321134,0.9665078
../TrueNAS/nies_audio_recording/2024/ChirpArray/Akitsu/20240912_1610.wav,0.04100976,0.5781167,0.026804429,0.02764956,0.9527006
../TrueNAS/nies_audio_recording/2024/ChirpArray/Akitsu/20240912_1700.wav,1.0213751,0.033841126,0.073517665,0.26292104,1.0217499
../TrueNAS/nies_audio_recording/2024/ChirpArray/Akitsu/20240912_1710.wav,0.83909035,0.17771141,0.054712858,0.60705584,0.98464084
../TrueNAS/nies_audio_recording/2024/ChirpArray/Akitsu/20240912_1800.wav,0.9940628,0.080177575,0.047956873,0.039370418,0.985224
../TrueNAS/nies_audio_recording/2024/ChirpArray/Akitsu/20240912_1810.wav,0.21963552,0.0012042373,-0.0032093115,0.030399397,0.01168476
../TrueNAS/nies_audio_recording/2024/ChirpArray/Akitsu/20240912_1901.wav,0.041763347,0.15178247,0.00034069642,0.15505043,0.005392179
../TrueNAS/nies_audio_recording/2024/ChirpArray/Akitsu/20240912_1910.wav,0.05081967,0.022278124,-0.0012953244,0.08188596,0.0076671094
../TrueNAS/nies_audio_recording/2024/ChirpArray/Akitsu/20240912_2000.wav,0.23136109,0.13706437,8.5476786e-05,0.22315021,0.010524079
../TrueNAS/nies_audio_recording/2024/ChirpArray/Akitsu/20240912_2010.wav,0.25608623,0.09224979,-0.003596954,0.032746032,0.0064993054
../TrueNAS/nies_audio_recording/2024/ChirpArray/Akitsu/20240912_2100.wav,0.30853614,0.0046045575,0.0024474375,0.014996991,0.011690721
../TrueNAS/nies_audio_recording/2024/ChirpArray/Akitsu/20240912_2110.wav,0.24956039,0.00062039495,-0.008701045,0.021348752,0.012051761
../TrueNAS/nies_audio_recording/2024/ChirpArray/Akitsu/20240912_2200.wav,0.2735386,0.014495116,-0.0042572133,0.008099213,0.004826404
../TrueNAS/nies_audio_recording/2024/ChirpArray/Akitsu/20240912_2210.wav,0.387294,0.001904862,0.0043469556,0.027452499,0.01252399
../TrueNAS/nies_audio_recording/2024/ChirpArray/Akitsu/20240912_2300.wav,0.5519243,0.001138296,0.01014429,0.03646525,0.0064720735
../TrueNAS/nies_audio_recording/2024/ChirpArray/Akitsu/20240912_2310.wav,0.6035858,0.06411567,0.0072250776,0.03049618,-5.3562224e-05
../TrueNAS/nies_audio_recording/2024/ChirpArray/Akitsu/20240913_0000.wav,0.4741435,0.15747996,0.0033095963,0.12344958,0.005759526
../TrueNAS/nies_audio_recording/2024/ChirpArray/Akitsu/20240913_0100.wav,0.6222029,0.4330969,0.006990388,0.012158439,0.01098945
../TrueNAS/nies_audio_recording/2024/ChirpArray/Akitsu/20240913_0110.wav,0.43474212,0.029531641,-0.0024342053,0.034280263,0.012890331
../TrueNAS/nies_audio_recording/2024/ChirpArray/Akitsu/20240913_0200.wav,0.9173824,0.01918041,0.020645533,0.0076153427,0.02133578
../TrueNAS/nies_audio_recording/2024/ChirpArray/Akitsu/20240913_0210.wav,0.42058274,0.022221714,0.023815352,0.0035040528,0.016259834
../TrueNAS/nies_audio_recording/2024/ChirpArray/Akitsu/20240913_0300.wav,0.5568771,0.5367446,0.0040315427,0.034974918,0.021167263
../TrueNAS/nies_audio_recording/2024/ChirpArray/Akitsu/20240913_0310.wav,0.5316936,0.90304166,0.0025064163,0.009741478,0.03150004
../TrueNAS/nies_audio_recording/2024/ChirpArray/Akitsu/20240913_0400.wav,0.04099526,0.7816891,-0.0021512136,0.026470073,0.023443326
../TrueNAS/nies_audio_recording/2024/ChirpArray/Akitsu/20240913_0410.wav,0.048286863,0.8930241,0.0021497011,0.077033415,0.024071284
../TrueNAS/nies_audio_recording/2024/ChirpArray/Akitsu/20240913_0500.wav,0.064457744,0.7561392,0.0053178594,0.035362706,0.024929687
../TrueNAS/nies_audio_recording/2024/ChirpArray/Akitsu/20240913_0510.wav,0.04215321,0.33885688,0.031736616,0.035444573,0.9963765
../TrueNAS/nies_audio_recording/2024/ChirpArray/Akitsu/20240913_0600.wav,0.044232577,-6.567687e-05,-0.0086433515,0.463202,0.02165635
../TrueNAS/nies_audio_recording/2024/ChirpArray/Akitsu/20240913_0610.wav,0.050322764,0.11111741,-0.012211017,0.40452576,0.019547895
../TrueNAS/nies_audio_recording/2024/ChirpArray/Akitsu/20240913_0700.wav,0.04714735,0.05898551,0.0020393543,0.030726478,0.024867505
../TrueNAS/nies_audio_recording/2024/ChirpArray/Akitsu/20240913_0710.wav,0.035228476,0.05297519,0.002050005,0.04120695,0.024592973
../TrueNAS/nies_audio_recording/2024/ChirpArray/Akitsu/20240913_0800.wav,0.052675255,0.17956576,0.03511959,0.041612837,1.0077529
../TrueNAS/nies_audio_recording/2024/ChirpArray/Akitsu/20240913_0810.wav,0.04477574,0.26241076,0.04107846,0.095780455,0.9844446
../TrueNAS/nies_audio_recording/2024/ChirpArray/Akitsu/20240913_0900.wav,0.03923904,0.022332001,0.02972493,0.03171485,0.5841211
../TrueNAS/nies_audio_recording/2024/ChirpArray/Akitsu/20240913_0910.wav,0.04554809,0.55121523,0.03667326,0.039630443,1.0132749
../TrueNAS/nies_audio_recording/2024/ChirpArray/Akitsu/20240913_1000.wav,0.050012223,0.9884876,0.03231219,0.040140875,0.9819889
../TrueNAS/nies_audio_recording/2024/ChirpArray/Akitsu/20240913_1010.wav,0.038299285,0.35510337,0.032911655,0.024527282,1.0212531
../TrueNAS/nies_audio_recording/2024/ChirpArray/Akitsu/20240913_1100.wav,0.043613844,0.52598006,0.033306006,0.037595958,1.0153809
../TrueNAS/nies_audio_recording/2024/ChirpArray/Akitsu/20240913_1110.wav,0.03699752,0.71606606,0.031177338,0.032906964,1.0258445
../TrueNAS/nies_audio_recording/2024/ChirpArray/Akitsu/20240913_1200.wav,0.9239872,0.0050755516,0.026365321,0.016157463,0.121258035
../TrueNAS/nies_audio_recording/2024/ChirpArray/Akitsu/20240913_1210.wav,0.026051126,0.01792796,0.0013528503,0.013899416,0.022652455
../TrueNAS/nies_audio_recording/2024/ChirpArray/Akitsu/20240913_1300.wav,1.024711,0.61587447,0.033647712,0.04768653,1.048986
../TrueNAS/nies_audio_recording/2024/ChirpArray/Akitsu/20240913_1310.wav,0.022746243,0.31258655,0.02977128,0.047369875,0.9229027
../TrueNAS/nies_audio_recording/2024/ChirpArray/Akitsu/20240913_1404.wav,1.0121021,0.009879539,0.034535047,0.027692303,0.02310267
../TrueNAS/nies_audio_recording/2024/ChirpArray/Akitsu/20240913_1410.wav,0.9881124,0.9381165,0.04932871,0.06561507,1.0206809
../TrueNAS/nies_audio_recording/2024/ChirpArray/Akitsu/20240913_1500.wav,1.0270087,0.016868748,0.079933986,0.14191312,0.9361048
../TrueNAS/nies_audio_recording/2024/ChirpArray/Akitsu/20240913_1510.wav,1.0235051,0.60068065,0.15823433,0.16337693,1.0022581
../TrueNAS/nies_audio_recording/2024/ChirpArray/Akitsu/20240913_1600.wav,1.0312284,0.63177407,0.8854327,0.97171545,1.025356
../TrueNAS/nies_audio_recording/2024/ChirpArray/Akitsu/20240913_1610.wav,0.050218202,0.46425462,0.037232872,0.036807716,1.0141172
../TrueNAS/nies_audio_recording/2024/ChirpArray/Akitsu/20240913_1700.wav,0.03162229,0.48686945,0.029043127,0.035449207,1.0426085
../TrueNAS/nies_audio_recording/2024/ChirpArray/Akitsu/20240913_1710.wav,1.0223513,0.49179852,0.07364614,0.094310746,1.0359321
../TrueNAS/nies_audio_recording/2024/ChirpArray/Akitsu/20240913_1800.wav,0.98548,0.37308645,0.47604987,0.13516155,1.031702
../TrueNAS/nies_audio_recording/2024/ChirpArray/Akitsu/20240913_1810.wav,0.56190675,0.026655585,0.028613117,0.0443661,0.006408479
../TrueNAS/nies_audio_recording/2024/ChirpArray/Akitsu/20240913_1903.wav,0.11123514,0.61920255,0.13873737,0.13547727,0.015375145
../TrueNAS/nies_audio_recording/2024/ChirpArray/Akitsu/20240913_1910.wav,0.45911258,0.021121023,0.4717271,0.089256555,0.012070492
../TrueNAS/nies_audio_recording/2024/ChirpArray/Akitsu/20240913_2000.wav,0.4428184,0.024146762,0.005101081,0.013062775,0.0179388
../TrueNAS/nies_audio_recording/2024/ChirpArray/Akitsu/20240913_2010.wav,0.65267074,0.004240159,0.014427822,0.007829338,0.0134199485
../TrueNAS/nies_audio_recording/2024/ChirpArray/Akitsu/20240913_2100.wav,0.55591965,0.028540712,0.019013267,0.021633446,0.016533092
../TrueNAS/nies_audio_recording/2024/ChirpArray/Akitsu/20240913_2110.wav,0.33673257,0.00661025,0.0064739063,0.008118711,0.01720713
../TrueNAS/nies_audio_recording/2024/ChirpArray/Akitsu/20240913_2200.wav,0.64493346,0.008803109,0.02410807,0.01673758,0.01022524
../TrueNAS/nies_audio_recording/2024/ChirpArray/Akitsu/20240913_2210.wav,0.33136898,0.0015949272,4.0899962e-05,0.010052137,0.0038362257
../TrueNAS/nies_audio_recording/2024/ChirpArray/Akitsu/20240913_2300.wav,0.3876441,0.0028073546,-0.0033722967,0.018037416,0.013866909
../TrueNAS/nies_audio_recording/2024/ChirpArray/Akitsu/20240913_2305.wav,0.44266132,0.005258035,-0.0021210127,0.012650132,0.016594969
../TrueNAS/nies_audio_recording/2024/ChirpArray/Akitsu/20240913_2310.wav,0.36948624,0.00044040382,-0.0054186843,0.01964683,0.011928976
../TrueNAS/nies_audio_recording/2024/ChirpArray/Akitsu/20240914_0000.wav,0.5459911,0.049165417,0.008344047,0.710767,0.0078350715
../TrueNAS/nies_audio_recording/2024/ChirpArray/Akitsu/20240914_0100.wav,0.68073887,0.32798964,0.01671705,0.44920093,0.0044862702
../TrueNAS/nies_audio_recording/2024/ChirpArray/Akitsu/20240914_0110.wav,0.6964911,0.013645959,0.010415185,0.044971578,0.01627773
../TrueNAS/nies_audio_recording/2024/ChirpArray/Akitsu/20240914_0200.wav,0.9512364,0.14107326,0.03583644,0.29753077,0.016371936
../TrueNAS/nies_audio_recording/2024/ChirpArray/Akitsu/20240914_0210.wav,0.15780866,0.025253534,0.00032978132,0.27996194,0.021527126
../TrueNAS/nies_audio_recording/2024/ChirpArray/Akitsu/20240914_0300.wav,0.21948913,0.5186375,0.006643217,0.54026335,0.019352376
../TrueNAS/nies_audio_recording/2024/ChirpArray/Akitsu/20240914_0310.wav,0.55991334,0.39042264,0.54444253,0.026131563,0.01649364
../TrueNAS/nies_audio_recording/2024/ChirpArray/Akitsu/20240914_0400.wav,0.07119074,0.80289227,0.0070122406,0.43055916,0.020171098
../TrueNAS/nies_audio_recording/2024/ChirpArray/Akitsu/20240914_0410.wav,0.12461419,0.7284462,0.03104544,0.8940406,0.031709656
../TrueNAS/nies_audio_recording/2024/ChirpArray/Akitsu/20240914_0500.wav,0.07298038,0.7936618,0.0131437145,0.80186516,0.039134793
../TrueNAS/nies_audio_recording/2024/ChirpArray/Akitsu/20240914_0510.wav,0.059107527,0.73491687,0.030308615,0.045785405,0.874676
../TrueNAS/nies_audio_recording/2024/ChirpArray/Akitsu/20240914_0600.wav,0.09295049,0.015060642,0.0014418773,0.09192189,0.025884047
../TrueNAS/nies_audio_recording/2024/ChirpArray/Akitsu/20240914_0610.wav,0.07885684,-0.009253688,0.0026565976,0.19478846,0.02354291
../TrueNAS/nies_audio_recording/2024/ChirpArray/Akitsu/20240914_0700.wav,0.09759849,0.001867868,-0.0006891303,0.5924881,0.020322114
../TrueNAS/nies_audio_recording/2024/ChirpArray/Akitsu/20240914_0710.wav,0.054058112,0.47424895,0.0093146525,0.04120863,0.022699788
../TrueNAS/nies_audio_recording/2024/ChirpArray/Akitsu/20240914_0800.wav,0.060341936,0.053149305,0.036433745,0.030447148,1.0046954
../TrueNAS/nies_audio_recording/2024/ChirpArray/Akitsu/20240914_0810.wav,0.04761561,0.14480314,0.039568555,0.0363231,0.9511664
../TrueNAS/nies_audio_recording/2024/ChirpArray/Akitsu/20240914_0900.wav,0.03199142,0.091374025,0.035827246,0.03239569,0.8263663
../TrueNAS/nies_audio_recording/2024/ChirpArray/Akitsu/20240914_0910.wav,0.0386728,0.04159002,0.033870395,0.040836476,0.9729161
../TrueNAS/nies_audio_recording/2024/ChirpArray/Akitsu/20240914_1000.wav,0.03089821,0.18831985,0.02838039,0.028098933,0.8948604
../TrueNAS/nies_audio_recording/2024/ChirpArray/Akitsu/20240914_1010.wav,0.0440766,0.42450052,0.011764318,0.02998837,0.30194896
../TrueNAS/nies_audio_recording/2024/ChirpArray/Akitsu/20240914_1100.wav,0.05496436,1.0037829,0.03949554,0.04411164,1.0267024
../TrueNAS/nies_audio_recording/2024/ChirpArray/Akitsu/20240914_1110.wav,0.039471835,0.3217107,0.041514922,0.031777374,0.9661925
../TrueNAS/nies_audio_recording/2024/ChirpArray/Akitsu/20240914_1200.wav,0.20303285,1.0005052,0.035467487,0.040063053,1.0067965
../TrueNAS/nies_audio_recording/2024/ChirpArray/Akitsu/20240914_1210.wav,0.0354796,0.020409677,0.036316212,0.041025635,1.0248787
../TrueNAS/nies_audio_recording/2024/ChirpArray/Akitsu/20240914_1300.wav,0.03642254,0.93538433,0.027839255,0.021433726,0.9043511
../TrueNAS/nies_audio_recording/2024/ChirpArray/Akitsu/20240914_1310.wav,0.019793883,0.008492228,-0.0017915629,0.014463827,0.025669672
../TrueNAS/nies_audio_recording/2024/ChirpArray/Akitsu/20240914_1400.wav,0.017204814,0.011757063,-0.003559526,0.007006161,0.015400715
../TrueNAS/nies_audio_recording/2024/ChirpArray/Akitsu/20240914_1410.wav,0.024105828,0.052626044,-0.0035815537,0.010629252,0.026846647
../TrueNAS/nies_audio_recording/2024/ChirpArray/Akitsu/20240914_1500.wav,0.027541257,0.8161394,0.033561062,0.040335372,0.78952503
../TrueNAS/nies_audio_recording/2024/ChirpArray/Akitsu/20240914_1510.wav,0.032209713,0.04695397,0.032297734,0.035831288,1.0273893
../TrueNAS/nies_audio_recording/2024/ChirpArray/Akitsu/20240914_1600.wav,1.020682,0.062282953,0.10323577,0.43562365,0.0066162385
../TrueNAS/nies_audio_recording/2024/ChirpArray/Akitsu/20240914_1610.wav,0.03999348,0.3335495,0.028582986,0.03961967,1.0131819
../TrueNAS/nies_audio_recording/2024/ChirpArray/Akitsu/20240914_1700.wav,0.035160143,0.01848073,0.0269881,0.049713437,0.880986
../TrueNAS/nies_audio_recording/2024/ChirpArray/Akitsu/20240914_1710.wav,1.0192577,0.032711092,0.06599261,0.16057724,0.9577522
../TrueNAS/nies_audio_recording/2024/ChirpArray/Akitsu/20240914_1800.wav,0.8281492,0.047602527,0.049241144,0.07246062,1.0226818
../TrueNAS/nies_audio_recording/2024/ChirpArray/Akitsu/20240914_1810.wav,0.5607929,0.0012482572,0.009993564,0.049646925,0.0050036386
../TrueNAS/nies_audio_recording/2024/ChirpArray/Akitsu/20240914_1900.wav,0.19131997,0.0062352475,0.006398808,0.231103,0.013805032
../TrueNAS/nies_audio_recording/2024/ChirpArray/Akitsu/20240914_1910.wav,0.49686438,0.10596061,0.02093133,0.06910415,0.015385866
../TrueNAS/nies_audio_recording/2024/ChirpArray/Akitsu/20240914_2000.wav,0.73263305,0.3184508,0.018318709,0.07156045,0.014356513
../TrueNAS/nies_audio_recording/2024/ChirpArray/Akitsu/20240914_2010.wav,0.5336016,0.21500343,0.009521548,0.09096357,0.0060042515
../TrueNAS/nies_audio_recording/2024/ChirpArray/Akitsu/20240914_2100.wav,0.5544214,0.46456409,0.03754628,0.47165108,0.0063063875
../TrueNAS/nies_audio_recording/2024/ChirpArray/Akitsu/20240914_2110.wav,0.6089333,0.37619048,0.0279744,0.42004442,0.004240781
../TrueNAS/nies_audio_recording/2024/ChirpArray/Akitsu/20240914_2200.wav,0.50847346,0.07560731,0.0073258206,0.054171346,0.013766896
../TrueNAS/nies_audio_recording/2024/ChirpArray/Akitsu/20240914_2210.wav,0.43843436,0.094533294,0.009461578,0.14100006,0.01050932
../TrueNAS/nies_audio_recording/2024/ChirpArray/Akitsu/20240914_2300.wav,0.4577019,0.05436386,0.020560022,0.041349664,0.0071869865
../TrueNAS/nies_audio_recording/2024/ChirpArray/Akitsu/20240914_2310.wav,0.41463172,0.005604107,0.0020452328,0.009704381,0.009366345
../TrueNAS/nies_audio_recording/2024/ChirpArray/Akitsu/20240915_0000.wav,0.66881996,0.018449754,0.013959695,0.0247242,0.011898294
../TrueNAS/nies_audio_recording/2024/ChirpArray/Akitsu/20240915_0100.wav,0.4729529,0.102257624,0.01336043,0.08079754,0.0072688535
../TrueNAS/nies_audio_recording/2024/ChirpArray/Akitsu/20240915_0110.wav,0.59845346,0.014016552,0.0020418875,0.10805865,0.0073464066
../TrueNAS/nies_audio_recording/2024/ChirpArray/Akitsu/20240915_0200.wav,0.773643,0.05022096,0.01825967,0.0058985353,0.023475379
../TrueNAS/nies_audio_recording/2024/ChirpArray/Akitsu/20240915_0210.wav,0.5238825,0.11223234,0.03505872,0.0028831065,0.020212233
../TrueNAS/nies_audio_recording/2024/ChirpArray/Akitsu/20240915_0303.wav,0.547755,0.35108322,0.0061330087,0.03309264,0.017123327
../TrueNAS/nies_audio_recording/2024/ChirpArray/Akitsu/20240915_0310.wav,0.90971786,0.8429466,0.016226184,0.036300316,0.022763833
../TrueNAS/nies_audio_recording/2024/ChirpArray/Akitsu/20240915_0400.wav,0.43956605,0.70557195,-0.0040811375,-0.0012911484,0.02352564
../TrueNAS/nies_audio_recording/2024/ChirpArray/Akitsu/20240915_0410.wav,0.55058485,0.70950174,-0.0019979514,0.005475305,0.026443213
../TrueNAS/nies_audio_recording/2024/ChirpArray/Akitsu/20240915_0500.wav,0.053281397,0.7713447,0.0017031282,0.028674677,0.023804173
../TrueNAS/nies_audio_recording/2024/ChirpArray/Akitsu/20240915_0510.wav,0.049897496,0.66516715,0.035304878,0.02675967,0.89195573
../TrueNAS/nies_audio_recording/2024/ChirpArray/Akitsu/20240915_0600.wav,0.060761586,0.69401735,0.010177225,0.025813103,0.0215564
../TrueNAS/nies_audio_recording/2024/ChirpArray/Akitsu/20240915_0610.wav,0.054157875,0.16018617,0.019867841,0.017728932,0.59728575
../TrueNAS/nies_audio_recording/2024/ChirpArray/Akitsu/20240915_0700.wav,0.06033189,0.0056451242,0.025582891,0.043602813,0.9177239
../TrueNAS/nies_audio_recording/2024/ChirpArray/Akitsu/20240915_0710.wav,0.08731686,0.88547915,0.027025964,0.041749954,0.7095573
../TrueNAS/nies_audio_recording/2024/ChirpArray/Akitsu/20240915_0800.wav,0.06444943,0.88751394,0.012967404,0.018128127,0.018336609
../TrueNAS/nies_audio_recording/2024/ChirpArray/Akitsu/20240915_0810.wav,0.044011373,0.3456303,0.025696974,0.036842607,0.7928653
../TrueNAS/nies_audio_recording/2024/ChirpArray/Akitsu/20240915_0901.wav,0.048015095,0.31688893,0.033205833,0.04426205,1.0193517
../TrueNAS/nies_audio_recording/2024/ChirpArray/Akitsu/20240915_0910.wav,0.033934176,0.026549645,0.02608591,0.034113355,0.68450177
../TrueNAS/nies_audio_recording/2024/ChirpArray/Akitsu/20240915_1000.wav,0.036080733,0.0063216873,0.0038860328,0.010273665,0.011865161
../TrueNAS/nies_audio_recording/2024/ChirpArray/Akitsu/20240915_1010.wav,0.040331863,0.021752182,0.031095553,0.026987545,0.96975386
../TrueNAS/nies_audio_recording/2024/ChirpArray/Akitsu/20240915_1100.wav,0.07110071,0.010369627,0.000785999,0.0130521655,0.034009337
../TrueNAS/nies_audio_recording/2024/ChirpArray/Akitsu/20240915_1110.wav,0.02939555,0.008441208,0.0013750307,0.020000309,0.021088198
../TrueNAS/nies_audio_recording/2024/ChirpArray/Akitsu/20240915_1200.wav,1.0109894,0.4091586,0.052392434,0.06030417,0.09120625
../TrueNAS/nies_audio_recording/2024/ChirpArray/Akitsu/20240915_1210.wav,1.0154423,0.88613373,0.04528838,0.068743855,0.013636678
../TrueNAS/nies_audio_recording/2024/ChirpArray/Akitsu/20240915_1300.wav,0.02650502,0.2812571,0.022916842,0.03961154,1.0148855
../TrueNAS/nies_audio_recording/2024/ChirpArray/Akitsu/20240915_1310.wav,0.94964874,0.0752574,0.023980025,0.018424287,0.024115488
../TrueNAS/nies_audio_recording/2024/ChirpArray/Akitsu/20240915_1400.wav,0.051576976,0.8891637,0.0055005737,0.021264821,0.026745498
../TrueNAS/nies_audio_recording/2024/ChirpArray/Akitsu/20240915_1410.wav,0.029732369,0.24222232,0.017786082,0.03311546,0.93068385
../TrueNAS/nies_audio_recording/2024/ChirpArray/Akitsu/20240915_1500.wav,0.033869736,0.008928895,0.013013322,0.016373724,0.67220414
../TrueNAS/nies_audio_recording/2024/ChirpArray/Akitsu/20240915_1510.wav,0.042353693,0.34839362,-0.0019279011,0.015743814,0.033606507
../TrueNAS/nies_audio_recording/2024/ChirpArray/Akitsu/20240915_1600.wav,0.031403486,0.14746086,0.013274971,0.011821657,0.22295955
../TrueNAS/nies_audio_recording/2024/ChirpArray/Akitsu/20240915_1610.wav,1.0122976,0.10706424,0.04543815,0.05258771,0.9117702
../TrueNAS/nies_audio_recording/2024/ChirpArray/Akitsu/20240915_1700.wav,0.99751794,0.62958485,0.036962878,0.022908717,0.6448647
../TrueNAS/nies_audio_recording/2024/ChirpArray/Akitsu/20240915_1710.wav,0.96864927,0.80922735,0.06693351,0.08754942,0.94566095
../TrueNAS/nies_audio_recording/2024/ChirpArray/Akitsu/20240915_1800.wav,0.4608121,0.020389095,0.02636471,0.03275603,0.98626244
../TrueNAS/nies_audio_recording/2024/ChirpArray/Akitsu/20240915_1810.wav,0.36672127,0.0003138166,0.0023075156,0.018707678,0.0074886717
../TrueNAS/nies_audio_recording/2024/ChirpArray/Akitsu/20240915_1900.wav,0.07591078,0.26102364,-0.0018801503,0.049811054,0.009772085
../TrueNAS/nies_audio_recording/2024/ChirpArray/Akitsu/20240915_1910.wav,0.14306524,0.013617091,-0.00537033,0.07513159,0.0108347945
../TrueNAS/nies_audio_recording/2024/ChirpArray/Akitsu/20240915_2000.wav,0.42764288,0.26290393,-0.0026254728,0.048437215,0.012391172
../TrueNAS/nies_audio_recording/2024/ChirpArray/Akitsu/20240915_2010.wav,0.6502796,0.5775692,0.014008153,0.080101155,0.003392756
../TrueNAS/nies_audio_recording/2024/ChirpArray/Akitsu/20240915_2100.wav,0.2517756,0.0100319255,-0.0043213256,0.015692078,0.007056974
../TrueNAS/nies_audio_recording/2024/ChirpArray/Akitsu/20240915_2110.wav,0.28883347,0.02805525,0.0132840015,0.022086874,0.007251233
../TrueNAS/nies_audio_recording/2024/ChirpArray/Akitsu/20240915_2200.wav,0.18610266,0.015096846,0.0011334792,0.079543255,0.012434341
../TrueNAS/nies_audio_recording/2024/ChirpArray/Akitsu/20240915_2210.wav,0.41200727,0.13849673,0.004566662,0.5566221,0.0077653453
../TrueNAS/nies_audio_recording/2024/ChirpArray/Akitsu/20240915_2300.wav,0.12284125,0.004140919,-0.008794699,0.0032026693,0.014188763
../TrueNAS/nies_audio_recording/2024/ChirpArray/Akitsu/20240915_2310.wav,0.17021938,0.0031616483,-0.0070854537,-0.003812626,0.008503161
../TrueNAS/nies_audio_recording/2024/ChirpArray/Akitsu/20240916_0000.wav,0.17519283,0.045119904,-0.009660978,-0.001536347,0.00965732
../TrueNAS/nies_audio_recording/2024/ChirpArray/Akitsu/20240916_0100.wav,0.061373815,0.257196,-0.010409381,-0.0019498318,0.018416867
../TrueNAS/nies_audio_recording/2024/ChirpArray/Akitsu/20240916_0110.wav,0.34419933,0.2831862,-0.0071037225,0.8467455,0.013343923
../TrueNAS/nies_audio_recording/2024/ChirpArray/Akitsu/20240916_0200.wav,0.13282403,0.022227239,0.009132136,0.040476054,0.025331922
../TrueNAS/nies_audio_recording/2024/ChirpArray/Akitsu/20240916_0210.wav,0.11675523,0.636101,0.7625774,0.072778285,0.015646413
../TrueNAS/nies_audio_recording/2024/ChirpArray/Akitsu/20240916_0300.wav,0.04426049,0.7616539,-0.003655754,0.038770296,0.017830595
../TrueNAS/nies_audio_recording/2024/ChirpArray/Akitsu/20240916_0310.wav,0.040346652,0.6389483,-0.011645138,0.11546733,0.01831507
../TrueNAS/nies_audio_recording/2024/ChirpArray/Akitsu/20240916_0400.wav,0.09040914,0.49777168,0.02204841,0.92319053,0.023324966
../TrueNAS/nies_audio_recording/2024/ChirpArray/Akitsu/20240916_0410.wav,0.17526618,0.7850985,0.0038463585,0.8666441,0.030251272
../TrueNAS/nies_audio_recording/2024/ChirpArray/Akitsu/20240916_0500.wav,0.062604494,0.90435636,-0.0017545596,0.03609839,0.022869915
../TrueNAS/nies_audio_recording/2024/ChirpArray/Akitsu/20240916_0510.wav,0.06975659,0.87359923,0.00920352,0.3601836,0.028357625
../TrueNAS/nies_audio_recording/2024/ChirpArray/Akitsu/20240916_0600.wav,0.09576232,0.12871902,-0.0017925724,0.6160114,0.019403383
../TrueNAS/nies_audio_recording/2024/ChirpArray/Akitsu/20240916_0610.wav,0.088832475,0.009968787,-0.0047764964,0.72751373,0.017629698
../TrueNAS/nies_audio_recording/2024/ChirpArray/Akitsu/20240916_0700.wav,0.045016773,0.009338461,0.006123729,0.022411793,0.02837649
../TrueNAS/nies_audio_recording/2024/ChirpArray/Akitsu/20240916_0710.wav,0.039373286,0.01607254,0.0016061924,0.012107015,0.027660966
../TrueNAS/nies_audio_recording/2024/ChirpArray/Akitsu/20240916_0800.wav,0.041965216,0.037346058,0.008076228,0.018750563,0.016602755
../TrueNAS/nies_audio_recording/2024/ChirpArray/Akitsu/20240916_0810.wav,0.039818686,0.0046030227,0.00042049214,0.014272198,0.024721995
../TrueNAS/nies_audio_recording/2024/ChirpArray/Akitsu/20240916_0900.wav,0.06014162,0.45049763,0.005043555,0.042943005,0.017123252
../TrueNAS/nies_audio_recording/2024/ChirpArray/Akitsu/20240916_0910.wav,0.03986737,0.07320118,0.000119213015,0.02725245,0.021338865
../TrueNAS/nies_audio_recording/2024/ChirpArray/Akitsu/20240916_1000.wav,0.037301768,0.06840215,0.0064272396,0.03151509,0.02561415
../TrueNAS/nies_audio_recording/2024/ChirpArray/Akitsu/20240916_1010.wav,0.044598874,0.57795227,0.006659001,0.20099455,0.06407133
../TrueNAS/nies_audio_recording/2024/ChirpArray/Akitsu/20240916_1100.wav,0.3806622,0.2235177,0.22106983,0.6058404,0.43206024
../TrueNAS/nies_audio_recording/2024/ChirpArray/Akitsu/20240916_1110.wav,0.0604725,0.9211196,0.005015876,0.03089682,0.026769757
../TrueNAS/nies_audio_recording/2024/ChirpArray/Akitsu/20240916_1200.wav,0.33880758,0.52554524,0.021891471,0.38598156,0.023548752
../TrueNAS/nies_audio_recording/2024/ChirpArray/Akitsu/20240916_1210.wav,0.033402234,0.2455319,0.021987889,0.020856515,0.6234369
../TrueNAS/nies_audio_recording/2024/ChirpArray/Akitsu/20240916_1300.wav,0.034685105,0.048269615,-0.0011542961,0.027810454,0.007874735
../TrueNAS/nies_audio_recording/2024/ChirpArray/Akitsu/20240916_1310.wav,0.029094145,0.012359234,0.004741028,0.023855537,0.07132644
../TrueNAS/nies_audio_recording/2024/ChirpArray/Akitsu/20240916_1400.wav,0.06665068,0.40365815,0.00010645017,0.18946742,0.024021737
../TrueNAS/nies_audio_recording/2024/ChirpArray/Akitsu/20240916_1410.wav,0.09693897,0.63234985,-0.0011844821,0.0236068,0.025863156
../TrueNAS/nies_audio_recording/2024/ChirpArray/Akitsu/20240916_1500.wav,0.034109175,0.14338057,0.0049832873,0.049061142,0.01898858
../TrueNAS/nies_audio_recording/2024/ChirpArray/Akitsu/20240916_1510.wav,0.20833606,0.90199894,0.008963231,0.08404151,0.039289758
../TrueNAS/nies_audio_recording/2024/ChirpArray/Akitsu/20240916_1600.wav,0.07515304,0.0077119134,0.0044640377,0.032588884,0.019194111
../TrueNAS/nies_audio_recording/2024/ChirpArray/Akitsu/20240916_1610.wav,0.075142585,0.8004941,-0.0008138381,0.07767337,0.036219865
../TrueNAS/nies_audio_recording/2024/ChirpArray/Akitsu/20240916_1700.wav,0.047471013,0.98499227,0.031297173,0.03380678,0.9786267
../TrueNAS/nies_audio_recording/2024/ChirpArray/Akitsu/20240916_1710.wav,0.047797628,0.06923337,0.013656262,0.024881035,0.9178132
../TrueNAS/nies_audio_recording/2024/ChirpArray/Akitsu/20240916_1800.wav,0.09878312,0.012992985,-0.0031207092,-0.0066123754,0.023762487
../TrueNAS/nies_audio_recording/2024/ChirpArray/Akitsu/20240916_1810.wav,0.17073697,0.024536338,0.014490988,0.01713556,0.015890673
../TrueNAS/nies_audio_recording/2024/ChirpArray/Akitsu/20240916_1900.wav,0.7029912,0.5708282,0.042799022,0.09156375,0.04001546
../TrueNAS/nies_audio_recording/2024/ChirpArray/Akitsu/20240916_1910.wav,0.5719299,0.8375641,0.08121611,0.73418343,0.025354117
../TrueNAS/nies_audio_recording/2024/ChirpArray/Akitsu/20240916_2000.wav,0.17161389,0.8217654,0.2605529,0.8227108,0.025372222
../TrueNAS/nies_audio_recording/2024/ChirpArray/Akitsu/20240916_2010.wav,0.16603625,0.3461973,0.0046321414,0.83586335,0.024778806
../TrueNAS/nies_audio_recording/2024/ChirpArray/Akitsu/20240916_2100.wav,0.0364778,0.736661,0.008313764,0.013641566,0.02808322
../TrueNAS/nies_audio_recording/2024/ChirpArray/Akitsu/20240916_2110.wav,0.092974216,0.96547824,-0.0041936934,0.05688092,0.029101402
../TrueNAS/nies_audio_recording/2024/ChirpArray/Akitsu/20240916_2200.wav,0.05998537,0.92469513,-0.0073546916,0.54523766,0.030064687
../TrueNAS/nies_audio_recording/2024/ChirpArray/Akitsu/20240916_2213.wav,0.091812976,0.41784078,-0.0015492328,0.7767314,0.018015973
../TrueNAS/nies_audio_recording/2024/ChirpArray/Akitsu/20240916_2300.wav,0.36493477,0.9485441,0.049122658,0.45768327,0.014362864
../TrueNAS/nies_audio_recording/2024/ChirpArray/Akitsu/20240916_2310.wav,0.08256698,0.91402954,0.009816375,0.08966133,0.01950258
../TrueNAS/nies_audio_recording/2024/ChirpArray/Akitsu/20240917_0000.wav,0.11499675,0.03849033,0.057491433,0.39545202,0.0155123025
../TrueNAS/nies_audio_recording/2024/ChirpArray/Akitsu/20240917_0100.wav,0.15495844,0.13068628,0.04164992,0.43194604,0.013475861
../TrueNAS/nies_audio_recording/2024/ChirpArray/Akitsu/20240917_0110.wav,0.12087245,0.018460013,0.01819146,0.2059402,0.017304942
../TrueNAS/nies_audio_recording/2024/ChirpArray/Akitsu/20240917_0200.wav,0.15986742,0.6841406,0.017354723,0.15176421,0.015211821
../TrueNAS/nies_audio_recording/2024/ChirpArray/Akitsu/20240917_0210.wav,0.088053346,0.82023853,0.088954374,0.08049053,0.014174782
../TrueNAS/nies_audio_recording/2024/ChirpArray/Akitsu/20240917_0300.wav,0.19467852,0.47830576,0.01628768,0.90954715,0.021768212
../TrueNAS/nies_audio_recording/2024/ChirpArray/Akitsu/20240917_0310.wav,0.12329927,0.8043106,0.008462001,0.83219594,0.024761826
../TrueNAS/nies_audio_recording/2024/ChirpArray/Akitsu/20240917_0404.wav,0.03872706,0.74004245,0.008772589,0.026789293,0.01950933
../TrueNAS/nies_audio_recording/2024/ChirpArray/Akitsu/20240917_0410.wav,0.03595416,0.8529355,-0.0022278242,0.01649218,0.021988884
../TrueNAS/nies_audio_recording/2024/ChirpArray/Akitsu/20240917_0500.wav,0.027798407,0.32930815,-0.011520058,0.031391427,0.018852636
../TrueNAS/nies_audio_recording/2024/ChirpArray/Akitsu/20240917_0510.wav,0.041814245,0.0662781,-0.0099878535,0.026541471,0.024266765
../TrueNAS/nies_audio_recording/2024/ChirpArray/Akitsu/20240917_0600.wav,0.0448298,0.0013437271,-0.0013069399,0.012874357,0.033642158
../TrueNAS/nies_audio_recording/2024/ChirpArray/Akitsu/20240917_0610.wav,0.053911734,0.10660887,-0.0037476458,0.019621246,0.03516653
../TrueNAS/nies_audio_recording/2024/ChirpArray/Akitsu/20240917_0700.wav,0.05577929,0.32447386,0.002297569,0.017752476,0.033736415
../TrueNAS/nies_audio_recording/2024/ChirpArray/Akitsu/20240917_0710.wav,0.046142522,0.0757154,-0.00018990412,0.014049955,0.08257665
../TrueNAS/nies_audio_recording/2024/ChirpArray/Akitsu/20240917_0800.wav,0.048370343,0.6079216,0.031534117,0.03609273,1.0105978
../TrueNAS/nies_audio_recording/2024/ChirpArray/Akitsu/20240917_0810.wav,0.04540835,0.0016372893,-0.0063516162,0.014503278,0.021442384
../TrueNAS/nies_audio_recording/2024/ChirpArray/Akitsu/20240917_0900.wav,0.071406126,0.5269483,0.02337462,0.028430358,0.89851654
../TrueNAS/nies_audio_recording/2024/ChirpArray/Akitsu/20240917_0910.wav,0.04114382,0.034004692,0.033141088,0.026608407,1.0066619
../TrueNAS/nies_audio_recording/2024/ChirpArray/Akitsu/20240917_1000.wav,0.91266894,0.41765505,0.03553689,0.112717636,1.020607
../TrueNAS/nies_audio_recording/2024/ChirpArray/Akitsu/20240917_1010.wav,0.075489186,0.94869524,0.039853882,0.04172948,1.0133106
../TrueNAS/nies_audio_recording/2024/ChirpArray/Akitsu/20240917_1100.wav,0.042941056,0.04187464,0.00032029673,0.02061332,0.021449476
../TrueNAS/nies_audio_recording/2024/ChirpArray/Akitsu/20240917_1110.wav,0.03275635,0.018143497,0.0058797933,0.00841976,0.0315419
../TrueNAS/nies_audio_recording/2024/ChirpArray/Akitsu/20240917_1200.wav,0.04079874,0.28795916,0.03304569,0.033057094,0.99411154
../TrueNAS/nies_audio_recording/2024/ChirpArray/Akitsu/20240917_1210.wav,0.03774118,0.037616603,0.024745177,0.03527485,0.99608064
../TrueNAS/nies_audio_recording/2024/ChirpArray/Akitsu/20240917_1300.wav,1.0343205,0.026127085,0.048260134,0.07274611,1.015963
../TrueNAS/nies_audio_recording/2024/ChirpArray/Akitsu/20240917_1310.wav,1.0055134,0.03358137,0.048013236,0.055670373,0.9973452
../TrueNAS/nies_audio_recording/2024/ChirpArray/Akitsu/20240917_1400.wav,0.040077075,0.024375446,0.025096055,0.020990282,0.9769349
../TrueNAS/nies_audio_recording/2024/ChirpArray/Akitsu/20240917_1410.wav,0.043286897,0.04209873,0.015132811,0.029347338,0.7353343
../TrueNAS/nies_audio_recording/2024/ChirpArray/Akitsu/20240917_1500.wav,0.03229221,0.8381077,0.025563221,0.021320455,0.85860026
../TrueNAS/nies_audio_recording/2024/ChirpArray/Akitsu/20240917_1510.wav,0.023135904,0.050819576,0.0002937056,0.013354354,0.023747854
../TrueNAS/nies_audio_recording/2024/ChirpArray/Akitsu/20240917_1600.wav,1.0132072,0.30527806,0.064144924,0.0717025,1.0240338
../TrueNAS/nies_audio_recording/2024/ChirpArray/Akitsu/20240917_1610.wav,1.0047714,0.7719787,0.098466665,0.12640047,0.9511918
../TrueNAS/nies_audio_recording/2024/ChirpArray/Akitsu/20240917_1700.wav,1.0130458,0.029353509,0.043089163,0.034927562,1.0207393
../TrueNAS/nies_audio_recording/2024/ChirpArray/Akitsu/20240917_1710.wav,0.94929594,0.027777687,0.034658577,0.036582112,0.9584894
../TrueNAS/nies_audio_recording/2024/ChirpArray/Akitsu/20240917_1800.wav,0.45103636,0.13392174,0.029678252,0.03221619,1.0376438
../TrueNAS/nies_audio_recording/2024/ChirpArray/Akitsu/20240917_1810.wav,0.30591652,0.064365916,-0.0027174652,0.051530983,0.0049424656
../TrueNAS/nies_audio_recording/2024/ChirpArray/Akitsu/20240917_1900.wav,0.82841176,0.014669158,0.032779496,0.054668427,0.019524872
../TrueNAS/nies_audio_recording/2024/ChirpArray/Akitsu/20240917_1910.wav,0.72325975,0.009302087,0.032448966,0.04884842,0.013888184
../TrueNAS/nies_audio_recording/2024/ChirpArray/Akitsu/20240917_2000.wav,0.6093046,0.07194836,0.12891275,0.07966067,0.00013205409
../TrueNAS/nies_audio_recording/2024/ChirpArray/Akitsu/20240917_2010.wav,0.60066456,0.020208776,0.069955975,0.0923121,0.0019252412
../TrueNAS/nies_audio_recording/2024/ChirpArray/Akitsu/20240917_2100.wav,0.49752924,0.0074674636,0.001620654,0.031239912,0.01082173
../TrueNAS/nies_audio_recording/2024/ChirpArray/Akitsu/20240917_2110.wav,0.28462827,0.0044624805,0.010007467,0.02654738,0.014512897
../TrueNAS/nies_audio_recording/2024/ChirpArray/Akitsu/20240917_2200.wav,0.28620416,0.015672825,-0.0016585588,0.029320583,0.011481974
../TrueNAS/nies_audio_recording/2024/ChirpArray/Akitsu/20240917_2210.wav,0.39655852,-1.7631799e-05,0.0047910474,0.027817532,0.0042278804
../TrueNAS/nies_audio_recording/2024/ChirpArray/Akitsu/20240917_2300.wav,0.54450625,0.06629945,0.0020609684,0.037566893,0.011689499
../TrueNAS/nies_audio_recording/2024/ChirpArray/Akitsu/20240917_2310.wav,0.55426335,0.0053277686,0.004174024,0.0152684,0.005660262
../TrueNAS/nies_audio_recording/2024/ChirpArray/Akitsu/20240918_0000.wav,0.47348058,0.026591733,0.011599027,0.041143715,0.0012290776
../TrueNAS/nies_audio_recording/2024/ChirpArray/Akitsu/20240918_0100.wav,0.71849716,0.0004622303,0.026132222,0.014383569,0.004054539
../TrueNAS/nies_audio_recording/2024/ChirpArray/Akitsu/20240918_0110.wav,0.60359794,0.0005116891,0.0073020197,0.016799368,0.008267507
../TrueNAS/nies_audio_recording/2024/ChirpArray/Akitsu/20240918_0200.wav,0.5559806,0.17014517,0.023641419,-0.00064851344,0.007533092
../TrueNAS/nies_audio_recording/2024/ChirpArray/Akitsu/20240918_0210.wav,0.14850825,0.38481998,-0.0066244416,0.0040849373,0.015434504
../TrueNAS/nies_audio_recording/2024/ChirpArray/Akitsu/20240918_0300.wav,0.4426998,0.3090375,-0.0023978725,0.0146963,0.016288772
../TrueNAS/nies_audio_recording/2024/ChirpArray/Akitsu/20240918_0310.wav,0.09139524,0.446396,-0.011157483,0.008198902,0.017634034
../TrueNAS/nies_audio_recording/2024/ChirpArray/Akitsu/20240918_0400.wav,0.042051572,0.65773934,-0.006729286,0.023071736,0.019075088
../TrueNAS/nies_audio_recording/2024/ChirpArray/Akitsu/20240918_0410.wav,0.038599674,0.76622,-0.0022448227,0.04082754,0.025465213
../TrueNAS/nies_audio_recording/2024/ChirpArray/Akitsu/20240918_0500.wav,0.041905828,0.7276795,-0.007832017,0.019024447,0.02494663
../TrueNAS/nies_audio_recording/2024/ChirpArray/Akitsu/20240918_0510.wav,0.2953451,0.6362913,0.02460834,0.036475524,0.787701
../TrueNAS/nies_audio_recording/2024/ChirpArray/Akitsu/20240918_0600.wav,0.0304805,0.095357224,-0.008460205,0.009628758,0.022727534
../TrueNAS/nies_audio_recording/2024/ChirpArray/Akitsu/20240918_0610.wav,0.0375152,0.05803869,0.011070702,0.044215456,0.037198573
../TrueNAS/nies_audio_recording/2024/ChirpArray/Akitsu/20240918_0700.wav,0.04307314,0.0205773,0.029253285,0.03555254,0.8543012
../TrueNAS/nies_audio_recording/2024/ChirpArray/Akitsu/20240918_0710.wav,0.04806998,0.7561471,0.03458676,0.038748935,0.9470564
../TrueNAS/nies_audio_recording/2024/ChirpArray/Akitsu/20240918_0800.wav,0.04872685,0.8335363,0.00245817,0.008055285,0.008074306
../TrueNAS/nies_audio_recording/2024/ChirpArray/Akitsu/20240918_0810.wav,0.03193234,0.015143205,0.014216032,0.015295826,0.589707
../TrueNAS/nies_audio_recording/2024/ChirpArray/Akitsu/20240918_0900.wav,0.05600859,0.018470159,0.025465634,0.01978413,0.93058586
../TrueNAS/nies_audio_recording/2024/ChirpArray/Akitsu/20240918_0910.wav,0.044213198,0.29277283,0.02227937,0.018665642,0.99650645
../TrueNAS/nies_audio_recording/2024/ChirpArray/Akitsu/20240918_1000.wav,0.04276039,0.9363082,0.031709846,0.027987465,1.0043042
../TrueNAS/nies_audio_recording/2024/ChirpArray/Akitsu/20240918_1010.wav,0.034832083,0.69487774,0.034693573,0.044478707,0.85936904
../TrueNAS/nies_audio_recording/2024/ChirpArray/Akitsu/20240918_1100.wav,0.9954307,0.059223212,0.043888118,0.06614547,0.96729565
../TrueNAS/nies_audio_recording/2024/ChirpArray/Akitsu/20240918_1110.wav,0.055151664,0.026702758,0.030162778,0.037079826,0.97460115
../TrueNAS/nies_audio_recording/2024/ChirpArray/Akitsu/20240918_1200.wav,0.04213509,0.2960627,0.011785958,0.012372762,0.7732109
../TrueNAS/nies_audio_recording/2024/ChirpArray/Akitsu/20240918_1210.wav,0.11979339,0.17786126,0.0039817244,0.009478018,0.05270958
../TrueNAS/nies_audio_recording/2024/ChirpArray/Akitsu/20240918_1300.wav,0.029379107,0.024685238,0.023170363,0.032659322,0.9458467
../TrueNAS/nies_audio_recording/2024/ChirpArray/Akitsu/20240918_1310.wav,0.09736435,0.024243917,0.022921484,0.023140758,0.7996174
../TrueNAS/nies_audio_recording/2024/ChirpArray/Akitsu/20240918_1400.wav,0.04284765,0.150353,0.03188565,0.026949033,0.7209786
../TrueNAS/nies_audio_recording/2024/ChirpArray/Akitsu/20240918_1410.wav,0.028398536,0.02968417,-0.0008305684,0.013984323,0.012981378
../TrueNAS/nies_audio_recording/2024/ChirpArray/Akitsu/20240918_1500.wav,1.0097162,0.007502284,0.038010355,0.027206883,0.022721022
../TrueNAS/nies_audio_recording/2024/ChirpArray/Akitsu/20240918_1510.wav,0.03511565,0.6931204,0.035088275,0.0355808,1.0319792
../TrueNAS/nies_audio_recording/2024/ChirpArray/Akitsu/20240918_1600.wav,0.6583913,0.75944847,0.033184033,0.157615,0.4270674
../TrueNAS/nies_audio_recording/2024/ChirpArray/Akitsu/20240918_1610.wav,0.4557704,0.5733244,0.030705106,0.063022986,0.83792305
../TrueNAS/nies_audio_recording/2024/ChirpArray/Akitsu/20240918_1700.wav,0.042811897,0.64738655,0.034959342,0.031021506,0.8981985
../TrueNAS/nies_audio_recording/2024/ChirpArray/Akitsu/20240918_1710.wav,0.02846292,0.4174376,0.0344734,0.037680052,0.9645586
../TrueNAS/nies_audio_recording/2024/ChirpArray/Akitsu/20240918_1800.wav,0.09989567,0.00017580576,-1.1634082e-05,0.0042975694,0.0050062165
../TrueNAS/nies_audio_recording/2024/ChirpArray/Akitsu/20240918_1810.wav,0.18322912,0.008570518,0.0012362786,0.017546132,-0.0099115
../TrueNAS/nies_audio_recording/2024/ChirpArray/Akitsu/20240918_1900.wav,0.11303123,0.017781813,0.0044962354,0.005387865,0.018628933
../TrueNAS/nies_audio_recording/2024/ChirpArray/Akitsu/20240918_1910.wav,0.07710794,0.03015066,0.010305751,0.002410017,0.033003166
../TrueNAS/nies_audio_recording/2024/ChirpArray/Akitsu/20240918_2000.wav,0.04784728,0.002873905,-0.006389614,-0.006458491,0.017062522
../TrueNAS/nies_audio_recording/2024/ChirpArray/Akitsu/20240918_2010.wav,0.031792626,-0.0027699657,-0.0037050247,-0.0013920963,0.0127221905
../TrueNAS/nies_audio_recording/2024/ChirpArray/Akitsu/20240918_2100.wav,0.043837324,0.0028287098,0.0018219985,0.004121594,0.023269877
../TrueNAS/nies_audio_recording/2024/ChirpArray/Akitsu/20240918_2110.wav,0.1661619,0.008990711,-0.0024189018,0.003912762,0.014300559
../TrueNAS/nies_audio_recording/2024/ChirpArray/Akitsu/20240918_2200.wav,0.14694345,0.5569826,0.03403693,0.16647545,0.021553457
../TrueNAS/nies_audio_recording/2024/ChirpArray/Akitsu/20240918_2210.wav,0.045921165,0.59014577,0.027285408,0.094412,0.017074972
../TrueNAS/nies_audio_recording/2024/ChirpArray/Akitsu/20240918_2300.wav,0.31050843,0.19048105,5.2511692e-05,0.26120186,0.019022822
../TrueNAS/nies_audio_recording/2024/ChirpArray/Akitsu/20240918_2310.wav,0.15408084,0.7692166,-0.0067708045,0.14360154,0.01973208
../TrueNAS/nies_audio_recording/2024/ChirpArray/Akitsu/20240919_0000.wav,0.01964464,0.036586985,-0.008721147,0.006696403,0.015639305
../TrueNAS/nies_audio_recording/2024/ChirpArray/Akitsu/20240919_0100.wav,0.1575051,0.6380124,-0.01342313,0.01860305,0.015397526
../TrueNAS/nies_audio_recording/2024/ChirpArray/Akitsu/20240919_0110.wav,0.048348103,0.4377104,-0.006782282,0.012166128,0.019280955
../TrueNAS/nies_audio_recording/2024/ChirpArray/Akitsu/20240919_0200.wav,0.057249963,0.28207362,-0.009508438,0.022306211,0.018472247
../TrueNAS/nies_audio_recording/2024/ChirpArray/Akitsu/20240919_0210.wav,0.04782891,0.50322473,0.49606195,0.04959967,0.021866336
../TrueNAS/nies_audio_recording/2024/ChirpArray/Akitsu/20240919_0300.wav,0.03899951,0.64227724,-0.0075212196,0.01958546,0.026142001
../TrueNAS/nies_audio_recording/2024/ChirpArray/Akitsu/20240919_0310.wav,0.1700175,0.88240427,0.6799802,0.082117826,0.023451976
../TrueNAS/nies_audio_recording/2024/ChirpArray/Akitsu/20240919_0400.wav,0.10707247,0.70913124,0.4292931,0.065751195,0.023444317
../TrueNAS/nies_audio_recording/2024/ChirpArray/Akitsu/20240919_0410.wav,0.093110055,0.8141064,0.013230626,0.06931964,0.029757082
../TrueNAS/nies_audio_recording/2024/ChirpArray/Akitsu/20240919_0500.wav,0.055277586,0.72300214,0.0047061853,0.059300113,0.023110442
../TrueNAS/nies_audio_recording/2024/ChirpArray/Akitsu/20240919_0510.wav,0.054760836,0.5485942,0.02602284,0.049705658,0.015153214
../TrueNAS/nies_audio_recording/2024/ChirpArray/Akitsu/20240919_0600.wav,0.056354363,0.0124003105,-0.000908263,0.032833815,0.015851319
../TrueNAS/nies_audio_recording/2024/ChirpArray/Akitsu/20240919_0610.wav,0.04019133,0.06328888,0.007391844,0.04575695,0.009842277
../TrueNAS/nies_audio_recording/2024/ChirpArray/Akitsu/20240919_0700.wav,0.066224754,0.6080667,0.035061564,0.0411821,1.0028772
../TrueNAS/nies_audio_recording/2024/ChirpArray/Akitsu/20240919_0710.wav,0.044404767,-0.0017595384,-0.00019316748,0.01671999,0.017358042
../TrueNAS/nies_audio_recording/2024/ChirpArray/Akitsu/20240919_0800.wav,0.056693777,0.20009638,0.03227586,0.034632824,0.9408566
../TrueNAS/nies_audio_recording/2024/ChirpArray/Akitsu/20240919_0810.wav,0.06518851,0.9166173,0.03708571,0.04625734,0.76362145
../TrueNAS/nies_audio_recording/2024/ChirpArray/Akitsu/20240919_0900.wav,0.06648614,0.09918,0.040679555,0.0594163,1.0049355
../TrueNAS/nies_audio_recording/2024/ChirpArray/Akitsu/20240919_0910.wav,0.056587406,0.30097276,0.03224385,0.026345424,0.98503673
../TrueNAS/nies_audio_recording/2024/ChirpArray/Akitsu/20240919_1000.wav,0.91702133,0.43414468,0.043472957,0.06272742,1.0304221
../TrueNAS/nies_audio_recording/2024/ChirpArray/Akitsu/20240919_1010.wav,0.056721196,0.023470368,0.03678378,0.04289183,1.014714
../TrueNAS/nies_audio_recording/2024/ChirpArray/Akitsu/20240919_1100.wav,0.05340752,0.028542154,0.031678718,0.03562071,1.032688
../TrueNAS/nies_audio_recording/2024/ChirpArray/Akitsu/20240919_1110.wav,0.030746639,0.0225402,0.034149643,0.028316163,0.9269233
../TrueNAS/nies_audio_recording/2024/ChirpArray/Akitsu/20240919_1200.wav,0.078363925,0.49820387,0.024818864,0.03246911,0.9561925
../TrueNAS/nies_audio_recording/2024/ChirpArray/Akitsu/20240919_1210.wav,0.039147552,0.01752795,0.026291814,0.031458206,0.81404114
../TrueNAS/nies_audio_recording/2024/ChirpArray/Akitsu/20240919_1300.wav,1.004791,0.052286416,0.03960369,0.040469997,1.0117571
../TrueNAS/nies_audio_recording/2024/ChirpArray/Akitsu/20240919_1310.wav,1.0089536,0.031202346,0.05361023,0.27141863,1.0248436
../TrueNAS/nies_audio_recording/2024/ChirpArray/Akitsu/20240919_1400.wav,0.04135602,0.57720417,0.029170427,0.041695744,0.95704603
../TrueNAS/nies_audio_recording/2024/ChirpArray/Akitsu/20240919_1410.wav,0.0356979,0.03558571,0.030972537,0.017365672,0.99248946
../TrueNAS/nies_audio_recording/2024/ChirpArray/Akitsu/20240919_1500.wav,0.024859957,0.045619182,2.7269125e-06,0.0031201765,0.024937518
../TrueNAS/nies_audio_recording/2024/ChirpArray/Akitsu/20240919_1510.wav,0.038522303,0.37739295,0.035633173,0.039548516,1.015322
../TrueNAS/nies_audio_recording/2024/ChirpArray/Akitsu/20240919_1600.wav,0.03910499,0.023672875,0.035690214,0.030027889,1.00455
../TrueNAS/nies_audio_recording/2024/ChirpArray/Akitsu/20240919_1610.wav,0.5724805,0.54345155,0.02334145,0.04288519,0.4359828
../TrueNAS/nies_audio_recording/2024/ChirpArray/Akitsu/20240919_1700.wav,0.33530718,0.16597846,0.035871927,0.14950326,1.0248635
../TrueNAS/nies_audio_recording/2024/ChirpArray/Akitsu/20240919_1710.wav,0.118256204,0.033526473,0.03440572,0.10226369,1.0216415
../TrueNAS/nies_audio_recording/2024/ChirpArray/Akitsu/20240919_1800.wav,0.3237254,0.5708777,0.0051687397,0.044361558,0.4286305
../TrueNAS/nies_audio_recording/2024/ChirpArray/Akitsu/20240919_1810.wav,0.28638354,0.11593828,0.0019762628,0.03471437,0.006261423
../TrueNAS/nies_audio_recording/2024/ChirpArray/Akitsu/20240919_1900.wav,0.549307,0.057065837,0.124979064,0.21322498,0.0007573962
../TrueNAS/nies_audio_recording/2024/ChirpArray/Akitsu/20240919_1910.wav,0.4708023,0.10470545,0.069953725,0.17604847,0.0124056
../TrueNAS/nies_audio_recording/2024/ChirpArray/Akitsu/20240919_2000.wav,0.43977052,0.0061936863,0.0049380735,0.012429975,0.0077087358
../TrueNAS/nies_audio_recording/2024/ChirpArray/Akitsu/20240919_2010.wav,0.38913846,0.10040011,0.027849812,0.0103466585,0.009063929
../TrueNAS/nies_audio_recording/2024/ChirpArray/Akitsu/20240919_2100.wav,0.5272699,0.09626301,0.010561466,0.04051684,0.020338915
../TrueNAS/nies_audio_recording/2024/ChirpArray/Akitsu/20240919_2110.wav,0.48842043,0.01831484,7.288903e-05,-0.00475125,0.013986852
../TrueNAS/nies_audio_recording/2024/ChirpArray/Akitsu/20240919_2200.wav,0.43852484,0.012892927,0.0069963075,0.23769483,0.009140857
../TrueNAS/nies_audio_recording/2024/ChirpArray/Akitsu/20240919_2210.wav,0.5070701,0.045019392,0.010471884,0.61908275,0.007679917
../TrueNAS/nies_audio_recording/2024/ChirpArray/Akitsu/20240919_2300.wav,0.43748215,0.20006584,0.040495005,0.024791062,0.012955766
../TrueNAS/nies_audio_recording/2024/ChirpArray/Akitsu/20240919_2310.wav,0.4169406,0.021367215,0.0047750063,0.011833586,0.012494471
../TrueNAS/nies_audio_recording/2024/ChirpArray/Akitsu/20240920_0000.wav,0.3967809,0.008011427,0.0044781044,0.020838484,0.0088543445
../TrueNAS/nies_audio_recording/2024/ChirpArray/Akitsu/20240920_0100.wav,0.26931074,0.0049598366,-0.0023763888,0.020156004,0.006562665
../TrueNAS/nies_audio_recording/2024/ChirpArray/Akitsu/20240920_0110.wav,0.54823965,0.0036433153,0.0034628138,0.012870848,0.010686122
../TrueNAS/nies_audio_recording/2024/ChirpArray/Akitsu/20240920_0200.wav,0.56844085,0.32506877,0.09177689,0.24672204,0.0097039975
../TrueNAS/nies_audio_recording/2024/ChirpArray/Akitsu/20240920_0210.wav,0.75088686,0.43485558,0.7928962,0.10977152,0.020326093
../TrueNAS/nies_audio_recording/2024/ChirpArray/Akitsu/20240920_0300.wav,0.41078103,0.47172415,0.106824964,0.42275316,0.0252079
../TrueNAS/nies_audio_recording/2024/ChirpArray/Akitsu/20240920_0310.wav,0.76139534,0.5564286,0.034836855,0.0053056255,0.027519554
../TrueNAS/nies_audio_recording/2024/ChirpArray/Akitsu/20240920_0400.wav,0.036754634,0.5284128,-0.0019901283,0.027805053,0.023240596
../TrueNAS/nies_audio_recording/2024/ChirpArray/Akitsu/20240920_0410.wav,0.11932627,0.6832697,0.016241577,0.21586195,0.02058629
../TrueNAS/nies_audio_recording/2024/ChirpArray/Akitsu/20240920_0500.wav,0.5620945,0.67676437,0.04593635,0.0956488,0.026360124
../TrueNAS/nies_audio_recording/2024/ChirpArray/Akitsu/20240920_0510.wav,0.31879875,0.7610727,0.045099687,0.2822923,0.024301782
../TrueNAS/nies_audio_recording/2024/ChirpArray/Akitsu/20240920_0600.wav,0.11686483,0.06268808,0.002327621,0.015748844,0.0148401335
../TrueNAS/nies_audio_recording/2024/ChirpArray/Akitsu/20240920_0610.wav,0.10229319,0.0057512037,0.0029404424,0.016394496,0.022823334
../TrueNAS/nies_audio_recording/2024/ChirpArray/Akitsu/20240920_0700.wav,0.059309885,0.0050906315,0.0066514984,0.01875472,0.029415816
../TrueNAS/nies_audio_recording/2024/ChirpArray/Akitsu/20240920_0710.wav,0.059362303,0.12827478,0.027682062,0.037937075,0.50834966
../TrueNAS/nies_audio_recording/2024/ChirpArray/Akitsu/20240920_0800.wav,0.045952685,0.20565201,0.004957948,0.016485319,0.019232228
../TrueNAS/nies_audio_recording/2024/ChirpArray/Akitsu/20240920_0810.wav,0.049142055,0.012208048,0.03143267,0.04667107,0.7677009
../TrueNAS/nies_audio_recording/2024/ChirpArray/Akitsu/20240920_0905.wav,0.05702844,0.02697825,0.0069371723,0.025977165,0.02384168
../TrueNAS/nies_audio_recording/2024/ChirpArray/Akitsu/20240920_0915.wav,0.05101563,0.049930844,0.04477134,0.042485148,0.86051273
../TrueNAS/nies_audio_recording/2024/ChirpArray/Akitsu/20240920_1000.wav,0.036862597,0.7983324,0.5936754,0.050977223,1.0208652
../TrueNAS/nies_audio_recording/2024/ChirpArray/Akitsu/20240920_1010.wav,0.061660796,0.13023992,0.023450118,0.037088677,0.96694744
../TrueNAS/nies_audio_recording/2024/ChirpArray/Akitsu/20240920_1100.wav,0.033530936,0.01312051,0.027078714,0.020411223,0.9985814
../TrueNAS/nies_audio_recording/2024/ChirpArray/Akitsu/20240920_1110.wav,0.032964975,0.029417872,0.027314972,0.028890416,1.0269096
../TrueNAS/nies_audio_recording/2024/ChirpArray/Akitsu/20240920_1200.wav,0.03633388,0.26748496,0.032055553,0.039260007,0.9496561
../TrueNAS/nies_audio_recording/2024/ChirpArray/Akitsu/20240920_1210.wav,0.036037594,0.73262197,0.033478957,0.039335743,1.027073
../TrueNAS/nies_audio_recording/2024/ChirpArray/Akitsu/20240920_1300.wav,0.0442096,0.35297996,0.03371257,0.045461517,1.0132809
../TrueNAS/nies_audio_recording/2024/ChirpArray/Akitsu/20240920_1310.wav,0.03476835,0.030196719,0.034730803,0.03379158,1.012499
../TrueNAS/nies_audio_recording/2024/ChirpArray/Akitsu/20240920_1400.wav,0.02904021,0.17297669,0.009834249,0.014829174,0.6288532
../TrueNAS/nies_audio_recording/2024/ChirpArray/Akitsu/20240920_1410.wav,0.03651081,0.036656834,0.027575325,0.019819066,1.013826
../TrueNAS/nies_audio_recording/2024/ChirpArray/Akitsu/20240920_1500.wav,0.021145675,0.008598091,0.020515416,0.182788,0.74818957
../TrueNAS/nies_audio_recording/2024/ChirpArray/Akitsu/20240920_1510.wav,0.024118967,0.0024709217,-0.0010065623,0.00022764504,0.024326928
../TrueNAS/nies_audio_recording/2024/ChirpArray/Akitsu/20240920_1600.wav,0.71198845,0.12742655,0.032910835,0.04641788,1.0041964
../TrueNAS/nies_audio_recording/2024/ChirpArray/Akitsu/20240920_1610.wav,0.035513565,0.42196667,0.0253664,0.027992964,0.92238307
../TrueNAS/nies_audio_recording/2024/ChirpArray/Akitsu/20240920_1700.wav,0.6695179,0.029357057,0.025716212,0.023667142,1.0312171
../TrueNAS/nies_audio_recording/2024/ChirpArray/Akitsu/20240920_1710.wav,0.046568446,0.058881156,-0.0038133822,0.006397575,0.0153773725
../TrueNAS/nies_audio_recording/2024/ChirpArray/Akitsu/20240920_1800.wav,0.21378213,-0.00013031997,-0.0023079477,0.023967355,0.0038914531
../TrueNAS/nies_audio_recording/2024/ChirpArray/Akitsu/20240920_1810.wav,0.120722994,0.052276436,0.00014827773,0.029000059,0.0076945014
../TrueNAS/nies_audio_recording/2024/ChirpArray/Akitsu/20240920_1900.wav,0.20397326,0.0019025523,0.06432329,0.07340345,0.007024415
../TrueNAS/nies_audio_recording/2024/ChirpArray/Akitsu/20240920_1910.wav,0.12638266,0.0038946494,0.024924304,0.09714071,0.0068898015
../TrueNAS/nies_audio_recording/2024/ChirpArray/Akitsu/20240920_2000.wav,0.15510157,-0.0029954612,-0.0059830435,0.01666931,0.0034503415
../TrueNAS/nies_audio_recording/2024/ChirpArray/Akitsu/20240920_2010.wav,0.24286112,-0.0009818189,0.0047094114,0.036192015,0.0037837923
../TrueNAS/nies_audio_recording/2024/ChirpArray/Akitsu/20240920_2100.wav,0.2934677,0.31570363,-0.005656112,0.0150446,0.0042835437
../TrueNAS/nies_audio_recording/2024/ChirpArray/Akitsu/20240920_2110.wav,0.43836665,0.0029447228,0.00048043206,0.026447862,0.00655232
../TrueNAS/nies_audio_recording/2024/ChirpArray/Akitsu/20240920_2200.wav,0.48416492,-0.0023176335,0.0039255805,0.020700842,0.0047754273
../TrueNAS/nies_audio_recording/2024/ChirpArray/Akitsu/20240920_2210.wav,0.4786094,-0.00028461777,0.0053325184,0.010223925,0.0060804635
../TrueNAS/nies_audio_recording/2024/ChirpArray/Akitsu/20240920_2300.wav,0.5780281,0.13606688,0.0086928345,0.03645914,-0.000938192
../TrueNAS/nies_audio_recording/2024/ChirpArray/Akitsu/20240920_2310.wav,0.47218004,0.15873675,0.005746562,0.04422648,0.015550859
../TrueNAS/nies_audio_recording/2024/ChirpArray/Akitsu/20240921_0000.wav,0.32799253,0.113664374,0.00036250427,0.022761151,0.005052507
../TrueNAS/nies_audio_recording/2024/ChirpArray/Akitsu/20240921_0100.wav,0.97024727,0.28290308,0.026147004,0.014125645,0.009866539
../TrueNAS/nies_audio_recording/2024/ChirpArray/Akitsu/20240921_0110.wav,0.9105032,0.013419239,0.02579781,0.018782869,0.010150574
../TrueNAS/nies_audio_recording/2024/ChirpArray/Akitsu/20240921_0200.wav,0.5711525,0.6421345,0.040199157,0.11314902,0.00789503
../TrueNAS/nies_audio_recording/2024/ChirpArray/Akitsu/20240921_0210.wav,0.64863646,0.50365657,0.0128184445,0.39225984,0.005587332
../TrueNAS/nies_audio_recording/2024/ChirpArray/Akitsu/20240921_0300.wav,0.8161025,0.7390461,0.021641921,0.0153932795,0.018679291
../TrueNAS/nies_audio_recording/2024/ChirpArray/Akitsu/20240921_0310.wav,0.8059241,0.3881269,0.02244873,0.011094473,0.016593948
../TrueNAS/nies_audio_recording/2024/ChirpArray/Akitsu/20240921_0400.wav,0.10007328,0.70421296,-0.008040469,0.050540775,0.022507757
../TrueNAS/nies_audio_recording/2024/ChirpArray/Akitsu/20240921_0410.wav,0.13492996,0.5822222,0.0077009164,0.10384609,0.0236952
../TrueNAS/nies_audio_recording/2024/ChirpArray/Akitsu/20240921_0500.wav,0.13013805,0.3271699,0.00049396977,0.63552445,0.024592131
../TrueNAS/nies_audio_recording/2024/ChirpArray/Akitsu/20240921_0510.wav,0.28692383,0.08884742,-0.003034208,0.21955389,0.021202266
../TrueNAS/nies_audio_recording/2024/ChirpArray/Akitsu/20240921_0600.wav,0.06889531,0.01898294,0.0003121607,0.0036552995,0.023536026
../TrueNAS/nies_audio_recording/2024/ChirpArray/Akitsu/20240921_0610.wav,0.1252321,0.01885464,-8.415431e-06,0.0067374036,0.017459698
../TrueNAS/nies_audio_recording/2024/ChirpArray/Akitsu/20240921_0700.wav,0.047260344,0.7485469,-0.0029766709,0.021790281,0.03267067
../TrueNAS/nies_audio_recording/2024/ChirpArray/Akitsu/20240921_0710.wav,0.055119507,0.12515882,-0.0073242933,0.13970105,0.024945483
../TrueNAS/nies_audio_recording/2024/ChirpArray/Akitsu/20240921_0800.wav,0.039615996,5.608052e-05,-0.00042355433,0.011645436,0.027230978
../TrueNAS/nies_audio_recording/2024/ChirpArray/Akitsu/20240921_0810.wav,0.048229773,0.027907148,0.0029058307,0.012944445,0.021980211
../TrueNAS/nies_audio_recording/2024/ChirpArray/Akitsu/20240921_0900.wav,0.044165626,0.0042593535,0.0007708818,0.011157669,0.03462845
../TrueNAS/nies_audio_recording/2024/ChirpArray/Akitsu/20240921_0910.wav,0.039763026,0.8235262,0.0031912588,0.016299844,0.025032364
../TrueNAS/nies_audio_recording/2024/ChirpArray/Akitsu/20240921_1000.wav,0.031930417,0.019118164,-0.0024164394,0.01034347,0.012316976
../TrueNAS/nies_audio_recording/2024/ChirpArray/Akitsu/20240921_1010.wav,0.03506817,0.03635218,0.028568063,0.109550655,1.007215
../TrueNAS/nies_audio_recording/2024/ChirpArray/Akitsu/20240921_1100.wav,0.056120157,0.13059783,0.00906622,0.024125598,0.015144311
../TrueNAS/nies_audio_recording/2024/ChirpArray/Akitsu/20240921_1110.wav,0.04876507,0.046035536,0.004478503,0.010319591,0.013338555
../TrueNAS/nies_audio_recording/2024/ChirpArray/Akitsu/20240921_1200.wav,0.031513426,0.021185677,0.0029431768,0.014078721,0.019122109
../TrueNAS/nies_audio_recording/2024/ChirpArray/Akitsu/20240921_1210.wav,0.034621537,0.008006189,0.0022458173,0.014906421,0.021712631
../TrueNAS/nies_audio_recording/2024/ChirpArray/Akitsu/20240921_1300.wav,0.028986707,0.012544623,-0.004129898,0.009405926,0.020883247
../TrueNAS/nies_audio_recording/2024/ChirpArray/Akitsu/20240921_1310.wav,0.036563717,0.017161682,-0.0029266216,0.011160202,0.022888035
../TrueNAS/nies_audio_recording/2024/ChirpArray/Akitsu/20240921_1400.wav,0.02420266,0.0057142656,-0.0026640892,0.015697226,0.012116123
../TrueNAS/nies_audio_recording/2024/ChirpArray/Akitsu/20240921_1410.wav,0.05071465,0.061290637,0.007252779,0.012274742,0.039532058
../TrueNAS/nies_audio_recording/2024/ChirpArray/Akitsu/20240921_1500.wav,0.03855376,0.07607053,-0.0039772578,0.0174217,0.024819642
../TrueNAS/nies_audio_recording/2024/ChirpArray/Akitsu/20240921_1510.wav,0.042767562,0.030539822,-0.008551385,0.60376984,0.012807541
../TrueNAS/nies_audio_recording/2024/ChirpArray/Akitsu/20240921_1600.wav,0.054473326,0.0059161335,-0.0022366643,0.6731159,0.022876725
../TrueNAS/nies_audio_recording/2024/ChirpArray/Akitsu/20240921_1610.wav,0.030177645,0.006772749,-0.001085233,0.52032113,0.01395721
../TrueNAS/nies_audio_recording/2024/ChirpArray/Akitsu/20240921_1700.wav,0.026856072,0.0037676021,0.0036422312,0.016439527,0.012924306
../TrueNAS/nies_audio_recording/2024/ChirpArray/Akitsu/20240921_1710.wav,0.04298881,0.110847816,0.0057515167,0.062416576,0.027232021
../TrueNAS/nies_audio_recording/2024/ChirpArray/Akitsu/20240921_1800.wav,0.051381774,0.13199797,0.014908273,0.008132696,0.022823736
../TrueNAS/nies_audio_recording/2024/ChirpArray/Akitsu/20240921_1810.wav,0.054727495,0.00063878857,0.0071188435,0.0007681176,0.028653324
../TrueNAS/nies_audio_recording/2024/ChirpArray/Akitsu/20240921_1900.wav,0.059881967,-0.008976243,0.0059920438,0.0030962378,0.02368024
../TrueNAS/nies_audio_recording/2024/ChirpArray/Akitsu/20240921_1910.wav,0.063103594,-0.011396468,0.0084048025,0.040021196,0.022770144
../TrueNAS/nies_audio_recording/2024/ChirpArray/Akitsu/20240921_2000.wav,0.26383922,-0.019769348,0.0222012,0.06902024,0.01575736
../TrueNAS/nies_audio_recording/2024/ChirpArray/Akitsu/20240921_2010.wav,0.1674777,0.0004359614,0.02656744,0.057871915,0.012093917
../TrueNAS/nies_audio_recording/2024/ChirpArray/Akitsu/20240921_2100.wav,0.10114147,0.029098801,0.020974066,0.025398225,0.012860067
../TrueNAS/nies_audio_recording/2024/ChirpArray/Akitsu/20240921_2110.wav,0.100094825,0.031187885,0.01762594,0.03697724,0.013645828
../TrueNAS/nies_audio_recording/2024/ChirpArray/Akitsu/20240921_2200.wav,0.062380545,0.016567953,0.018427458,0.024325795,0.018980764
../TrueNAS/nies_audio_recording/2024/ChirpArray/Akitsu/20240921_2210.wav,0.19968542,0.08337562,0.019366052,0.031338938,0.014820777
../TrueNAS/nies_audio_recording/2024/ChirpArray/Akitsu/20240921_2300.wav,0.13165358,0.029734135,0.01208514,0.016395256,0.02747944
../TrueNAS/nies_audio_recording/2024/ChirpArray/Akitsu/20240921_2310.wav,0.48143968,0.08998093,0.02438159,0.04080936,0.03487119
../TrueNAS/nies_audio_recording/2024/ChirpArray/Akitsu/20240922_0000.wav,0.54113734,0.011401249,0.041512463,0.055574365,0.024451308
../TrueNAS/nies_audio_recording/2024/ChirpArray/Akitsu/20240922_0005.wav,0.58739257,0.018671092,0.05165277,0.05042877,0.020853631
../TrueNAS/nies_audio_recording/2024/ChirpArray/Akitsu/20240922_0100.wav,0.1476818,0.06318607,0.008054424,0.023600355,0.018922016
../TrueNAS/nies_audio_recording/2024/ChirpArray/Akitsu/20240922_0110.wav,0.2317428,0.08724471,0.02171329,0.009781301,0.024227679
../TrueNAS/nies_audio_recording/2024/ChirpArray/Akitsu/20240922_0200.wav,0.18915543,0.046022184,0.0021502264,0.010622978,0.018563062
../TrueNAS/nies_audio_recording/2024/ChirpArray/Akitsu/20240922_0210.wav,0.34583098,0.03742729,0.011277221,0.020553693,0.016140416
../TrueNAS/nies_audio_recording/2024/ChirpArray/Akitsu/20240922_0300.wav,0.28251466,0.03625176,0.006182391,0.027999423,0.02275683
../TrueNAS/nies_audio_recording/2024/ChirpArray/Akitsu/20240922_0310.wav,0.119882844,0.025145005,0.019623782,0.021076664,0.032498837
../TrueNAS/nies_audio_recording/2024/ChirpArray/Akitsu/20240922_0400.wav,0.23033783,0.044998974,-0.00063693896,0.03081368,0.021730982
../TrueNAS/nies_audio_recording/2024/ChirpArray/Akitsu/20240922_0410.wav,0.26458752,0.021081194,-0.0004865341,0.04185658,0.019192621
../TrueNAS/nies_audio_recording/2024/ChirpArray/Akitsu/20240922_0500.wav,0.23034066,0.025577512,0.0071856454,0.038085014,0.023065321
../TrueNAS/nies_audio_recording/2024/ChirpArray/Akitsu/20240922_0510.wav,0.52371514,0.017403023,0.009042498,0.031299666,0.016546145
../TrueNAS/nies_audio_recording/2024/ChirpArray/Akitsu/20240922_0600.wav,0.4529323,0.040448554,0.007263284,0.028134584,0.030019306
../TrueNAS/nies_audio_recording/2024/ChirpArray/Akitsu/20240922_0610.wav,0.084617145,0.88853115,0.001473058,0.025744334,0.042626403
../TrueNAS/nies_audio_recording/2024/ChirpArray/Akitsu/20240922_0700.wav,0.039383486,0.030849278,-0.0030967034,0.004586607,0.028014176
../TrueNAS/nies_audio_recording/2024/ChirpArray/Akitsu/20240922_0710.wav,0.042980365,0.19093183,-0.0045668446,0.008646727,0.031576097
../TrueNAS/nies_audio_recording/2024/ChirpArray/Akitsu/20240922_0800.wav,0.041843012,0.014531662,-0.0012849234,0.014009729,0.03264627
../TrueNAS/nies_audio_recording/2024/ChirpArray/Akitsu/20240922_0810.wav,0.05110938,0.6795126,0.0010650977,0.01685816,0.031159982
../TrueNAS/nies_audio_recording/2024/ChirpArray/Akitsu/20240922_0900.wav,0.13164692,0.020773977,-0.0038759522,0.010112479,0.033088624
../TrueNAS/nies_audio_recording/2024/ChirpArray/Akitsu/20240922_0910.wav,0.039028507,0.045996726,-0.0016660914,0.013553165,0.028317384
../TrueNAS/nies_audio_recording/2024/ChirpArray/Akitsu/20240922_1000.wav,0.035445303,0.003912734,-0.0048181415,0.010311037,0.028181791
../TrueNAS/nies_audio_recording/2024/ChirpArray/Akitsu/20240922_1010.wav,0.037710074,0.13368559,-0.0003835596,0.013301425,0.034427673
../TrueNAS/nies_audio_recording/2024/ChirpArray/Akitsu/20240922_1100.wav,0.033960417,0.021682847,0.0035720356,0.013915464,0.019759484
../TrueNAS/nies_audio_recording/2024/ChirpArray/Akitsu/20240922_1110.wav,0.02627502,0.008863173,-0.0020022132,0.016159505,0.03178507
../TrueNAS/nies_audio_recording/2024/ChirpArray/Akitsu/20240922_1200.wav,0.025392868,0.21912049,0.007923778,0.012337312,0.2485148
../TrueNAS/nies_audio_recording/2024/ChirpArray/Akitsu/20240922_1210.wav,0.6899918,0.039249066,0.037231114,0.045041468,1.0296736
../TrueNAS/nies_audio_recording/2024/ChirpArray/Akitsu/20240922_1300.wav,0.024564594,0.0018384121,-0.005606439,0.010424055,0.017827071
../TrueNAS/nies_audio_recording/2024/ChirpArray/Akitsu/20240922_1310.wav,0.061152294,0.009085586,0.0023849644,0.46903098,0.021079347
../TrueNAS/nies_audio_recording/2024/ChirpArray/Akitsu/20240922_1400.wav,0.033369396,0.072875276,0.029522207,0.04486182,0.8186227
../TrueNAS/nies_audio_recording/2024/ChirpArray/Akitsu/20240922_1410.wav,0.66851074,0.7805483,0.1683888,0.07035195,1.037364
../TrueNAS/nies_audio_recording/2024/ChirpArray/Akitsu/20240922_1500.wav,0.03378305,0.004518993,-0.0100805685,0.11461353,0.02073548
../TrueNAS/nies_audio_recording/2024/ChirpArray/Akitsu/20240922_1510.wav,0.03644861,0.6566596,0.030915897,0.04188792,1.0189903
../TrueNAS/nies_audio_recording/2024/ChirpArray/Akitsu/20240922_1600.wav,0.031571828,0.04522267,-0.0014368147,0.009086587,0.028639495
../TrueNAS/nies_audio_recording/2024/ChirpArray/Akitsu/20240922_1606.wav,0.031586405,0.179413,-0.0027456172,0.017058387,0.12500392
../TrueNAS/nies_audio_recording/2024/ChirpArray/Akitsu/20240922_1615.wav,0.032114107,0.6196474,-0.009575967,0.014531344,0.030967772
../TrueNAS/nies_audio_recording/2024/ChirpArray/Akitsu/20240922_1700.wav,0.04522274,0.32754362,0.032635834,0.04974038,1.0209394
../TrueNAS/nies_audio_recording/2024/ChirpArray/Akitsu/20240922_1710.wav,0.06375134,0.0892434,0.010243323,0.05251699,0.009624068
../TrueNAS/nies_audio_recording/2024/ChirpArray/Akitsu/20240922_1800.wav,0.36626923,0.045100197,0.011368606,0.8357945,0.017351367
../TrueNAS/nies_audio_recording/2024/ChirpArray/Akitsu/20240922_1810.wav,0.32783863,0.03197956,0.007665165,0.8707627,0.02165322
../TrueNAS/nies_audio_recording/2024/ChirpArray/Akitsu/20240922_1900.wav,0.2879237,0.1639135,0.19023547,0.8703793,0.021842957
../TrueNAS/nies_audio_recording/2024/ChirpArray/Akitsu/20240922_1910.wav,0.40850168,0.023663245,0.0027698614,0.84771246,0.020197526
../TrueNAS/nies_audio_recording/2024/ChirpArray/Akitsu/20240922_2000.wav,0.11353083,0.055127993,0.012645032,0.8966998,0.024896502
../TrueNAS/nies_audio_recording/2024/ChirpArray/Akitsu/20240922_2010.wav,0.11646664,0.026472382,0.019835431,0.8338361,0.024058
../TrueNAS/nies_audio_recording/2024/ChirpArray/Akitsu/20240922_2100.wav,0.030229766,-0.009515256,0.0068738274,0.015459105,0.017549478
../TrueNAS/nies_audio_recording/2024/ChirpArray/Akitsu/20240922_2110.wav,0.041137468,0.0001244992,0.0024504215,0.014714196,0.010619253
../TrueNAS/nies_audio_recording/2024/ChirpArray/Akitsu/20240922_2200.wav,0.037901014,0.15598406,0.010528278,0.033587933,0.01144883
../TrueNAS/nies_audio_recording/2024/ChirpArray/Akitsu/20240922_2210.wav,0.05221731,-0.002920635,0.0077544153,0.04073657,0.013289578
../TrueNAS/nies_audio_recording/2024/ChirpArray/Akitsu/20240922_2300.wav,0.035372186,-0.012803834,0.0038062744,0.018893003,0.019647881
../TrueNAS/nies_audio_recording/2024/ChirpArray/Akitsu/20240922_2310.wav,0.0451059,-0.013401352,0.010558229,0.03613916,0.009774752
../TrueNAS/nies_audio_recording/2024/ChirpArray/Akitsu/20240923_0000.wav,0.09962638,-0.01811817,3.048405e-05,0.026998535,0.01859755
../TrueNAS/nies_audio_recording/2024/ChirpArray/Akitsu/20240923_0100.wav,0.7878489,-0.0013142843,0.030541893,0.058790796,0.010426395
../TrueNAS/nies_audio_recording/2024/ChirpArray/Akitsu/20240923_0110.wav,0.34136093,-0.015073147,0.017736156,0.04818188,0.012572318
../TrueNAS/nies_audio_recording/2024/ChirpArray/Akitsu/20240923_0200.wav,0.2683004,0.009676732,0.0075794198,0.016828343,0.009729825
../TrueNAS/nies_audio_recording/2024/ChirpArray/Akitsu/20240923_0210.wav,0.16466692,-0.00209748,0.0039840005,0.01718776,0.012492292
../TrueNAS/nies_audio_recording/2024/ChirpArray/Akitsu/20240923_0300.wav,0.23132995,0.027512949,0.016565923,0.034507602,0.026419893
../TrueNAS/nies_audio_recording/2024/ChirpArray/Akitsu/20240923_0310.wav,0.13351606,0.0058749206,0.00426938,0.007641509,0.02261544
../TrueNAS/nies_audio_recording/2024/ChirpArray/Akitsu/20240923_0400.wav,0.21182704,0.032325983,-0.0034455732,0.064785644,0.036999628
../TrueNAS/nies_audio_recording/2024/ChirpArray/Akitsu/20240923_0410.wav,0.6872671,0.008606348,0.025887642,0.03349524,0.025578275
../TrueNAS/nies_audio_recording/2024/ChirpArray/Akitsu/20240923_0500.wav,0.15658349,0.048422445,-0.0027022958,0.013323128,0.025134057
../TrueNAS/nies_audio_recording/2024/ChirpArray/Akitsu/20240923_0510.wav,0.37447143,0.051862057,0.012906011,0.03235376,0.029753968
../TrueNAS/nies_audio_recording/2024/ChirpArray/Akitsu/20240923_0600.wav,0.17393175,0.01721588,0.006566774,0.025202021,0.037558235
../TrueNAS/nies_audio_recording/2024/ChirpArray/Akitsu/20240923_0610.wav,0.08074566,0.041481722,0.0015910715,0.015851647,0.034568876
../TrueNAS/nies_audio_recording/2024/ChirpArray/Akitsu/20240923_0700.wav,0.093322,0.024382941,0.007477794,0.02264908,0.033361286
../TrueNAS/nies_audio_recording/2024/ChirpArray/Akitsu/20240923_0710.wav,0.29977918,0.94309807,-0.0029162765,0.031300835,0.031191312
../TrueNAS/nies_audio_recording/2024/ChirpArray/Akitsu/20240923_0800.wav,0.14123678,0.09154319,-0.0054936446,0.013987519,0.03161563
../TrueNAS/nies_audio_recording/2024/ChirpArray/Akitsu/20240923_0810.wav,0.07304217,0.8495366,0.007885199,0.01576373,0.03738071
../TrueNAS/nies_audio_recording/2024/ChirpArray/Akitsu/20240923_0900.wav,0.048062243,0.3002985,-0.00044033304,0.011926651,0.03203951
../TrueNAS/nies_audio_recording/2024/ChirpArray/Akitsu/20240923_0910.wav,0.036127027,0.05483622,0.0012251176,0.017038956,0.02613701
../TrueNAS/nies_audio_recording/2024/ChirpArray/Akitsu/20240923_1000.wav,0.044141326,0.93801653,0.005822733,0.01486475,0.025363535
../TrueNAS/nies_audio_recording/2024/ChirpArray/Akitsu/20240923_1010.wav,0.04067941,0.015486391,0.0018776022,0.01446861,0.02535139
../TrueNAS/nies_audio_recording/2024/ChirpArray/Akitsu/20240923_1100.wav,0.035146818,0.007613158,-0.00036646053,0.015920952,0.027626507
../TrueNAS/nies_audio_recording/2024/ChirpArray/Akitsu/20240923_1110.wav,0.040589552,0.049130604,0.0008288957,0.020326331,0.022140428
../TrueNAS/nies_audio_recording/2024/ChirpArray/Akitsu/20240923_1200.wav,0.040029902,0.017554387,0.002322819,0.015671372,0.03169637
../TrueNAS/nies_audio_recording/2024/ChirpArray/Akitsu/20240923_1210.wav,0.045384727,0.026111148,0.0060428046,0.023753352,0.032523215
../TrueNAS/nies_audio_recording/2024/ChirpArray/Akitsu/20240923_1300.wav,0.03264466,0.042794608,0.0063615665,0.015567936,0.06124103
../TrueNAS/nies_audio_recording/2024/ChirpArray/Akitsu/20240923_1310.wav,0.11873105,0.39168245,0.00066747144,0.036052115,0.046141222
../TrueNAS/nies_audio_recording/2024/ChirpArray/Akitsu/20240923_1400.wav,0.044105753,0.13519908,0.0041239522,0.015799567,0.03020975
../TrueNAS/nies_audio_recording/2024/ChirpArray/Akitsu/20240923_1410.wav,0.048058085,0.2419581,0.007035617,0.015625343,0.06503106
../TrueNAS/nies_audio_recording/2024/ChirpArray/Akitsu/20240923_1500.wav,0.24704915,0.01780919,0.0010045059,0.008516908,0.019872442
../TrueNAS/nies_audio_recording/2024/ChirpArray/Akitsu/20240923_1510.wav,0.036212984,0.3791268,0.0006106794,0.035700135,0.019831434
../TrueNAS/nies_audio_recording/2024/ChirpArray/Akitsu/20240923_1600.wav,0.049706798,0.026301166,0.0017182194,0.013687506,0.023670793
../TrueNAS/nies_audio_recording/2024/ChirpArray/Akitsu/20240923_1610.wav,0.05648753,0.73763657,0.005062066,0.013766669,0.026186064
../TrueNAS/nies_audio_recording/2024/ChirpArray/Akitsu/20240923_1700.wav,0.03584098,0.12492254,0.0020310022,0.013586044,0.016101137
../TrueNAS/nies_audio_recording/2024/ChirpArray/Akitsu/20240923_1710.wav,0.057909112,0.31184363,0.0025698468,0.013564184,0.02647613
../TrueNAS/nies_audio_recording/2024/ChirpArray/Akitsu/20240923_1800.wav,0.12569077,-0.0049599074,0.012507122,0.027680844,0.019095853
../TrueNAS/nies_audio_recording/2024/ChirpArray/Akitsu/20240923_1810.wav,0.104741976,-0.0098640695,0.023510639,0.0704654,0.012463
../TrueNAS/nies_audio_recording/2024/ChirpArray/Akitsu/20240923_1900.wav,0.122546114,0.00034005195,0.019681599,0.07980358,0.018402033
../TrueNAS/nies_audio_recording/2024/ChirpArray/Akitsu/20240923_1910.wav,0.14711916,0.015919331,0.015802097,0.047903724,0.02401729
../TrueNAS/nies_audio_recording/2024/ChirpArray/Akitsu/20240923_2000.wav,0.17041177,0.03228169,0.018894982,0.027270205,0.021648832
../TrueNAS/nies_audio_recording/2024/ChirpArray/Akitsu/20240923_2014.wav,0.34853595,0.039421648,0.016613673,0.028390713,0.03265576
../TrueNAS/nies_audio_recording/2024/ChirpArray/Akitsu/20240923_2100.wav,0.16430336,0.023547452,0.005393494,0.016172275,0.029326186
../TrueNAS/nies_audio_recording/2024/ChirpArray/Akitsu/20240923_2110.wav,0.06273839,0.071858525,0.009666432,0.0061231256,0.03200251
../TrueNAS/nies_audio_recording/2024/ChirpArray/Akitsu/20240923_2200.wav,0.06900826,0.17153294,0.0066551454,0.03534834,0.029801078
../TrueNAS/nies_audio_recording/2024/ChirpArray/Akitsu/20240923_2210.wav,0.22465196,0.0063188374,0.015021037,0.049366795,0.026261501
../TrueNAS/nies_audio_recording/2024/ChirpArray/Akitsu/20240923_2300.wav,0.06719597,0.74321,0.013186727,0.057687,0.040472314
../TrueNAS/nies_audio_recording/2024/ChirpArray/Akitsu/20240923_2310.wav,0.12682964,0.009158846,0.0003299974,0.058702305,0.028881177
../TrueNAS/nies_audio_recording/2024/ChirpArray/Akitsu/20240924_0000.wav,0.04844136,0.17476021,0.0010196231,0.0151978135,0.0130171105
../TrueNAS/nies_audio_recording/2024/ChirpArray/Akitsu/20240924_0100.wav,0.23821217,0.07580455,0.0056883693,0.04312525,0.030983493
../TrueNAS/nies_audio_recording/2024/ChirpArray/Akitsu/20240924_0110.wav,0.09563147,0.00730969,-0.00086563453,0.030158907,0.022612616
../TrueNAS/nies_audio_recording/2024/ChirpArray/Akitsu/20240924_0200.wav,0.28164017,0.0086412765,0.01859783,0.097028,0.03206884
../TrueNAS/nies_audio_recording/2024/ChirpArray/Akitsu/20240924_0210.wav,0.33295178,0.040935587,0.0056005307,0.020133689,0.03292714
../TrueNAS/nies_audio_recording/2024/ChirpArray/Akitsu/20240924_0300.wav,0.9053753,0.027125647,0.059185278,0.2829262,0.026036084
../TrueNAS/nies_audio_recording/2024/ChirpArray/Akitsu/20240924_0310.wav,0.45488104,0.06089615,0.014802601,0.08840523,0.030626044
../TrueNAS/nies_audio_recording/2024/ChirpArray/Akitsu/20240924_0400.wav,0.32201448,0.13464029,0.004133176,0.04474156,0.030651666
../TrueNAS/nies_audio_recording/2024/ChirpArray/Akitsu/20240924_0410.wav,0.72833425,0.058227286,0.020983737,0.035322115,0.024178945
../TrueNAS/nies_audio_recording/2024/ChirpArray/Akitsu/20240924_0500.wav,0.39478618,0.013462183,0.01273201,0.05981598,0.03750696
../TrueNAS/nies_audio_recording/2024/ChirpArray/Akitsu/20240924_0510.wav,0.25155792,0.02227757,0.01619276,0.03721276,0.024243757
../TrueNAS/nies_audio_recording/2024/ChirpArray/Akitsu/20240924_0600.wav,0.06006543,0.1685187,0.0038720034,0.025657736,0.030688725
../TrueNAS/nies_audio_recording/2024/ChirpArray/Akitsu/20240924_0610.wav,0.036888927,0.026992828,-0.0049767457,0.004946649,0.02598314
../TrueNAS/nies_audio_recording/2024/ChirpArray/Akitsu/20240924_0700.wav,0.034826323,0.008146172,-0.0012015812,0.009344719,0.022815175
../TrueNAS/nies_audio_recording/2024/ChirpArray/Akitsu/20240924_0710.wav,0.049004465,0.4996935,0.003569372,0.008661129,0.030881658
../TrueNAS/nies_audio_recording/2024/ChirpArray/Akitsu/20240924_0800.wav,0.04179169,0.19722481,0.011328418,0.011572413,0.027635053
../TrueNAS/nies_audio_recording/2024/ChirpArray/Akitsu/20240924_0810.wav,0.045960262,0.044661492,-0.0011928491,0.006383434,0.028474681
../TrueNAS/nies_audio_recording/2024/ChirpArray/Akitsu/20240924_0900.wav,0.04804682,0.08044243,0.012408283,0.013764352,0.025999814
../TrueNAS/nies_audio_recording/2024/ChirpArray/Akitsu/20240924_0910.wav,0.06691737,0.9594981,0.0044476204,0.02351597,0.28248265
../TrueNAS/nies_audio_recording/2024/ChirpArray/Akitsu/20240924_1000.wav,0.03641443,0.022137625,0.010402247,0.012188509,0.034104213
../TrueNAS/nies_audio_recording/2024/ChirpArray/Akitsu/20240924_1010.wav,0.04139574,0.097506925,0.00085730106,0.028640695,0.031999722
../TrueNAS/nies_audio_recording/2024/ChirpArray/Akitsu/20240924_1100.wav,0.04672037,0.7827695,0.012543503,0.018668845,0.60143924
../TrueNAS/nies_audio_recording/2024/ChirpArray/Akitsu/20240924_1110.wav,0.05909486,0.050503533,0.0033475645,0.113101736,0.023360476
../TrueNAS/nies_audio_recording/2024/ChirpArray/Akitsu/20240924_1200.wav,0.04064421,0.024062648,0.006371442,0.029831603,0.025492936
../TrueNAS/nies_audio_recording/2024/ChirpArray/Akitsu/20240924_1210.wav,0.04630767,0.3950339,0.005958367,0.012663886,0.030163169
../TrueNAS/nies_audio_recording/2024/ChirpArray/Akitsu/20240924_1300.wav,0.045079853,0.020523412,0.0012168251,0.017436147,0.022396758
../TrueNAS/nies_audio_recording/2024/ChirpArray/Akitsu/20240924_1310.wav,0.026997209,0.07356909,0.010055024,0.02095525,0.68599474
../TrueNAS/nies_audio_recording/2024/ChirpArray/Akitsu/20240924_1400.wav,0.036092274,0.03440474,-0.003930755,0.016133636,0.01972863
../TrueNAS/nies_audio_recording/2024/ChirpArray/Akitsu/20240924_1410.wav,0.032412976,0.068034306,-0.003485974,0.017060146,0.144856
../TrueNAS/nies_audio_recording/2024/ChirpArray/Akitsu/20240924_1500.wav,0.023456216,0.08025204,0.000481572,0.009323947,0.009456687
../TrueNAS/nies_audio_recording/2024/ChirpArray/Akitsu/20240924_1510.wav,0.04518824,0.5056378,0.0019942857,0.023436308,0.026394174
../TrueNAS/nies_audio_recording/2024/ChirpArray/Akitsu/20240924_1600.wav,0.034174446,0.03367274,-0.004267685,0.022716016,0.018447384
../TrueNAS/nies_audio_recording/2024/ChirpArray/Akitsu/20240924_1610.wav,0.05383872,0.86128443,0.0008626804,0.016877457,0.008141249
../TrueNAS/nies_audio_recording/2024/ChirpArray/Akitsu/20240924_1700.wav,0.035285473,0.028828334,0.0037938692,0.010023765,0.035458356
../TrueNAS/nies_audio_recording/2024/ChirpArray/Akitsu/20240924_1710.wav,0.033605397,0.010690581,-0.0040961653,0.011965513,0.014248554
../TrueNAS/nies_audio_recording/2024/ChirpArray/Akitsu/20240924_1800.wav,0.16458948,0.2785653,0.015313875,0.025866129,0.02750139
../TrueNAS/nies_audio_recording/2024/ChirpArray/Akitsu/20240924_1814.wav,0.62078947,0.006477667,0.024489831,0.06366635,0.016241297
../TrueNAS/nies_audio_recording/2024/ChirpArray/Akitsu/20240924_1900.wav,0.27180234,0.02972111,0.02791999,0.09135811,0.020271033
../TrueNAS/nies_audio_recording/2024/ChirpArray/Akitsu/20240924_1910.wav,0.20002368,0.025697205,0.013581198,0.016126208,0.021299258
../TrueNAS/nies_audio_recording/2024/ChirpArray/Akitsu/20240924_2000.wav,0.09675381,0.1412541,0.0037679113,0.012691125,0.027822644
../TrueNAS/nies_audio_recording/2024/ChirpArray/Akitsu/20240924_2010.wav,0.33567786,0.066176645,0.034623224,0.084595755,0.02297227
../TrueNAS/nies_audio_recording/2024/ChirpArray/Akitsu/20240924_2100.wav,0.07551578,0.10250509,0.008210257,0.070360795,0.02493836
../TrueNAS/nies_audio_recording/2024/ChirpArray/Akitsu/20240924_2110.wav,0.13559106,0.11359455,0.018569048,0.06711455,0.030042894
../TrueNAS/nies_audio_recording/2024/ChirpArray/Akitsu/20240924_2200.wav,0.062310465,0.053993136,0.014465775,0.02913943,0.020259745
../TrueNAS/nies_audio_recording/2024/ChirpArray/Akitsu/20240924_2210.wav,0.09087417,0.011725862,0.00811315,0.032019526,0.026059583
../TrueNAS/nies_audio_recording/2024/ChirpArray/Akitsu/20240924_2300.wav,0.06843992,0.014766941,-0.001232136,0.0042540357,0.024316765
../TrueNAS/nies_audio_recording/2024/ChirpArray/Akitsu/20240924_2310.wav,0.08180833,0.09370439,0.010733876,0.022880442,0.028289855
../TrueNAS/nies_audio_recording/2024/ChirpArray/Akitsu/20240925_0000.wav,0.28711167,0.051551074,0.015403207,0.04627683,0.028382987
../TrueNAS/nies_audio_recording/2024/ChirpArray/Akitsu/20240925_0100.wav,0.40888494,0.020014577,0.028056864,0.14271474,0.03138742
../TrueNAS/nies_audio_recording/2024/ChirpArray/Akitsu/20240925_0110.wav,0.044562545,0.11202098,-0.0002485551,0.0071443245,0.03283155
../TrueNAS/nies_audio_recording/2024/ChirpArray/Akitsu/20240925_0200.wav,0.04867709,0.043309867,0.0023268722,0.01970075,0.034017645
../TrueNAS/nies_audio_recording/2024/ChirpArray/Akitsu/20240925_0210.wav,0.063981816,0.057801623,0.0022829473,0.05491034,0.027900763
../TrueNAS/nies_audio_recording/2024/ChirpArray/Akitsu/20240925_0300.wav,0.27521995,0.08313808,0.010618333,0.051014595,0.034635976
../TrueNAS/nies_audio_recording/2024/ChirpArray/Akitsu/20240925_0310.wav,0.55230004,0.8323638,0.02040371,0.09126536,0.027478173
../TrueNAS/nies_audio_recording/2024/ChirpArray/Akitsu/20240925_0400.wav,0.11256857,0.699411,0.00420044,0.038961425,0.03418944
../TrueNAS/nies_audio_recording/2024/ChirpArray/Akitsu/20240925_0410.wav,0.087792285,0.37488312,-0.0006799996,0.017552719,0.029845238
../TrueNAS/nies_audio_recording/2024/ChirpArray/Akitsu/20240925_0500.wav,0.082708456,0.9570116,0.012776043,0.019610845,0.028131694
../TrueNAS/nies_audio_recording/2024/ChirpArray/Akitsu/20240925_0510.wav,0.04691697,0.85506064,-0.0034601875,0.017350584,0.025608987
../TrueNAS/nies_audio_recording/2024/ChirpArray/Akitsu/20240925_0600.wav,0.045609776,0.8700662,-0.0056670234,0.016825758,0.0348714
../TrueNAS/nies_audio_recording/2024/ChirpArray/Akitsu/20240925_0610.wav,0.034526203,0.9084783,0.0018043704,0.0053192377,0.030748717
../TrueNAS/nies_audio_recording/2024/ChirpArray/Akitsu/20240925_0700.wav,0.035307687,0.7588189,-0.0039149486,0.008092433,0.03247495
../TrueNAS/nies_audio_recording/2024/ChirpArray/Akitsu/20240925_0710.wav,0.03059148,0.28913498,-0.0055765137,0.016849637,0.014966175
../TrueNAS/nies_audio_recording/2024/ChirpArray/Akitsu/20240925_0802.wav,0.032973465,0.04304962,-0.006440401,0.007845879,0.026780844
../TrueNAS/nies_audio_recording/2024/ChirpArray/Akitsu/20240925_0810.wav,0.05044707,0.9208835,0.0035206638,0.0071410537,0.03049124
../TrueNAS/nies_audio_recording/2024/ChirpArray/Akitsu/20240925_0900.wav,0.04493534,0.002534151,-0.003266681,0.001522854,0.026422068
../TrueNAS/nies_audio_recording/2024/ChirpArray/Akitsu/20240925_0910.wav,0.034059845,0.006208051,-0.005976595,0.009721376,0.024046242
../TrueNAS/nies_audio_recording/2024/ChirpArray/Akitsu/20240925_1000.wav,0.03203869,0.020049764,0.005154565,0.024021551,0.41118723
../TrueNAS/nies_audio_recording/2024/ChirpArray/Akitsu/20240925_1010.wav,0.02730364,0.5657179,-0.0073119216,0.029651292,0.022174887
../TrueNAS/nies_audio_recording/2024/ChirpArray/Akitsu/20240925_1100.wav,0.7695734,0.7349072,0.49640378,0.8518905,0.8253908
../TrueNAS/nies_audio_recording/2024/ChirpArray/Akitsu/20240925_1110.wav,0.023325477,0.120564364,-0.0011857636,0.0063512176,0.018221773
../TrueNAS/nies_audio_recording/2024/ChirpArray/Akitsu/20240925_1200.wav,0.022665594,0.0040418804,-0.006064385,0.0047752857,0.015262745
../TrueNAS/nies_audio_recording/2024/ChirpArray/Akitsu/20240925_1210.wav,0.024487007,-0.00018362515,-0.006964609,0.0033048019,0.007675793
../TrueNAS/nies_audio_recording/2024/ChirpArray/Akitsu/20241223_1641.wav,0.03430955,0.008116987,-0.0014278926,0.0057295784,0.034140654
../TrueNAS/nies_audio_recording/2024/ChirpArray/Akitsu/20241223_1700.wav,0.030688167,0.0058545675,-0.0046150163,-0.0019556284,0.026921466
../TrueNAS/nies_audio_recording/2024/ChirpArray/Akitsu/20241223_1710.wav,0.022187226,0.002718307,-0.0069487244,0.006223753,0.017963544
../TrueNAS/nies_audio_recording/2024/ChirpArray/Akitsu/20241223_1715.wav,0.028604,0.0063976794,-0.009929318,0.0016388893,0.015825495
../TrueNAS/nies_audio_recording/2024/ChirpArray/Akitsu/20241223_1800.wav,0.022384789,0.001419872,-0.0020031482,0.0065140054,0.0072824657
../TrueNAS/nies_audio_recording/2024/ChirpArray/Akitsu/20241223_1805.wav,0.031023148,0.0005349368,-0.004797958,0.003147766,0.01286713
../TrueNAS/nies_audio_recording/2024/ChirpArray/Akitsu/20241223_1815.wav,0.024041984,0.0032310933,-0.0005203895,0.003936149,0.018350065
../TrueNAS/nies_audio_recording/2024/ChirpArray/Akitsu/20241223_1900.wav,0.020652562,0.003228154,-0.0069566406,0.0060957223,0.014412634
../TrueNAS/nies_audio_recording/2024/ChirpArray/Akitsu/20241223_1906.wav,0.028214049,0.00069240853,-0.0068748742,0.0048906803,0.012499653
../TrueNAS/nies_audio_recording/2024/ChirpArray/Akitsu/20241223_1915.wav,0.027118884,0.0041715577,-0.00451266,0.0045991987,0.013771921
../TrueNAS/nies_audio_recording/2024/ChirpArray/Akitsu/20241223_2000.wav,0.031063601,0.0056879427,-0.003947966,0.0028224662,0.011363838
../TrueNAS/nies_audio_recording/2024/ChirpArray/Akitsu/20241223_2005.wav,0.022938598,0.0048492663,-0.0054030344,0.0064655244,0.01414429
../TrueNAS/nies_audio_recording/2024/ChirpArray/Akitsu/20241223_2010.wav,0.024796195,0.00514888,-0.0032903738,0.0077823475,0.020903036
../TrueNAS/nies_audio_recording/2024/ChirpArray/Akitsu/20241223_2015.wav,0.032312237,0.0057402663,-0.0035222657,0.0022627264,0.014636174
../TrueNAS/nies_audio_recording/2024/ChirpArray/Akitsu/20241223_2100.wav,0.031533055,0.0038916394,-0.004107576,0.0034023821,0.013874613
../TrueNAS/nies_audio_recording/2024/ChirpArray/Akitsu/20241223_2108.wav,0.028454132,0.005424805,-0.005610522,0.0076096654,0.021247104
../TrueNAS/nies_audio_recording/2024/ChirpArray/Akitsu/20241223_2115.wav,0.02638597,0.0020439848,-0.007944446,0.006050132,0.015475489
../TrueNAS/nies_audio_recording/2024/ChirpArray/Akitsu/20241223_2200.wav,0.023296371,0.002601426,-0.0062498823,0.001205273,0.009143431
../TrueNAS/nies_audio_recording/2024/ChirpArray/Akitsu/20241223_2205.wav,0.02377601,0.0032984111,-0.004131425,0.0038023293,0.008676298
../TrueNAS/nies_audio_recording/2024/ChirpArray/Akitsu/20241223_2215.wav,0.023446202,0.00079072267,-0.008282948,0.012824759,0.020076111
../TrueNAS/nies_audio_recording/2024/ChirpArray/Akitsu/20241223_2300.wav,0.036437947,0.0034299977,-0.0077857934,0.0011703894,0.014880344
../TrueNAS/nies_audio_recording/2024/ChirpArray/Akitsu/20241223_2305.wav,0.02420324,0.0045651104,-0.0048285313,0.0059437826,0.017741054
../TrueNAS/nies_audio_recording/2024/ChirpArray/Akitsu/20241223_2310.wav,0.03282185,0.0021204706,-0.004964806,0.0012515187,0.01795739
../TrueNAS/nies_audio_recording/2024/ChirpArray/Akitsu/20241223_2315.wav,0.03018494,0.0030314438,-0.007062722,0.002826497,0.020785213
../TrueNAS/nies_audio_recording/2024/ChirpArray/Akitsu/20241224_0004.wav,0.022323422,0.0044509135,-0.008144256,-0.00086961687,0.014598332
../TrueNAS/nies_audio_recording/2024/ChirpArray/Akitsu/20241224_0100.wav,0.022503283,0.000500422,-0.0039459653,0.003865853,0.014227334
../TrueNAS/nies_audio_recording/2024/ChirpArray/Akitsu/20241224_0110.wav,0.026404396,0.003215734,-0.007060934,0.008821815,0.011737227
../TrueNAS/nies_audio_recording/2024/ChirpArray/Akitsu/20241224_0115.wav,0.023501217,0.0024454203,-0.0044249,0.006936863,0.013080314
../TrueNAS/nies_audio_recording/2024/ChirpArray/Akitsu/20241224_0200.wav,0.021679237,0.0068197735,-0.007645268,0.0115771,0.0118669085
../TrueNAS/nies_audio_recording/2024/ChirpArray/Akitsu/20241224_0205.wav,0.030274846,0.0072261,-0.0066776946,0.0038326234,0.01703161
../TrueNAS/nies_audio_recording/2024/ChirpArray/Akitsu/20241224_0215.wav,0.02766522,0.004135987,-0.006799843,0.0017571002,0.015395075
../TrueNAS/nies_audio_recording/2024/ChirpArray/Akitsu/20241224_0300.wav,0.017443344,0.0014831796,-0.008303907,0.0014704615,0.00793948
../TrueNAS/nies_audio_recording/2024/ChirpArray/Akitsu/20241224_0305.wav,0.0269285,0.0031215139,-0.007146992,0.0055123568,0.0116200335
../TrueNAS/nies_audio_recording/2024/ChirpArray/Akitsu/20241224_0310.wav,0.022263143,0.0019303709,-0.0023973212,0.0034623966,0.013138041
../TrueNAS/nies_audio_recording/2024/ChirpArray/Akitsu/20241224_0318.wav,0.021844503,-0.0008572005,-0.0053896643,0.0031174272,0.011576861
../TrueNAS/nies_audio_recording/2024/ChirpArray/Akitsu/20241224_0400.wav,0.024108868,0.00052402355,-0.0055185854,0.019606262,0.018006027
../TrueNAS/nies_audio_recording/2024/ChirpArray/Akitsu/20241224_0410.wav,0.025430221,0.0029252023,-0.0063790716,0.0054774433,0.013408098
../TrueNAS/nies_audio_recording/2024/ChirpArray/Akitsu/20241224_0415.wav,0.023244292,0.0022112224,-0.005051337,0.003324598,0.0060431883
../TrueNAS/nies_audio_recording/2024/ChirpArray/Akitsu/20241224_0500.wav,0.022764698,0.0042441804,-0.005427737,0.008549094,0.013866823
../TrueNAS/nies_audio_recording/2024/ChirpArray/Akitsu/20241224_0510.wav,0.01943437,0.0018122625,-0.0047312155,0.004959084,0.009039298
../TrueNAS/nies_audio_recording/2024/ChirpArray/Akitsu/20241224_0600.wav,0.025391396,-0.00032793544,-0.0071265735,0.012266591,0.010141611
../TrueNAS/nies_audio_recording/2024/ChirpArray/Akitsu/20241224_0610.wav,0.020153426,0.0021289736,-0.008376624,0.004375629,0.009048693
../TrueNAS/nies_audio_recording/2024/ChirpArray/Akitsu/20241224_0700.wav,0.03189274,0.013264136,-0.002854418,0.013278298,0.021907099
../TrueNAS/nies_audio_recording/2024/ChirpArray/Akitsu/20241224_0710.wav,0.037498124,0.03381319,0.0003668256,0.010680586,0.023268998
../TrueNAS/nies_audio_recording/2024/ChirpArray/Akitsu/20241224_0800.wav,0.03347018,0.11143169,-0.003996752,0.00954482,0.019644573
../TrueNAS/nies_audio_recording/2024/ChirpArray/Akitsu/20241224_0810.wav,0.03404947,0.0043192655,-0.0048333965,0.011376843,0.027537733
../TrueNAS/nies_audio_recording/2024/ChirpArray/Akitsu/20241224_0900.wav,0.040180918,0.5794282,-0.0057068244,0.009081975,0.01764889
../TrueNAS/nies_audio_recording/2024/ChirpArray/Akitsu/20241224_0910.wav,0.025350515,0.003558306,-0.0009858198,0.016539358,0.014762506
../TrueNAS/nies_audio_recording/2024/ChirpArray/Akitsu/20241224_1000.wav,0.03587436,0.015442749,0.0024919473,0.012798116,0.021336697
../TrueNAS/nies_audio_recording/2024/ChirpArray/Akitsu/20241224_1010.wav,0.04714807,0.9845582,0.01807518,0.012095019,0.025358558
../TrueNAS/nies_audio_recording/2024/ChirpArray/Akitsu/20241224_1100.wav,0.032713965,0.014907102,0.008242052,0.021477193,0.034158513
../TrueNAS/nies_audio_recording/2024/ChirpArray/Akitsu/20241224_1110.wav,0.03195048,0.031342745,0.0034908094,0.02756077,0.03222111
../TrueNAS/nies_audio_recording/2024/ChirpArray/Akitsu/20241224_1200.wav,0.032712065,0.6513757,0.0052908696,0.02381035,0.035878927
../TrueNAS/nies_audio_recording/2024/ChirpArray/Akitsu/20241224_1210.wav,0.02541244,0.13992688,0.0017231442,0.009063087,0.022738129
../TrueNAS/nies_audio_recording/2024/ChirpArray/Akitsu/20241224_1300.wav,0.035902854,0.013751992,0.0012650304,0.01544553,0.026219457
../TrueNAS/nies_audio_recording/2024/ChirpArray/Akitsu/20241224_1310.wav,0.04463189,0.65926415,0.0018049739,0.009820119,0.031529404
../TrueNAS/nies_audio_recording/2024/ChirpArray/Akitsu/20241224_1400.wav,0.032314688,0.35351884,0.009705801,0.02370397,0.05046103
../TrueNAS/nies_audio_recording/2024/ChirpArray/Akitsu/20241224_1410.wav,0.028281152,0.03219319,-0.0016464815,0.010564551,0.03167768
../TrueNAS/nies_audio_recording/2024/ChirpArray/Akitsu/20241224_1500.wav,0.04570242,0.9356919,0.008353781,0.0035203844,0.03051588
../TrueNAS/nies_audio_recording/2024/ChirpArray/Akitsu/20241224_1513.wav,0.03266429,0.12761682,0.00012206659,0.004842058,0.025880411
../TrueNAS/nies_audio_recording/2024/ChirpArray/Akitsu/20241224_1600.wav,0.039356124,0.90954876,0.0047899,0.0052081496,0.025645882
../TrueNAS/nies_audio_recording/2024/ChirpArray/Akitsu/20241224_1610.wav,0.033454783,0.9425093,0.0013753809,0.012692988,0.019655302
../TrueNAS/nies_audio_recording/2024/ChirpArray/Akitsu/20241224_1700.wav,0.028366752,0.035876185,-0.0010932498,0.0052751303,0.025839552
../TrueNAS/nies_audio_recording/2024/ChirpArray/Akitsu/20241224_1710.wav,0.019032627,0.0028714389,-0.001501482,0.005387187,0.010724369
../TrueNAS/nies_audio_recording/2024/ChirpArray/Akitsu/20241224_1800.wav,0.024315406,-0.00021660142,-0.006538324,0.007329792,0.0130716
../TrueNAS/nies_audio_recording/2024/ChirpArray/Akitsu/20241224_1810.wav,0.023110889,0.0024676956,-0.0060978383,0.007934347,0.025259964
../TrueNAS/nies_audio_recording/2024/ChirpArray/Akitsu/20241224_1900.wav,0.01749833,0.00049768016,-0.0043964274,0.0076629072,0.014529191
../TrueNAS/nies_audio_recording/2024/ChirpArray/Akitsu/20241224_1910.wav,0.028798565,0.0056241862,-0.0039899684,0.005594477,0.01132641
../TrueNAS/nies_audio_recording/2024/ChirpArray/Akitsu/20241224_2000.wav,0.020154588,0.00078834593,-0.0039475225,0.008475818,0.009368598
../TrueNAS/nies_audio_recording/2024/ChirpArray/Akitsu/20241224_2010.wav,0.027517863,-0.00066075474,-0.0071363673,0.009440139,0.016760066
../TrueNAS/nies_audio_recording/2024/ChirpArray/Akitsu/20241224_2100.wav,0.014636971,-6.250292e-05,-0.0071578436,0.010367766,0.014219277
../TrueNAS/nies_audio_recording/2024/ChirpArray/Akitsu/20241224_2111.wav,0.010781921,0.0031600818,-0.0062257126,0.0144049,0.0045340434
../TrueNAS/nies_audio_recording/2024/ChirpArray/Akitsu/20241224_2200.wav,0.014240585,-0.00025273487,-0.0072977506,0.00839521,0.01225853
../TrueNAS/nies_audio_recording/2024/ChirpArray/Akitsu/20241224_2210.wav,0.010746442,0.0046141595,-0.008717667,0.012293644,0.006860219
../TrueNAS/nies_audio_recording/2024/ChirpArray/Akitsu/20241224_2300.wav,0.016206138,2.297759e-05,-0.009268176,0.009634994,0.014666386
../TrueNAS/nies_audio_recording/2024/ChirpArray/Akitsu/20241224_2310.wav,0.009160958,0.0014185216,-0.008226402,0.0070121437,0.0058743507
../TrueNAS/nies_audio_recording/2024/ChirpArray/Akitsu/20241225_0000.wav,0.010980368,0.0029104203,-0.00891874,0.0095166415,0.0076990686
../TrueNAS/nies_audio_recording/2024/ChirpArray/Akitsu/20241225_0100.wav,0.021531284,0.0018924922,-0.009630945,0.0095118135,0.011542708
../TrueNAS/nies_audio_recording/2024/ChirpArray/Akitsu/20241225_0110.wav,0.015666552,0.0031735338,-0.007887796,0.00714653,0.007898249
../TrueNAS/nies_audio_recording/2024/ChirpArray/Akitsu/20241225_0200.wav,0.010137521,0.0025405176,-0.007033579,0.016632773,0.006084271
../TrueNAS/nies_audio_recording/2024/ChirpArray/Akitsu/20241225_0210.wav,0.017181195,8.1308186e-05,0.0030882135,0.015530586,0.014218338
../TrueNAS/nies_audio_recording/2024/ChirpArray/Akitsu/20241225_0300.wav,0.01835385,-0.0017941296,-0.006246209,0.021247141,0.0132143125
../TrueNAS/nies_audio_recording/2024/ChirpArray/Akitsu/20241225_0310.wav,0.018288262,0.0003462322,-0.0020262338,0.017215349,0.017082177
../TrueNAS/nies_audio_recording/2024/ChirpArray/Akitsu/20241225_0400.wav,0.018625028,0.0014511403,-0.0066513903,0.017496422,0.018579513
../TrueNAS/nies_audio_recording/2024/ChirpArray/Akitsu/20241225_0410.wav,0.024421588,-0.00063620135,-0.005508732,0.013030119,0.022131711
../TrueNAS/nies_audio_recording/2024/ChirpArray/Akitsu/20241225_0500.wav,0.021833766,-0.0005890429,-0.0038859658,0.018597513,0.017488487
../TrueNAS/nies_audio_recording/2024/ChirpArray/Akitsu/20241225_0505.wav,0.02188659,0.0005932264,0.00046652555,0.013743147,0.020530507
../TrueNAS/nies_audio_recording/2024/ChirpArray/Akitsu/20241225_0515.wav,0.013766006,8.0130994e-05,-0.0028756224,0.023071468,0.011255924
../TrueNAS/nies_audio_recording/2024/ChirpArray/Akitsu/20241225_0600.wav,0.01398661,0.0008595679,-0.0024069771,0.016282067,0.012652848
../TrueNAS/nies_audio_recording/2024/ChirpArray/Akitsu/20241225_0610.wav,0.011831418,0.00076103583,-0.00412729,0.015541501,0.008811884
../TrueNAS/nies_audio_recording/2024/ChirpArray/Akitsu/20241225_0700.wav,0.037963193,0.0025555156,-0.001473844,0.013485283,0.030870907
../TrueNAS/nies_audio_recording/2024/ChirpArray/Akitsu/20241225_0710.wav,0.018060945,0.020556793,-0.0045867264,0.015748575,0.024272278
../TrueNAS/nies_audio_recording/2024/ChirpArray/Akitsu/20241225_0800.wav,0.03644047,0.06589466,-0.0026419312,0.010425344,0.030338801
../TrueNAS/nies_audio_recording/2024/ChirpArray/Akitsu/20241225_0810.wav,0.020454027,0.085711904,-0.0046811514,0.011231914,0.014825791
../TrueNAS/nies_audio_recording/2024/ChirpArray/Akitsu/20241225_0900.wav,0.039011985,0.035316546,-0.00024485216,0.018011048,0.019794762
../TrueNAS/nies_audio_recording/2024/ChirpArray/Akitsu/20241225_0910.wav,0.055636793,0.9415967,0.013564702,0.015512049,0.02474051
../TrueNAS/nies_audio_recording/2024/ChirpArray/Akitsu/20241225_1000.wav,0.03434915,0.00723044,0.0021966882,0.007781729,0.015027821
../TrueNAS/nies_audio_recording/2024/ChirpArray/Akitsu/20241225_1010.wav,0.032427013,0.009697566,-0.0029418506,0.005413726,0.024388604
../TrueNAS/nies_audio_recording/2024/ChirpArray/Akitsu/20241225_1100.wav,0.03112033,0.009381896,0.003076177,0.0130820945,0.029793449
../TrueNAS/nies_audio_recording/2024/ChirpArray/Akitsu/20241225_1110.wav,0.03817524,0.12951969,0.0065080635,0.009989247,0.04923427
../TrueNAS/nies_audio_recording/2024/ChirpArray/Akitsu/20241225_1200.wav,0.023888428,0.012061916,0.003498774,0.022419304,0.022524774
../TrueNAS/nies_audio_recording/2024/ChirpArray/Akitsu/20241225_1210.wav,0.040266324,0.33783144,0.0070698746,0.011940151,0.027797163
../TrueNAS/nies_audio_recording/2024/ChirpArray/Akitsu/20241225_1300.wav,0.046467256,0.019835569,0.0044673085,0.009241916,0.03427212
../TrueNAS/nies_audio_recording/2024/ChirpArray/Akitsu/20241225_1310.wav,0.03368748,0.012957169,0.0020726435,0.0062791556,0.038553715
../TrueNAS/nies_audio_recording/2024/ChirpArray/Akitsu/20241225_1400.wav,0.05607965,0.98990995,0.025997844,0.034323245,0.035144627
../TrueNAS/nies_audio_recording/2024/ChirpArray/Akitsu/20241225_1410.wav,0.040100485,0.0074144956,-0.0046193562,0.0041385368,0.03043136
../TrueNAS/nies_audio_recording/2024/ChirpArray/Akitsu/20241225_1503.wav,0.041098647,0.85220635,0.009199355,0.007892616,0.031824127
../TrueNAS/nies_audio_recording/2024/ChirpArray/Akitsu/20241225_1510.wav,0.035086688,0.014224937,0.0009727627,0.005699545,0.020743698
../TrueNAS/nies_audio_recording/2024/ChirpArray/Akitsu/20241225_1600.wav,0.033280753,0.19530159,-0.005324349,0.012637511,0.02913022
../TrueNAS/nies_audio_recording/2024/ChirpArray/Akitsu/20241225_1610.wav,0.02394671,0.08059248,-0.0006413199,0.012552559,0.010904528
../TrueNAS/nies_audio_recording/2024/ChirpArray/Akitsu/20241225_1700.wav,0.028901886,0.005311098,-0.0038211457,0.005256191,0.013360269
../TrueNAS/nies_audio_recording/2024/ChirpArray/Akitsu/20241225_1710.wav,0.024542376,0.0018882994,-0.0049842857,0.0026891604,0.016475603
../TrueNAS/nies_audio_recording/2024/ChirpArray/Akitsu/20241225_1800.wav,0.028199457,0.004452016,-0.0054127127,0.0021216646,0.017777726
../TrueNAS/nies_audio_recording/2024/ChirpArray/Akitsu/20241225_1810.wav,0.019999094,0.0012453943,-0.0055148415,0.0069870353,0.0101897605
../TrueNAS/nies_audio_recording/2024/ChirpArray/Akitsu/20241225_1900.wav,0.017043717,0.0005768575,-0.00585163,0.014043048,0.0086653605
../TrueNAS/nies_audio_recording/2024/ChirpArray/Akitsu/20241225_1910.wav,0.02713621,0.0067343153,-0.0018801652,0.0043013096,0.014601544
../TrueNAS/nies_audio_recording/2024/ChirpArray/Akitsu/20241225_2000.wav,0.018263139,0.0029601306,-0.0048514195,0.008901149,0.008973263
../TrueNAS/nies_audio_recording/2024/ChirpArray/Akitsu/20241225_2010.wav,0.022914533,0.003999386,-0.004852779,0.008311458,0.008981571
../TrueNAS/nies_audio_recording/2024/ChirpArray/Akitsu/20241225_2100.wav,0.019995786,0.0042227786,-0.003243722,0.0056142136,0.011642288
../TrueNAS/nies_audio_recording/2024/ChirpArray/Akitsu/20241225_2110.wav,0.022122748,0.0025502741,-0.0035907552,0.006713763,0.009495236
../TrueNAS/nies_audio_recording/2024/ChirpArray/Akitsu/20241225_2200.wav,0.016796343,0.0028712805,-0.008586992,0.016312309,0.010045439
../TrueNAS/nies_audio_recording/2024/ChirpArray/Akitsu/20241225_2214.wav,0.013821296,0.0026289877,-0.0054150783,0.008312613,0.00454941
../TrueNAS/nies_audio_recording/2024/ChirpArray/Akitsu/20241225_2300.wav,0.012365632,0.0043860357,-0.0028690733,0.010140844,0.0058352463
../TrueNAS/nies_audio_recording/2024/ChirpArray/Akitsu/20241225_2310.wav,0.028760917,-0.0013703965,-0.005760487,0.015286714,0.018471092
../TrueNAS/nies_audio_recording/2024/ChirpArray/Akitsu/20241226_0000.wav,0.017505936,-0.0021449905,-0.0019312017,0.020056702,0.015991442
../TrueNAS/nies_audio_recording/2024/ChirpArray/Akitsu/20241226_0100.wav,0.011086129,-0.00018245727,-0.0075939484,0.005805731,0.007352356
../TrueNAS/nies_audio_recording/2024/ChirpArray/Akitsu/20241226_0110.wav,0.0130492225,0.00042034313,-0.008853748,0.010832503,0.011394732
../TrueNAS/nies_audio_recording/2024/ChirpArray/Akitsu/20241226_0200.wav,0.015630223,0.09574992,-0.0089347735,0.012217499,0.0135948695
../TrueNAS/nies_audio_recording/2024/ChirpArray/Akitsu/20241226_0210.wav,0.012019329,-8.1948936e-05,-0.005316496,0.009656593,0.008854054
../TrueNAS/nies_audio_recording/2024/ChirpArray/Akitsu/20241226_0300.wav,0.016991526,-0.002417842,-0.008120663,0.007392943,0.013138048
../TrueNAS/nies_audio_recording/2024/ChirpArray/Akitsu/20241226_0313.wav,0.011617877,-0.00013004616,-0.006613277,0.0071238726,0.0104769915
../TrueNAS/nies_audio_recording/2024/ChirpArray/Akitsu/20241226_0400.wav,0.01613485,-0.0017048456,-0.008037012,0.01065819,0.013722859
../TrueNAS/nies_audio_recording/2024/ChirpArray/Akitsu/20241226_0410.wav,0.014391355,-0.0026515406,-0.008316133,0.008663371,0.013342071
../TrueNAS/nies_audio_recording/2024/ChirpArray/Akitsu/20241226_0500.wav,0.017977744,2.9888004e-05,-0.008428771,0.00827954,0.013804585
../TrueNAS/nies_audio_recording/2024/ChirpArray/Akitsu/20241226_0510.wav,0.01375515,-0.00045966916,-0.0063725524,0.01867158,0.013214558
../TrueNAS/nies_audio_recording/2024/ChirpArray/Akitsu/20241226_0600.wav,0.015908122,0.00226745,-0.006734688,0.009337813,0.01849278
../TrueNAS/nies_audio_recording/2024/ChirpArray/Akitsu/20241226_0614.wav,0.021881908,0.0017177388,-0.007182587,0.015688166,0.021223605
../TrueNAS/nies_audio_recording/2024/ChirpArray/Akitsu/20241226_0700.wav,0.031214911,0.8532349,-0.0021190085,0.008861706,0.014721781
../TrueNAS/nies_audio_recording/2024/ChirpArray/Akitsu/20241226_0710.wav,0.031211197,0.002351787,-0.0066854954,0.007750772,0.02535493
../TrueNAS/nies_audio_recording/2024/ChirpArray/Akitsu/20241226_0800.wav,0.03239733,0.19109996,-0.0019250624,0.005723417,0.02528818
../TrueNAS/nies_audio_recording/2024/ChirpArray/Akitsu/20241226_0810.wav,0.03789035,0.0032254942,-0.0016010627,0.006577082,0.02850385
../TrueNAS/nies_audio_recording/2024/ChirpArray/Akitsu/20241226_0900.wav,0.03856677,0.021272479,-0.0036814697,0.0116199255,0.022966564
../TrueNAS/nies_audio_recording/2024/ChirpArray/Akitsu/20241226_0910.wav,0.035692867,0.0077307113,-0.0022073835,0.008250147,0.02510836
../TrueNAS/nies_audio_recording/2024/ChirpArray/Akitsu/20241226_1000.wav,0.059867304,0.93174726,0.018565957,0.029208384,0.022757873
../TrueNAS/nies_audio_recording/2024/ChirpArray/Akitsu/20241226_1010.wav,0.030999135,0.004616523,0.009353235,0.008571722,0.030629322
../TrueNAS/nies_audio_recording/2024/ChirpArray/Akitsu/20241226_1100.wav,0.061107926,0.9561613,0.010577939,0.02410157,0.059684232
../TrueNAS/nies_audio_recording/2024/ChirpArray/Akitsu/20241226_1110.wav,0.03551344,0.16273454,0.010161366,0.021601602,0.047648378
../TrueNAS/nies_audio_recording/2024/ChirpArray/Akitsu/20241226_1200.wav,0.039817266,0.022769483,0.00031887367,0.0093729645,0.014795639
../TrueNAS/nies_audio_recording/2024/ChirpArray/Akitsu/20241226_1210.wav,0.038412273,0.026099322,0.008148108,0.015970707,0.030188203
../TrueNAS/nies_audio_recording/2024/ChirpArray/Akitsu/20241226_1304.wav,0.046591282,0.011475692,2.7809292e-05,0.009123683,0.034244858
../TrueNAS/nies_audio_recording/2024/ChirpArray/Akitsu/20241226_1310.wav,0.0381371,0.21759604,0.0049150623,0.01509621,0.028843127
../TrueNAS/nies_audio_recording/2024/ChirpArray/Akitsu/20241226_1400.wav,0.074672885,0.9868293,0.020510193,0.057201043,0.4347854
../TrueNAS/nies_audio_recording/2024/ChirpArray/Akitsu/20241226_1410.wav,0.03724783,0.04411213,0.0044933595,0.015621662,0.028178334
../TrueNAS/nies_audio_recording/2024/ChirpArray/Akitsu/20241226_1500.wav,0.035689466,0.020375583,0.0067701004,0.0048486143,0.03297925
../TrueNAS/nies_audio_recording/2024/ChirpArray/Akitsu/20241226_1510.wav,0.04633896,0.95297724,0.010130305,0.011774763,0.036103845
../TrueNAS/nies_audio_recording/2024/ChirpArray/Akitsu/20241226_1600.wav,0.03267006,0.009997463,-0.0013708919,0.0015273392,0.031074315
../TrueNAS/nies_audio_recording/2024/ChirpArray/Akitsu/20241226_1610.wav,0.031327393,0.64085716,-0.004394058,0.0093324855,0.01759322
../TrueNAS/nies_audio_recording/2024/ChirpArray/Akitsu/20241226_1700.wav,0.02798431,0.008213859,0.002775889,0.009805217,0.02645377
../TrueNAS/nies_audio_recording/2024/ChirpArray/Akitsu/20241226_1710.wav,0.02232568,0.0059619993,-0.0030964576,0.009362407,0.015640512
../TrueNAS/nies_audio_recording/2024/ChirpArray/Akitsu/20241226_1800.wav,0.020632181,0.0016218349,-0.005106669,0.007195294,0.007302597
../TrueNAS/nies_audio_recording/2024/ChirpArray/Akitsu/20241226_1810.wav,0.033098236,0.005519837,-0.004865337,0.011669181,0.01922147
../TrueNAS/nies_audio_recording/2024/ChirpArray/Akitsu/20241226_1900.wav,0.01832714,0.0046525635,-0.0049077086,0.003135644,0.011070177
../TrueNAS/nies_audio_recording/2024/ChirpArray/Akitsu/20241226_1910.wav,0.029398091,0.004622478,-0.0056432337,0.007335782,0.010186199
../TrueNAS/nies_audio_recording/2024/ChirpArray/Akitsu/20241226_2000.wav,0.02650392,0.004779501,-0.008208208,0.007920817,0.016305476
../TrueNAS/nies_audio_recording/2024/ChirpArray/Akitsu/20241226_2010.wav,0.01634387,0.00049594976,-0.0062181316,0.0077611506,0.0138508715
../TrueNAS/nies_audio_recording/2024/ChirpArray/Akitsu/20241226_2100.wav,0.018308833,0.005483754,-0.009722229,0.004479021,0.016640961
../TrueNAS/nies_audio_recording/2024/ChirpArray/Akitsu/20241226_2110.wav,0.012639791,-0.0002843775,-0.011192929,0.006587118,0.008761615
../TrueNAS/nies_audio_recording/2024/ChirpArray/Akitsu/20241226_2200.wav,0.026167635,0.0013471302,0.008414768,0.0071659237,0.029633522
../TrueNAS/nies_audio_recording/2024/ChirpArray/Akitsu/20241226_2210.wav,0.0131989345,0.0018071476,-0.009589933,0.010231286,0.007962659
../TrueNAS/nies_audio_recording/2024/ChirpArray/Akitsu/20241226_2300.wav,0.013655268,0.0021807775,-0.007416431,0.00805454,0.008540206
../TrueNAS/nies_audio_recording/2024/ChirpArray/Akitsu/20241226_2310.wav,0.010582805,-0.00017981976,-0.009565029,0.010310575,0.0059882402
../TrueNAS/nies_audio_recording/2024/ChirpArray/Akitsu/20241227_0000.wav,0.011862166,3.2298267e-05,-0.0095899515,0.011720344,0.0069298595
../TrueNAS/nies_audio_recording/2024/ChirpArray/Akitsu/20241227_0100.wav,0.011875935,-0.0008550063,-0.0112676695,0.013156302,0.006890893
../TrueNAS/nies_audio_recording/2024/ChirpArray/Akitsu/20241227_0110.wav,0.011154391,0.0005888827,-0.009721264,0.01103434,0.009525575
../TrueNAS/nies_audio_recording/2024/ChirpArray/Akitsu/20241227_0200.wav,0.014723845,0.0028693005,-0.009278759,0.00972379,0.010325529
../TrueNAS/nies_audio_recording/2024/ChirpArray/Akitsu/20241227_0210.wav,0.018508904,0.0002149418,-0.008436993,0.0074160844,0.013125792
../TrueNAS/nies_audio_recording/2024/ChirpArray/Akitsu/20241227_0300.wav,0.016359717,-0.0013649762,-0.009272497,0.009171352,0.015199676
../TrueNAS/nies_audio_recording/2024/ChirpArray/Akitsu/20241227_0314.wav,0.017884277,-0.0011268407,-0.010261819,0.009269923,0.010082677
../TrueNAS/nies_audio_recording/2024/ChirpArray/Akitsu/20241227_0400.wav,0.020777836,-0.0010111816,-0.008290086,0.0112672895,0.014271058
../TrueNAS/nies_audio_recording/2024/ChirpArray/Akitsu/20241227_0410.wav,0.014182992,-0.0020094346,-0.0063344277,0.010475695,0.011207357
../TrueNAS/nies_audio_recording/2024/ChirpArray/Akitsu/20241227_0504.wav,0.014993779,0.0021242797,-0.0057232194,0.015061572,0.012016259
../TrueNAS/nies_audio_recording/2024/ChirpArray/Akitsu/20241227_0510.wav,0.01608625,0.00082534924,-0.0038772859,0.015204914,0.01614783
../TrueNAS/nies_audio_recording/2024/ChirpArray/Akitsu/20241227_0600.wav,0.01453194,0.00075753964,-0.0051582754,0.01034227,0.0072634667
../TrueNAS/nies_audio_recording/2024/ChirpArray/Akitsu/20241227_0610.wav,0.013539314,0.0021356735,-0.0039012432,0.013496429,0.007342294
../TrueNAS/nies_audio_recording/2024/ChirpArray/Akitsu/20241227_0700.wav,0.041085042,0.95181984,0.009102363,0.027004413,0.027374744
../TrueNAS/nies_audio_recording/2024/ChirpArray/Akitsu/20241227_0710.wav,0.017825387,0.0062880907,-0.0041882657,0.010937251,0.006790146
../TrueNAS/nies_audio_recording/2024/ChirpArray/Akitsu/20241227_0800.wav,0.035163976,0.5599888,-0.005782079,0.011729963,0.020897716
../TrueNAS/nies_audio_recording/2024/ChirpArray/Akitsu/20241227_0810.wav,0.04760307,0.9387114,0.019404013,0.022645786,0.033041425
../TrueNAS/nies_audio_recording/2024/ChirpArray/Akitsu/20241227_0900.wav,0.026117291,0.0916025,-0.006172452,0.016529769,0.019831583
../TrueNAS/nies_audio_recording/2024/ChirpArray/Akitsu/20241227_0910.wav,0.04332839,0.05467122,0.0015130863,0.020428501,0.02177044
../TrueNAS/nies_audio_recording/2024/ChirpArray/Akitsu/20241227_1000.wav,0.029236462,0.009797705,0.0024340786,0.013258092,0.03856144
../TrueNAS/nies_audio_recording/2024/ChirpArray/Akitsu/20241227_1010.wav,0.02942852,0.004896054,1.42119825e-05,0.010940269,0.037482373
../TrueNAS/nies_audio_recording/2024/ChirpArray/Akitsu/20241227_1100.wav,0.028737657,0.018543601,0.0025685765,0.007426478,0.015500322
../TrueNAS/nies_audio_recording/2024/ChirpArray/Akitsu/20241227_1114.wav,0.040123034,0.012398342,0.0046166107,0.008930191,0.0257252
../TrueNAS/nies_audio_recording/2024/ChirpArray/Akitsu/20241227_1200.wav,0.05325415,0.912795,0.0023924075,0.0064846426,0.021112278
../TrueNAS/nies_audio_recording/2024/ChirpArray/Akitsu/20241227_1210.wav,0.020900946,0.0043905973,0.00066656247,0.015117697,0.027929887
../TrueNAS/nies_audio_recording/2024/ChirpArray/Akitsu/20241227_1300.wav,0.055409875,1.0073079,0.014210369,0.012910046,0.025172576
../TrueNAS/nies_audio_recording/2024/ChirpArray/Akitsu/20241227_1310.wav,0.034921,0.008074403,0.001447726,0.013854265,0.042243585
../TrueNAS/nies_audio_recording/2024/ChirpArray/Akitsu/20241227_1400.wav,0.035587385,0.008053431,0.005404871,0.016058676,0.045382977
../TrueNAS/nies_audio_recording/2024/ChirpArray/Akitsu/20241227_1410.wav,0.033050053,0.0096881185,0.00223035,0.007815421,0.027361274
../TrueNAS/nies_audio_recording/2024/ChirpArray/Akitsu/20241227_1500.wav,0.07822952,0.9088151,0.008484889,0.01979404,0.03204882
../TrueNAS/nies_audio_recording/2024/ChirpArray/Akitsu/20241227_1510.wav,0.04066793,0.68369514,0.009769563,0.005753882,0.026345655
../TrueNAS/nies_audio_recording/2024/ChirpArray/Akitsu/20241227_1600.wav,0.028958041,0.022429718,0.0016376302,0.0062211454,0.03016293
../TrueNAS/nies_audio_recording/2024/ChirpArray/Akitsu/20241227_1610.wav,0.027719013,0.011377186,0.0041676313,0.0036298037,0.020134091
../TrueNAS/nies_audio_recording/2024/ChirpArray/Akitsu/20241227_1700.wav,0.03167513,0.006423872,-0.0012653284,0.002692163,0.021569341
../TrueNAS/nies_audio_recording/2024/ChirpArray/Akitsu/20241227_1710.wav,0.035304975,0.0029736087,-0.004101198,0.0093745515,0.024264008
../TrueNAS/nies_audio_recording/2024/ChirpArray/Akitsu/20241227_1800.wav,0.026778996,0.002673693,-0.0036759079,0.0032136738,0.02483593
../TrueNAS/nies_audio_recording/2024/ChirpArray/Akitsu/20241227_1810.wav,0.035754874,0.0023103282,-0.0038580522,0.0038910806,0.01919806
../TrueNAS/nies_audio_recording/2024/ChirpArray/Akitsu/20241227_1900.wav,0.03106378,0.0024161525,-0.0027540885,-0.0006200969,0.018694557
../TrueNAS/nies_audio_recording/2024/ChirpArray/Akitsu/20241227_1910.wav,0.035356462,0.0068337377,-0.0016458593,0.0061520413,0.017769367
../TrueNAS/nies_audio_recording/2024/ChirpArray/Akitsu/20241227_2000.wav,0.026761446,0.0043433607,-0.002838377,-0.00021775067,0.015241936
../TrueNAS/nies_audio_recording/2024/ChirpArray/Akitsu/20241227_2010.wav,0.026925638,0.0017067697,-0.0023986958,0.0042431876,0.016586408
../TrueNAS/nies_audio_recording/2024/ChirpArray/Akitsu/20241227_2100.wav,0.031274013,0.0036351793,-0.006395895,0.0037198886,0.022743322
../TrueNAS/nies_audio_recording/2024/ChirpArray/Akitsu/20241227_2110.wav,0.02993285,0.0030900463,-0.008491091,0.00863456,0.017259523
../TrueNAS/nies_audio_recording/2024/ChirpArray/Akitsu/20241227_2200.wav,0.017309912,-0.0011281352,-0.010740217,0.00898543,0.010941036
../TrueNAS/nies_audio_recording/2024/ChirpArray/Akitsu/20241227_2210.wav,0.014983989,-8.733757e-05,-0.00889688,0.010162599,0.0062131137
../TrueNAS/nies_audio_recording/2024/ChirpArray/Akitsu/20241227_2300.wav,0.016571425,0.0011946596,-0.0061753616,0.004626125,0.009318382
../TrueNAS/nies_audio_recording/2024/ChirpArray/Akitsu/20241227_2310.wav,0.018185616,0.0005360991,-0.010951713,0.0063078105,0.01841335
../TrueNAS/nies_audio_recording/2024/ChirpArray/Akitsu/20241228_0000.wav,0.0093149245,0.0013675466,-0.004701957,0.013209142,0.006185733
../TrueNAS/nies_audio_recording/2024/ChirpArray/Akitsu/20241228_0100.wav,0.015695535,0.00033734925,-0.011007968,0.00870119,0.011960797
../TrueNAS/nies_audio_recording/2024/ChirpArray/Akitsu/20241228_0110.wav,0.014157653,0.021462189,-0.0105028,0.009133652,0.011328533
../TrueNAS/nies_audio_recording/2024/ChirpArray/Akitsu/20241228_0200.wav,0.014880903,0.0018164422,-0.008961976,0.010978334,0.012381904
../TrueNAS/nies_audio_recording/2024/ChirpArray/Akitsu/20241228_0211.wav,0.01777473,-0.00062960014,-0.0068437867,0.008838594,0.011436611
../TrueNAS/nies_audio_recording/2024/ChirpArray/Akitsu/20241228_0300.wav,0.012939513,-0.0013897102,-0.0071145855,0.010154523,0.0075842366
../TrueNAS/nies_audio_recording/2024/ChirpArray/Akitsu/20241228_0310.wav,0.01564736,-0.00018187426,-0.009436663,0.011885606,0.008843012
../TrueNAS/nies_audio_recording/2024/ChirpArray/Akitsu/20241228_0400.wav,0.016217873,0.00030485354,-0.008044731,0.009726271,0.0082554
../TrueNAS/nies_audio_recording/2024/ChirpArray/Akitsu/20241228_0410.wav,0.011220336,0.00018779561,-0.0052781217,0.013976291,0.0124375075
../TrueNAS/nies_audio_recording/2024/ChirpArray/Akitsu/20241228_0500.wav,0.030531105,0.0007175319,-0.009576745,0.014072508,0.026486032
../TrueNAS/nies_audio_recording/2024/ChirpArray/Akitsu/20241228_0510.wav,0.015826501,0.0013381019,-0.008673463,0.01046215,0.009792816
../TrueNAS/nies_audio_recording/2024/ChirpArray/Akitsu/20241228_0600.wav,0.017791048,0.0013943743,-0.0043220967,0.015938736,0.015277296
../TrueNAS/nies_audio_recording/2024/ChirpArray/Akitsu/20241228_0610.wav,0.012263782,0.0031289086,-0.0025967397,0.017659992,0.012289844
../TrueNAS/nies_audio_recording/2024/ChirpArray/Akitsu/20241228_0700.wav,0.027491387,0.019171039,-0.0066289864,0.012340732,0.024111912
../TrueNAS/nies_audio_recording/2024/ChirpArray/Akitsu/20241228_0710.wav,0.024298735,0.044684403,-0.0034527816,0.008126169,0.015138775
../TrueNAS/nies_audio_recording/2024/ChirpArray/Akitsu/20241228_0800.wav,0.05606004,0.82162565,-0.0048942603,0.03262949,0.029004768
../TrueNAS/nies_audio_recording/2024/ChirpArray/Akitsu/20241228_0810.wav,0.035639845,0.86264896,-0.0036586225,0.011795394,0.029740222
../TrueNAS/nies_audio_recording/2024/ChirpArray/Akitsu/20241228_0900.wav,0.041564737,0.7253658,-0.001585111,0.012332857,0.027789325
../TrueNAS/nies_audio_recording/2024/ChirpArray/Akitsu/20241228_0910.wav,0.03322447,0.6577896,-0.006826218,0.008598395,0.03170485
../TrueNAS/nies_audio_recording/2024/ChirpArray/Akitsu/20241228_1000.wav,0.031937882,0.038253795,0.013127174,0.0100286305,0.028075963
../TrueNAS/nies_audio_recording/2024/ChirpArray/Akitsu/20241228_1010.wav,0.042911224,0.009203646,0.0068383366,0.0098628625,0.035985574
../TrueNAS/nies_audio_recording/2024/ChirpArray/Akitsu/20241228_1100.wav,0.04650724,0.4361344,0.005505208,0.017396197,0.022239238
../TrueNAS/nies_audio_recording/2024/ChirpArray/Akitsu/20241228_1110.wav,0.0590799,0.96955425,0.01632199,0.023076028,0.030498445
../TrueNAS/nies_audio_recording/2024/ChirpArray/Akitsu/20241228_1200.wav,0.03977725,0.30935758,0.00026513636,0.016061954,0.039897814
../TrueNAS/nies_audio_recording/2024/ChirpArray/Akitsu/20241228_1210.wav,0.037772268,0.97434336,0.01611035,0.024140403,0.041797936
../TrueNAS/nies_audio_recording/2024/ChirpArray/Akitsu/20241228_1300.wav,0.041414663,0.012888333,0.0035482123,0.005020976,0.024937391
../TrueNAS/nies_audio_recording/2024/ChirpArray/Akitsu/20241228_1310.wav,0.044523418,0.981117,0.01382504,0.020388335,0.041735686
../TrueNAS/nies_audio_recording/2024/ChirpArray/Akitsu/20241228_1400.wav,0.053512145,0.94638395,0.011065129,0.01171039,0.03291589
../TrueNAS/nies_audio_recording/2024/ChirpArray/Akitsu/20241228_1410.wav,0.029598132,0.03603726,0.0044940375,-0.0034889877,0.024533123
../TrueNAS/nies_audio_recording/2024/ChirpArray/Akitsu/20241228_1500.wav,0.03928175,0.8809305,0.0029350817,0.006343879,0.036361523
../TrueNAS/nies_audio_recording/2024/ChirpArray/Akitsu/20241228_1510.wav,0.026596084,0.19468114,0.0018512048,0.0071584135,0.018557295
../TrueNAS/nies_audio_recording/2024/ChirpArray/Akitsu/20241228_1600.wav,0.030161738,0.10583373,-0.0023222007,0.008113772,0.022527248
../TrueNAS/nies_audio_recording/2024/ChirpArray/Akitsu/20241228_1610.wav,0.020255335,0.008647107,-0.005391028,0.012197569,0.016723245
../TrueNAS/nies_audio_recording/2024/ChirpArray/Akitsu/20241228_1700.wav,0.02369127,0.0010875463,-0.008936487,0.005371645,0.016256325
../TrueNAS/nies_audio_recording/2024/ChirpArray/Akitsu/20241228_1710.wav,0.026592925,0.013421828,-0.0082936995,0.006620355,0.018894449
../TrueNAS/nies_audio_recording/2024/ChirpArray/Akitsu/20241228_1800.wav,0.01213076,0.0042205304,-0.008906089,0.009619296,0.006743051
../TrueNAS/nies_audio_recording/2024/ChirpArray/Akitsu/20241228_1810.wav,0.011746548,0.0015822947,-0.0077465773,0.009861067,0.011172358
../TrueNAS/nies_audio_recording/2024/ChirpArray/Akitsu/20241228_1900.wav,0.014033273,0.00082581677,-0.0086785145,0.01087752,0.0070844814
../TrueNAS/nies_audio_recording/2024/ChirpArray/Akitsu/20241228_1910.wav,0.010821633,0.0005312823,-0.009430524,0.008932024,0.008233018
../TrueNAS/nies_audio_recording/2024/ChirpArray/Akitsu/20241228_2000.wav,0.01766619,0.0013793074,-0.008469623,0.009100795,0.019458517
../TrueNAS/nies_audio_recording/2024/ChirpArray/Akitsu/20241228_2010.wav,0.011486232,0.0011342093,-0.00813733,0.008529112,0.006691374
../TrueNAS/nies_audio_recording/2024/ChirpArray/Akitsu/20241228_2100.wav,0.015809968,0.0036027264,-0.006146468,0.013410993,0.0085944235
../TrueNAS/nies_audio_recording/2024/ChirpArray/Akitsu/20241228_2110.wav,0.024285108,0.006081376,-0.005306598,0.009718373,0.03600824
../TrueNAS/nies_audio_recording/2024/ChirpArray/Akitsu/20241228_2202.wav,0.010668315,0.002426995,-0.004492622,0.013053358,0.006474532
../TrueNAS/nies_audio_recording/2024/ChirpArray/Akitsu/20241228_2210.wav,0.014494717,-0.0016517956,-0.00848775,0.0145107955,0.012640547
../TrueNAS/nies_audio_recording/2024/ChirpArray/Akitsu/20241228_2300.wav,0.023431279,-0.0028721336,-0.006232016,0.009141356,0.017412364
../TrueNAS/nies_audio_recording/2024/ChirpArray/Akitsu/20241228_2310.wav,0.01777675,0.0017139204,-0.0070217513,0.011994481,0.014087126
../TrueNAS/nies_audio_recording/2024/ChirpArray/Akitsu/20241229_0000.wav,0.012193479,0.0011547916,-0.006745804,0.010954507,0.008673914
../TrueNAS/nies_audio_recording/2024/ChirpArray/Akitsu/20241229_0100.wav,0.015691228,7.7618286e-05,-0.0063056946,0.012957551,0.00935147
../TrueNAS/nies_audio_recording/2024/ChirpArray/Akitsu/20241229_0110.wav,0.0131644085,0.0004948713,-0.0065015666,0.012258522,0.008320741
../TrueNAS/nies_audio_recording/2024/ChirpArray/Akitsu/20241229_0200.wav,0.018542953,0.0003555566,-0.0041883476,0.013592012,0.0145583525
../TrueNAS/nies_audio_recording/2024/ChirpArray/Akitsu/20241229_0210.wav,0.013281897,0.0012364164,-0.007898714,0.012869768,0.009001225
../TrueNAS/nies_audio_recording/2024/ChirpArray/Akitsu/20241229_0300.wav,0.016605958,-0.0012076348,-0.0049425326,0.01460021,0.010826256
../TrueNAS/nies_audio_recording/2024/ChirpArray/Akitsu/20241229_0310.wav,0.012574054,-0.0003034249,-0.0046944246,0.013217866,0.01091145
../TrueNAS/nies_audio_recording/2024/ChirpArray/Akitsu/20241229_0404.wav,0.018958159,0.0036001224,-0.0023252778,0.010645002,0.0149463415
../TrueNAS/nies_audio_recording/2024/ChirpArray/Akitsu/20241229_0410.wav,0.018690825,-0.0019107517,-0.0032746308,0.016614802,0.01999019
../TrueNAS/nies_audio_recording/2024/ChirpArray/Akitsu/20241229_0500.wav,0.025733523,0.0010123104,0.0018320829,0.016675733,0.02087742
../TrueNAS/nies_audio_recording/2024/ChirpArray/Akitsu/20241229_0510.wav,0.019677103,-0.0011335202,-0.0051010735,0.015835643,0.021624252
../TrueNAS/nies_audio_recording/2024/ChirpArray/Akitsu/20241229_0601.wav,0.027965337,0.0011553504,-0.0030031055,0.020360515,0.02057837
../TrueNAS/nies_audio_recording/2024/ChirpArray/Akitsu/20241229_0610.wav,0.024012946,0.0003081225,-0.0022629611,0.016185895,0.019317925
../TrueNAS/nies_audio_recording/2024/ChirpArray/Akitsu/20241229_0700.wav,0.014393859,0.0044148862,0.00082599,0.015027612,0.014106162
../TrueNAS/nies_audio_recording/2024/ChirpArray/Akitsu/20241229_0710.wav,0.01081232,0.0025793333,-0.0028776042,0.009427354,0.004612956
../TrueNAS/nies_audio_recording/2024/ChirpArray/Akitsu/20241229_0800.wav,0.028432049,0.44223315,-0.00091136247,0.017327443,0.028528243
../TrueNAS/nies_audio_recording/2024/ChirpArray/Akitsu/20241229_0810.wav,0.028429061,0.1727929,-0.005017597,0.015496373,0.026282847
../TrueNAS/nies_audio_recording/2024/ChirpArray/Akitsu/20241229_0900.wav,0.025326483,0.106331766,-0.007012926,0.012097612,0.01821354
../TrueNAS/nies_audio_recording/2024/ChirpArray/Akitsu/20241229_0911.wav,0.020665769,0.015566997,-0.0061234273,0.011970639,0.014218401
../TrueNAS/nies_audio_recording/2024/ChirpArray/Akitsu/20241229_1000.wav,0.059704665,0.9488422,0.012833659,0.008622453,0.021870188
../TrueNAS/nies_audio_recording/2024/ChirpArray/Akitsu/20241229_1010.wav,0.030408759,0.01048165,0.005455125,0.017080016,0.052926295
../TrueNAS/nies_audio_recording/2024/ChirpArray/Akitsu/20241229_1100.wav,0.044915956,0.11246236,0.0071904734,0.014527924,0.033102304
../TrueNAS/nies_audio_recording/2024/ChirpArray/Akitsu/20241229_1110.wav,0.046288732,0.123630725,-0.0060259253,0.011816576,0.028124109
../TrueNAS/nies_audio_recording/2024/ChirpArray/Akitsu/20241229_1200.wav,0.028070137,0.006264748,-0.005241424,0.0100156665,0.033365488
../TrueNAS/nies_audio_recording/2024/ChirpArray/Akitsu/20241229_1210.wav,0.09411047,0.26134658,0.0024585687,0.023787186,0.03709685
../TrueNAS/nies_audio_recording/2024/ChirpArray/Akitsu/20241229_1300.wav,0.05059374,0.96518457,0.0053514875,0.02665022,0.01726307
../TrueNAS/nies_audio_recording/2024/ChirpArray/Akitsu/20241229_1310.wav,0.04387828,0.81283945,0.008174051,0.017431766,0.02202668
../TrueNAS/nies_audio_recording/2024/ChirpArray/Akitsu/20241229_1400.wav,0.026031584,0.0063004177,-0.0005871989,0.012202866,0.036478236
../TrueNAS/nies_audio_recording/2024/ChirpArray/Akitsu/20241229_1410.wav,0.023841448,0.0042652395,-0.009354681,0.011578098,0.018358096
../TrueNAS/nies_audio_recording/2024/ChirpArray/Akitsu/20241229_1500.wav,0.011520617,0.00049908087,-0.009050146,0.010073267,0.006514117
../TrueNAS/nies_audio_recording/2024/ChirpArray/Akitsu/20241229_1511.wav,0.043819197,0.8777947,-0.008595083,0.007015787,0.021816313
../TrueNAS/nies_audio_recording/2024/ChirpArray/Akitsu/20241229_1600.wav,0.022716798,0.003725307,-0.0014548041,0.010890052,0.022376329
../TrueNAS/nies_audio_recording/2024/ChirpArray/Akitsu/20241229_1610.wav,0.023685344,0.005109314,-0.0051251724,0.01430881,0.01755485
../TrueNAS/nies_audio_recording/2024/ChirpArray/Akitsu/20241229_1700.wav,0.016095184,3.2622367e-05,-0.011046413,0.002550006,0.01073892
../TrueNAS/nies_audio_recording/2024/ChirpArray/Akitsu/20241229_1710.wav,0.014891043,-0.001984708,-0.009445582,0.007942766,0.007512249
../TrueNAS/nies_audio_recording/2024/ChirpArray/Akitsu/20241229_1800.wav,0.011712164,0.00013172999,-0.008473784,0.005262941,0.022186406
../TrueNAS/nies_audio_recording/2024/ChirpArray/Akitsu/20241229_1810.wav,0.014423206,-0.0004866831,-0.008649629,0.0102023035,0.010789961
../TrueNAS/nies_audio_recording/2024/ChirpArray/Akitsu/20241229_1900.wav,0.01945293,0.0005522277,-0.0074238777,0.0061416477,0.009774316
../TrueNAS/nies_audio_recording/2024/ChirpArray/Akitsu/20241229_1910.wav,0.016377136,0.00078033283,-0.010463942,0.0080659315,0.01137992
../TrueNAS/nies_audio_recording/2024/ChirpArray/Akitsu/20241229_2000.wav,0.011509314,0.0014563836,-0.007878173,0.01177907,0.007676497
../TrueNAS/nies_audio_recording/2024/ChirpArray/Akitsu/20241229_2010.wav,0.012373768,-0.0012444966,-0.010686092,0.007803589,0.0057489686
../TrueNAS/nies_audio_recording/2024/ChirpArray/Akitsu/20241229_2100.wav,0.012641288,0.023359163,-0.0077748224,0.011305869,0.0050603673
../TrueNAS/nies_audio_recording/2024/ChirpArray/Akitsu/20241229_2110.wav,0.011224292,0.003149135,-0.008846924,0.011682279,0.00583449
../TrueNAS/nies_audio_recording/2024/ChirpArray/Akitsu/20241229_2205.wav,0.009990886,0.0029758196,-0.009332646,0.0136624575,0.0056722052
../TrueNAS/nies_audio_recording/2024/ChirpArray/Akitsu/20241229_2215.wav,0.019956224,0.0023766514,-0.009780824,0.010907248,0.013510723
../TrueNAS/nies_audio_recording/2024/ChirpArray/Akitsu/20241229_2300.wav,0.0088363215,-0.001878554,-0.0068246946,0.007476121,0.009817403
../TrueNAS/nies_audio_recording/2024/ChirpArray/Akitsu/20241229_2310.wav,0.012758397,0.00029390678,-0.009113546,0.013191186,0.011904754
../TrueNAS/nies_audio_recording/2024/ChirpArray/Akitsu/20241230_0000.wav,0.007064484,-0.0030480474,-0.009378936,0.010739543,0.0056901053
../TrueNAS/nies_audio_recording/2024/ChirpArray/Akitsu/20241230_0100.wav,0.019130208,0.0016358197,-0.0053391345,0.00781665,0.013301134
../TrueNAS/nies_audio_recording/2024/ChirpArray/Akitsu/20241230_0110.wav,0.019636363,0.0013117641,-0.006906584,0.0108127,0.01572162
../TrueNAS/nies_audio_recording/2024/ChirpArray/Akitsu/20241230_0200.wav,0.017391391,8.299388e-05,-0.001972001,0.017749883,0.012099341
../TrueNAS/nies_audio_recording/2024/ChirpArray/Akitsu/20241230_0210.wav,0.015143402,0.0016763806,-0.007851258,0.009117693,0.0067567974
../TrueNAS/nies_audio_recording/2024/ChirpArray/Akitsu/20241230_0300.wav,0.015596665,0.005800776,-0.0054155514,0.011886388,0.0072457604
../TrueNAS/nies_audio_recording/2024/ChirpArray/Akitsu/20241230_0310.wav,0.023730218,0.0017346703,-0.0082824975,0.010390289,0.019947544
../TrueNAS/nies_audio_recording/2024/ChirpArray/Akitsu/20241230_0400.wav,0.022294559,-0.00048648566,-0.00796834,0.014147595,0.016409576
../TrueNAS/nies_audio_recording/2024/ChirpArray/Akitsu/20241230_0410.wav,0.014477901,0.0008722618,-0.005819306,0.013308138,0.01937364
../TrueNAS/nies_audio_recording/2024/ChirpArray/Akitsu/20241230_0500.wav,0.017828703,0.00080259517,-0.0091299005,0.008362845,0.010929052
../TrueNAS/nies_audio_recording/2024/ChirpArray/Akitsu/20241230_0514.wav,0.017916322,-0.0006682016,-0.0058520697,0.017178558,0.011377864
../TrueNAS/nies_audio_recording/2024/ChirpArray/Akitsu/20241230_0600.wav,0.013669021,-0.00083395094,-0.0029822849,0.016144887,0.0076817162
../TrueNAS/nies_audio_recording/2024/ChirpArray/Akitsu/20241230_0610.wav,0.015474357,0.0009860694,-0.0059947036,0.013962992,0.009298883
../TrueNAS/nies_audio_recording/2024/ChirpArray/Akitsu/20241230_0700.wav,0.014746062,-0.0013580155,-0.002986122,0.012490533,0.009320486
../TrueNAS/nies_audio_recording/2024/ChirpArray/Akitsu/20241230_0710.wav,0.015518196,-0.00039040297,-0.0018844865,0.018518224,0.012661032
../TrueNAS/nies_audio_recording/2024/ChirpArray/Akitsu/20241230_0800.wav,0.05753845,0.9335372,0.016283918,0.04803997,0.028977923
../TrueNAS/nies_audio_recording/2024/ChirpArray/Akitsu/20241230_0810.wav,0.035205763,0.12671956,-0.0022921525,0.014878772,0.03698428
../TrueNAS/nies_audio_recording/2024/ChirpArray/Akitsu/20241230_0900.wav,0.025174595,0.10826433,-0.0019588023,0.016298622,0.02135171
../TrueNAS/nies_audio_recording/2024/ChirpArray/Akitsu/20241230_0910.wav,0.01931163,0.027958248,-0.005895678,0.0058800355,0.016994223
../TrueNAS/nies_audio_recording/2024/ChirpArray/Akitsu/20241230_1000.wav,0.030763,0.38126975,-0.0028748922,0.006585479,0.025032982
../TrueNAS/nies_audio_recording/2024/ChirpArray/Akitsu/20241230_1010.wav,0.033122912,0.5983262,0.0057462156,0.01659292,0.050019547
../TrueNAS/nies_audio_recording/2024/ChirpArray/Akitsu/20241230_1100.wav,0.032571275,0.8257759,0.00010951236,0.014451489,0.04647903
../TrueNAS/nies_audio_recording/2024/ChirpArray/Akitsu/20241230_1110.wav,0.0412089,0.57110983,-0.0005717501,0.019853115,0.0266601
../TrueNAS/nies_audio_recording/2024/ChirpArray/Akitsu/20241230_1200.wav,0.042991485,0.96208996,-0.0018320717,0.014732309,0.027904242
../TrueNAS/nies_audio_recording/2024/ChirpArray/Akitsu/20241230_1210.wav,0.055375867,0.9293515,0.0067950003,0.024853162,0.04210183
../TrueNAS/nies_audio_recording/2024/ChirpArray/Akitsu/20241230_1300.wav,0.039114848,0.45198143,-0.0049012154,0.009662785,0.03140092
../TrueNAS/nies_audio_recording/2024/ChirpArray/Akitsu/20241230_1310.wav,0.031343076,0.87295663,0.012986507,0.026887223,0.45894405
../TrueNAS/nies_audio_recording/2024/ChirpArray/Akitsu/20241230_1400.wav,0.042890877,0.22947204,-0.00058908015,0.023749627,0.033472687
../TrueNAS/nies_audio_recording/2024/ChirpArray/Akitsu/20241230_1410.wav,0.035060324,0.9190412,0.0019146912,0.01164791,0.12933639
../TrueNAS/nies_audio_recording/2024/ChirpArray/Akitsu/20241230_1500.wav,0.0312206,0.23219703,-0.0042350367,0.013298593,0.025217138
../TrueNAS/nies_audio_recording/2024/ChirpArray/Akitsu/20241230_1510.wav,0.03924299,0.6615359,-0.0030570626,0.01153101,0.035266876
../TrueNAS/nies_audio_recording/2024/ChirpArray/Akitsu/20241230_1600.wav,0.039251655,0.87283164,0.00024349615,0.0115062,0.08279589
../TrueNAS/nies_audio_recording/2024/ChirpArray/Akitsu/20241230_1610.wav,0.05854136,0.92147845,0.023132946,0.029981747,0.032596037
../TrueNAS/nies_audio_recording/2024/ChirpArray/Akitsu/20241230_1700.wav,0.019510746,0.0013620667,-0.0050113425,0.009311765,0.0071474537
../TrueNAS/nies_audio_recording/2024/ChirpArray/Akitsu/20241230_1710.wav,0.022657484,0.00063858554,-0.0067886896,0.007852107,0.016591147
../TrueNAS/nies_audio_recording/2024/ChirpArray/Akitsu/20241230_1802.wav,0.014568895,0.003490124,-0.005418554,0.009608813,0.006418295
../TrueNAS/nies_audio_recording/2024/ChirpArray/Akitsu/20241230_1810.wav,0.012149893,0.0021292735,-0.005620409,0.009618744,0.004541021
../TrueNAS/nies_audio_recording/2024/ChirpArray/Akitsu/20241230_1900.wav,0.015428454,0.0024130754,-0.00517587,0.008036524,0.0071967468
../TrueNAS/nies_audio_recording/2024/ChirpArray/Akitsu/20241230_1910.wav,0.011397213,0.0016171932,-0.0019314997,0.016103618,0.004730828
../TrueNAS/nies_audio_recording/2024/ChirpArray/Akitsu/20241230_2000.wav,0.011627421,0.0017502774,-0.00700669,0.009587564,0.0026301593
../TrueNAS/nies_audio_recording/2024/ChirpArray/Akitsu/20241230_2012.wav,0.016725779,0.005543057,-0.004331019,0.011960588,0.0042928234
../TrueNAS/nies_audio_recording/2024/ChirpArray/Akitsu/20241230_2100.wav,0.015261814,0.0007371586,-0.004758578,0.012644872,0.008096136
../TrueNAS/nies_audio_recording/2024/ChirpArray/Akitsu/20241230_2110.wav,0.012960553,0.0036549158,-0.006503936,0.010087028,0.007842347
../TrueNAS/nies_audio_recording/2024/ChirpArray/Akitsu/20241230_2200.wav,0.013385668,-0.00021831319,-0.0063149184,0.011875309,0.0071819723
../TrueNAS/nies_audio_recording/2024/ChirpArray/Akitsu/20241230_2214.wav,0.0099015385,0.0024626106,-0.004945699,0.017192617,0.007910341
../TrueNAS/nies_audio_recording/2024/ChirpArray/Akitsu/20241230_2300.wav,0.012773782,0.002194034,-0.0057726763,0.010756396,0.0070154704
../TrueNAS/nies_audio_recording/2024/ChirpArray/Akitsu/20241230_2310.wav,0.0140510425,-0.0013018437,-0.0046126842,0.017110705,0.008358762
../TrueNAS/nies_audio_recording/2024/ChirpArray/Akitsu/20241231_0000.wav,0.017143808,-0.00046792068,-0.0035915598,0.020530894,0.0153408125
../TrueNAS/nies_audio_recording/2024/ChirpArray/Akitsu/20241231_0100.wav,0.014379285,-0.0005178265,-0.0076487325,0.013024248,0.011215977
../TrueNAS/nies_audio_recording/2024/ChirpArray/Akitsu/20241231_0110.wav,0.009530656,0.00022403337,-0.009641256,0.01303415,0.006078966
../TrueNAS/nies_audio_recording/2024/ChirpArray/Akitsu/20241231_0200.wav,0.013781942,0.0017782226,-0.008037239,0.011884391,0.009514563
../TrueNAS/nies_audio_recording/2024/ChirpArray/Akitsu/20241231_0210.wav,0.010631554,-0.0018976778,-0.008409727,0.019975089,0.0061157867
../TrueNAS/nies_audio_recording/2024/ChirpArray/Akitsu/20241231_0300.wav,0.0145852715,-0.0022031274,-0.007846635,0.0124626085,0.010228522
../TrueNAS/nies_audio_recording/2024/ChirpArray/Akitsu/20241231_0310.wav,0.016740464,-0.00097196177,-0.0077948086,0.016971089,0.011625636
../TrueNAS/nies_audio_recording/2024/ChirpArray/Akitsu/20241231_0400.wav,0.010077946,-0.00053927675,-0.008432638,0.013572857,0.006566379
../TrueNAS/nies_audio_recording/2024/ChirpArray/Akitsu/20241231_0410.wav,0.0155661255,-0.00014710799,-0.007660985,0.013982303,0.008428447
../TrueNAS/nies_audio_recording/2024/ChirpArray/Akitsu/20241231_0500.wav,0.011057287,-0.0020427275,-0.006510608,0.013479538,0.0066785105
../TrueNAS/nies_audio_recording/2024/ChirpArray/Akitsu/20241231_0510.wav,0.011373229,-0.002686616,-0.004883323,0.015980124,0.007598415
../TrueNAS/nies_audio_recording/2024/ChirpArray/Akitsu/20241231_0600.wav,0.011536203,0.004900202,-0.0044063553,0.0146823,0.00623969
../TrueNAS/nies_audio_recording/2024/ChirpArray/Akitsu/20241231_0610.wav,0.016474202,0.00032779574,-0.009597328,0.012034312,0.01132936
../TrueNAS/nies_audio_recording/2024/ChirpArray/Akitsu/20241231_0700.wav,0.024808414,0.030239096,-0.005396329,0.0102734715,0.020789057
../TrueNAS/nies_audio_recording/2024/ChirpArray/Akitsu/20241231_0710.wav,0.03581244,0.008495791,-0.0019741803,0.010358304,0.039219797
../TrueNAS/nies_audio_recording/2024/ChirpArray/Akitsu/20241231_0800.wav,0.027819395,0.0020549837,-0.007023152,0.014711738,0.019864917
../TrueNAS/nies_audio_recording/2024/ChirpArray/Akitsu/20241231_0810.wav,0.04879935,0.9575938,0.0110923685,0.020067781,0.031506747
../TrueNAS/nies_audio_recording/2024/ChirpArray/Akitsu/20241231_0900.wav,0.04512203,0.26270992,-9.096041e-05,0.016239189,0.028977565
../TrueNAS/nies_audio_recording/2024/ChirpArray/Akitsu/20241231_0910.wav,0.03993187,0.055930093,0.00012518838,0.009892561,0.034033597
../TrueNAS/nies_audio_recording/2024/ChirpArray/Akitsu/20241231_1000.wav,0.05573704,0.9494498,0.024956208,0.03679026,0.80764866
../TrueNAS/nies_audio_recording/2024/ChirpArray/Akitsu/20241231_1010.wav,0.05894645,0.6008659,0.023839694,0.029775687,0.7941834
../TrueNAS/nies_audio_recording/2024/ChirpArray/Akitsu/20241231_1100.wav,0.043645382,0.121785596,0.013343219,0.020780116,0.039916053
../TrueNAS/nies_audio_recording/2024/ChirpArray/Akitsu/20241231_1110.wav,0.046829376,0.91271335,-0.0005826205,0.018757358,0.024331264
../TrueNAS/nies_audio_recording/2024/ChirpArray/Akitsu/20241231_1200.wav,0.048094295,0.85919464,0.0017177053,0.025518179,0.03199455
../TrueNAS/nies_audio_recording/2024/ChirpArray/Akitsu/20241231_1210.wav,0.030790843,0.74078304,0.0065795444,0.020986818,0.038229898
../TrueNAS/nies_audio_recording/2024/ChirpArray/Akitsu/20241231_1300.wav,0.051374342,0.7008515,0.0018133931,0.02262538,0.020615973
../TrueNAS/nies_audio_recording/2024/ChirpArray/Akitsu/20241231_1310.wav,0.043810487,0.483172,-0.000219699,0.019501925,0.03418886
../TrueNAS/nies_audio_recording/2024/ChirpArray/Akitsu/20241231_1400.wav,0.044139452,0.26543337,0.0063977763,0.016716667,0.03390041
../TrueNAS/nies_audio_recording/2024/ChirpArray/Akitsu/20241231_1410.wav,0.04001026,0.90559787,0.0044968277,0.020602912,0.3822035
